PO_HEADER_ID,SEGMENT1,VENDOR_ID,PRC_BU,BUYER,PAYMENT_TERMS,CREATION_DATE,CREATED_BY
500001,PO100001,9020,AD_HQ,BUYER.PRIYA,NET 30,2026-02-19 12:33:49,BUYER.PRIYA
500002,PO100002,9018,AD_FACILITIES,BUYER.SARA,NET 30,2026-04-14 10:56:51,BUYER.SARA
500003,PO100003,9004,AD_HQ,BUYER.OMAR,NET 60,2025-08-13 09:56:22,BUYER.OMAR
500004,PO100004,9005,AD_HQ,BUYER.SARA,NET 45,2026-05-05 08:33:26,SYS_PRC_AUTOCREATE
500005,PO100005,9017,AD_FACILITIES,BUYER.OMAR,NET 30,2026-06-08 16:07:50,SYS_PRC_AUTOCREATE
500006,PO100006,9004,AD_FACILITIES,BUYER.PRIYA,NET 60,2025-01-13 11:29:42,SYS_PRC_AUTOCREATE
500007,PO100007,9007,AD_HQ,BUYER.PRIYA,NET 30,2025-11-10 09:51:50,BUYER.PRIYA
500008,PO100008,9007,AD_OPERATIONS,BUYER.SARA,NET 30,2025-03-18 09:22:29,BUYER.SARA
500009,PO100009,9019,AD_HQ,BUYER.SARA,NET 30,2025-05-12 10:21:24,SYS_PRC_AUTOCREATE
500010,PO100010,9008,AD_OPERATIONS,BUYER.PRIYA,NET 30,2025-03-25 16:23:12,SYS_PRC_AUTOCREATE
500011,PO100011,9006,AD_HQ,BUYER.JAMES,NET 30,2025-03-05 08:48:28,SYS_PRC_AUTOCREATE
500012,PO100012,9002,AD_HQ,BUYER.SARA,NET 30,2024-11-22 10:57:01,BUYER.SARA
500013,PO100013,9012,AD_OPERATIONS,BUYER.PRIYA,NET 60,2026-03-03 09:42:09,BUYER.PRIYA
500014,PO100014,9018,AD_HQ,BUYER.SARA,NET 30,2026-03-31 08:16:53,BUYER.SARA
500015,PO100015,9006,AD_HQ,BUYER.JAMES,NET 30,2026-02-19 13:02:56,BUYER.JAMES
500016,PO100016,9001,AD_FACILITIES,BUYER.OMAR,NET 60,2026-05-25 09:11:44,BUYER.OMAR
500017,PO100017,9008,AD_FACILITIES,BUYER.SARA,NET 30,2025-03-14 08:17:02,BUYER.SARA
500018,PO100018,9017,AD_OPERATIONS,BUYER.SARA,NET 30,2026-04-17 09:12:08,BUYER.SARA
500019,PO100019,9015,AD_FACILITIES,BUYER.OMAR,NET 60,2025-03-24 09:49:53,BUYER.OMAR
500020,PO100020,9008,AD_HQ,BUYER.JAMES,NET 30,2026-05-04 10:20:09,BUYER.JAMES
500021,PO100021,9007,AD_OPERATIONS,BUYER.JAMES,NET 30,2025-03-04 10:26:58,BUYER.JAMES
500022,PO100022,9010,AD_FACILITIES,BUYER.OMAR,NET 30,2025-09-12 10:38:09,SYS_PRC_AUTOCREATE
500023,PO100023,9002,AD_OPERATIONS,BUYER.SARA,NET 30,2025-09-25 08:11:40,SYS_PRC_AUTOCREATE
500024,PO100024,9007,AD_HQ,BUYER.PRIYA,NET 30,2026-04-02 15:08:58,SYS_PRC_AUTOCREATE
500025,PO100025,9005,AD_HQ,BUYER.JAMES,NET 45,2025-11-11 16:17:15,SYS_PRC_AUTOCREATE
500026,PO100026,9009,AD_OPERATIONS,BUYER.JAMES,NET 60,2026-06-30 10:05:48,BUYER.JAMES
500027,PO100027,9019,AD_HQ,BUYER.SARA,NET 30,2025-10-16 08:52:12,BUYER.SARA
500028,PO100028,9008,AD_HQ,BUYER.PRIYA,NET 30,2025-08-01 10:34:05,BUYER.PRIYA
500029,PO100029,9013,AD_OPERATIONS,BUYER.JAMES,NET 60,2026-06-12 09:47:09,BUYER.JAMES
500030,PO100030,9015,AD_FACILITIES,BUYER.OMAR,NET 60,2025-10-20 09:44:37,BUYER.OMAR
500031,PO100031,9015,AD_HQ,BUYER.OMAR,NET 60,2026-04-17 09:10:08,BUYER.OMAR
500032,PO100032,9007,AD_OPERATIONS,BUYER.PRIYA,NET 30,2025-12-29 09:29:49,BUYER.PRIYA
500034,PO100034,9020,AD_FACILITIES,BUYER.PRIYA,NET 30,2026-04-24 08:02:09,BUYER.PRIYA
500035,PO100035,9001,AD_FACILITIES,BUYER.PRIYA,NET 60,2026-08-31 10:58:46,BUYER.PRIYA
500036,PO100036,9016,AD_FACILITIES,BUYER.SARA,NET 45,2026-08-03 10:17:37,BUYER.SARA
500037,PO100037,9014,AD_HQ,BUYER.OMAR,NET 30,2025-07-14 11:37:09,BUYER.OMAR
500038,PO100038,9013,AD_HQ,BUYER.OMAR,NET 60,2026-08-18 09:23:24,BUYER.OMAR
500039,PO100039,9007,AD_OPERATIONS,BUYER.OMAR,NET 30,2024-11-28 13:24:03,BUYER.OMAR
500041,PO100041,9017,AD_HQ,BUYER.OMAR,NET 30,2025-11-07 09:54:30,BUYER.OMAR
500042,PO100042,9016,AD_FACILITIES,BUYER.SARA,NET 45,2025-04-24 08:50:03,BUYER.SARA
500043,PO100043,9017,AD_HQ,BUYER.SARA,NET 30,2025-04-02 13:32:47,BUYER.SARA
500044,PO100044,9003,AD_FACILITIES,BUYER.OMAR,NET 30,2025-11-13 09:01:17,BUYER.OMAR
500045,PO100045,9018,AD_OPERATIONS,BUYER.SARA,NET 30,2025-07-07 17:01:23,SYS_PRC_AUTOCREATE
500046,PO100046,9010,AD_OPERATIONS,BUYER.PRIYA,NET 30,2026-04-27 09:43:56,BUYER.PRIYA
500047,PO100047,9001,AD_OPERATIONS,BUYER.JAMES,NET 60,2025-10-10 10:54:05,BUYER.JAMES
500048,PO100048,9012,AD_FACILITIES,BUYER.SARA,NET 60,2025-04-10 08:15:06,SYS_PRC_AUTOCREATE
500049,PO100049,9014,AD_FACILITIES,BUYER.JAMES,NET 30,2025-11-13 12:36:34,BUYER.JAMES
500050,PO100050,9012,AD_HQ,BUYER.PRIYA,NET 60,2025-05-02 09:31:53,SYS_PRC_AUTOCREATE
500051,PO100051,9002,AD_OPERATIONS,BUYER.PRIYA,NET 30,2026-05-26 17:40:52,BUYER.PRIYA
500052,PO100052,9014,AD_FACILITIES,BUYER.JAMES,NET 30,2026-07-08 14:21:05,BUYER.JAMES
500053,PO100053,9003,AD_HQ,BUYER.SARA,NET 30,2024-11-18 10:20:43,SYS_PRC_AUTOCREATE
500054,PO100054,9017,AD_OPERATIONS,BUYER.PRIYA,NET 30,2025-11-25 09:17:01,BUYER.PRIYA
500055,PO100055,9007,AD_OPERATIONS,BUYER.SARA,NET 30,2025-01-27 10:58:35,BUYER.SARA
500057,PO100057,9002,AD_HQ,BUYER.OMAR,NET 30,2025-04-09 09:31:41,SYS_PRC_AUTOCREATE
500058,PO100058,9008,AD_FACILITIES,BUYER.OMAR,NET 30,2024-12-09 14:16:25,SYS_PRC_AUTOCREATE
500059,PO100059,9008,AD_HQ,BUYER.OMAR,NET 30,2026-07-27 13:29:08,SYS_PRC_AUTOCREATE
500060,PO100060,9019,AD_FACILITIES,BUYER.JAMES,NET 30,2025-05-27 10:36:17,BUYER.JAMES
500061,PO100061,9007,AD_HQ,BUYER.PRIYA,NET 30,2025-10-27 09:59:27,BUYER.PRIYA
500062,PO100062,9020,AD_FACILITIES,BUYER.PRIYA,NET 30,2026-09-11 10:39:30,BUYER.PRIYA
500063,PO100063,9008,AD_OPERATIONS,BUYER.JAMES,NET 30,2026-07-13 10:43:59,BUYER.JAMES
500064,PO100064,9007,AD_HQ,BUYER.PRIYA,NET 30,2025-10-03 08:17:38,BUYER.PRIYA
500065,PO100065,9020,AD_OPERATIONS,BUYER.PRIYA,NET 30,2026-09-14 09:25:03,SYS_PRC_AUTOCREATE
500066,PO100066,9009,AD_OPERATIONS,BUYER.PRIYA,NET 60,2024-11-14 08:36:09,SYS_PRC_AUTOCREATE
500067,PO100067,9002,AD_HQ,BUYER.JAMES,NET 30,2025-10-13 09:56:41,BUYER.JAMES
500068,PO100068,9007,AD_HQ,BUYER.SARA,NET 30,2026-08-31 16:31:52,BUYER.SARA
500069,PO100069,9005,AD_HQ,BUYER.JAMES,NET 45,2026-07-16 15:11:18,SYS_PRC_AUTOCREATE
500070,PO100070,9013,AD_FACILITIES,BUYER.OMAR,NET 60,2024-12-04 14:11:36,BUYER.OMAR
500071,PO100071,9020,AD_HQ,BUYER.OMAR,NET 30,2026-06-04 10:47:26,SYS_PRC_AUTOCREATE
500072,PO100072,9007,AD_FACILITIES,BUYER.OMAR,NET 30,2026-02-10 16:21:10,SYS_PRC_AUTOCREATE
500073,PO100073,9009,AD_HQ,BUYER.PRIYA,NET 60,2026-07-17 16:36:39,SYS_PRC_AUTOCREATE
500074,PO100074,9001,AD_FACILITIES,BUYER.SARA,NET 60,2026-07-16 17:59:35,SYS_PRC_AUTOCREATE
500075,PO100075,9020,AD_FACILITIES,BUYER.SARA,NET 30,2025-08-15 08:36:07,BUYER.SARA
500076,PO100076,9016,AD_FACILITIES,BUYER.JAMES,NET 45,2025-02-20 10:46:01,SYS_PRC_AUTOCREATE
500077,PO100077,9017,AD_OPERATIONS,BUYER.PRIYA,NET 30,2026-01-21 14:16:05,BUYER.PRIYA
500078,PO100078,9020,AD_OPERATIONS,BUYER.PRIYA,NET 30,2025-08-27 09:13:38,BUYER.PRIYA
500079,PO100079,9005,AD_OPERATIONS,BUYER.PRIYA,NET 45,2026-03-06 10:32:41,BUYER.PRIYA
500080,PO100080,9014,AD_FACILITIES,BUYER.SARA,NET 30,2026-01-16 09:47:07,SYS_PRC_AUTOCREATE
500081,PO100081,9020,AD_OPERATIONS,BUYER.PRIYA,NET 30,2025-08-21 10:45:38,SYS_PRC_AUTOCREATE
500082,PO100082,9015,AD_OPERATIONS,BUYER.JAMES,NET 60,2025-03-17 10:47:24,BUYER.JAMES
500083,PO100083,9004,AD_HQ,BUYER.PRIYA,NET 60,2024-10-14 10:48:42,SYS_PRC_AUTOCREATE
500084,PO100084,9004,AD_HQ,BUYER.JAMES,NET 60,2025-12-12 13:44:49,BUYER.JAMES
500086,PO100086,9015,AD_FACILITIES,BUYER.SARA,NET 60,2024-10-24 10:34:22,SYS_PRC_AUTOCREATE
500087,PO100087,9009,AD_FACILITIES,BUYER.JAMES,NET 60,2025-07-25 10:28:56,BUYER.JAMES
500088,PO100088,9017,AD_FACILITIES,BUYER.JAMES,NET 30,2025-01-24 08:10:18,BUYER.JAMES
500089,PO100089,9002,AD_HQ,BUYER.JAMES,NET 30,2025-05-05 10:32:04,SYS_PRC_AUTOCREATE
500090,PO100090,9008,AD_HQ,BUYER.JAMES,NET 30,2025-03-03 09:31:34,BUYER.JAMES
500091,PO100091,9011,AD_OPERATIONS,BUYER.JAMES,NET 60,2025-11-13 10:09:33,SYS_PRC_AUTOCREATE
500092,PO100092,9003,AD_FACILITIES,BUYER.OMAR,NET 30,2025-01-20 13:45:35,BUYER.OMAR
500093,PO100093,9020,AD_HQ,BUYER.PRIYA,NET 30,2026-02-13 09:37:21,BUYER.PRIYA
500094,PO100094,9009,AD_HQ,BUYER.SARA,NET 60,2026-01-19 10:51:06,SYS_PRC_AUTOCREATE
500095,PO100095,9008,AD_FACILITIES,BUYER.PRIYA,NET 30,2026-04-15 14:23:14,BUYER.PRIYA
500096,PO100096,9010,AD_HQ,BUYER.SARA,NET 30,2026-04-13 09:20:16,BUYER.SARA
500097,PO100097,9020,AD_HQ,BUYER.OMAR,NET 30,2024-10-10 09:58:23,SYS_PRC_AUTOCREATE
500098,PO100098,9017,AD_FACILITIES,BUYER.SARA,NET 30,2026-06-04 17:11:58,BUYER.SARA
500099,PO100099,9019,AD_FACILITIES,BUYER.SARA,NET 30,2026-04-15 08:49:57,SYS_PRC_AUTOCREATE
500100,PO100100,9011,AD_OPERATIONS,BUYER.JAMES,NET 60,2024-10-16 08:47:36,SYS_PRC_AUTOCREATE
500101,PO100101,9020,AD_HQ,BUYER.OMAR,NET 30,2025-02-13 10:48:56,SYS_PRC_AUTOCREATE
500102,PO100102,9010,AD_OPERATIONS,BUYER.PRIYA,NET 30,2026-04-13 10:43:42,BUYER.PRIYA
500103,PO100103,9005,AD_FACILITIES,BUYER.PRIYA,NET 45,2025-01-15 12:10:13,BUYER.PRIYA
500104,PO100104,9005,AD_FACILITIES,BUYER.JAMES,NET 45,2024-12-02 09:51:06,SYS_PRC_AUTOCREATE
500105,PO100105,9005,AD_OPERATIONS,BUYER.OMAR,NET 45,2025-03-25 11:14:30,BUYER.OMAR
500106,PO100106,9004,AD_HQ,BUYER.JAMES,NET 60,2026-01-15 09:19:57,SYS_PRC_AUTOCREATE
500107,PO100107,9003,AD_OPERATIONS,BUYER.SARA,NET 30,2025-08-27 08:31:03,SYS_PRC_AUTOCREATE
500108,PO100108,9004,AD_HQ,BUYER.JAMES,NET 60,2026-04-30 10:08:03,BUYER.JAMES
500109,PO100109,9008,AD_OPERATIONS,BUYER.SARA,NET 30,2025-09-29 10:56:29,SYS_PRC_AUTOCREATE
500110,PO100110,9014,AD_HQ,BUYER.PRIYA,NET 30,2025-09-15 14:14:17,SYS_PRC_AUTOCREATE
500111,PO100111,9016,AD_HQ,BUYER.SARA,NET 45,2026-05-11 14:50:06,SYS_PRC_AUTOCREATE
500112,PO100112,9013,AD_FACILITIES,BUYER.OMAR,NET 60,2025-12-18 09:11:14,BUYER.OMAR
500113,PO100113,9006,AD_HQ,BUYER.SARA,NET 30,2026-06-24 11:39:42,SYS_PRC_AUTOCREATE
500114,PO100114,9005,AD_OPERATIONS,BUYER.JAMES,NET 45,2025-11-11 11:02:10,BUYER.JAMES
500115,PO100115,9003,AD_OPERATIONS,BUYER.SARA,NET 30,2026-07-27 08:56:03,SYS_PRC_AUTOCREATE
500116,PO100116,9010,AD_OPERATIONS,BUYER.SARA,NET 30,2026-01-14 10:01:53,BUYER.SARA
500117,PO100117,9006,AD_OPERATIONS,BUYER.SARA,NET 30,2025-03-14 11:22:12,BUYER.SARA
500118,PO100118,9019,AD_FACILITIES,BUYER.PRIYA,NET 30,2025-09-30 13:09:31,SYS_PRC_AUTOCREATE
500119,PO100119,9012,AD_HQ,BUYER.OMAR,NET 60,2025-09-22 09:07:51,SYS_PRC_AUTOCREATE
500120,PO100120,9017,AD_HQ,BUYER.SARA,NET 30,2025-04-10 15:51:33,BUYER.SARA
500121,PO100121,9003,AD_HQ,BUYER.JAMES,NET 30,2026-06-15 09:02:18,BUYER.JAMES
500122,PO100122,9014,AD_FACILITIES,BUYER.PRIYA,NET 30,2026-02-05 12:44:10,SYS_PRC_AUTOCREATE
500123,PO100123,9014,AD_FACILITIES,BUYER.OMAR,NET 30,2025-03-06 10:43:01,BUYER.OMAR
500124,PO100124,9003,AD_HQ,BUYER.JAMES,NET 30,2026-05-29 12:43:23,BUYER.JAMES
500125,PO100125,9013,AD_HQ,BUYER.SARA,NET 60,2025-02-03 12:35:06,SYS_PRC_AUTOCREATE
500126,PO100126,9012,AD_HQ,BUYER.JAMES,NET 60,2026-03-23 09:08:19,SYS_PRC_AUTOCREATE
500127,PO100127,9012,AD_HQ,BUYER.PRIYA,NET 60,2025-02-03 10:07:29,SYS_PRC_AUTOCREATE
500128,PO100128,9016,AD_HQ,BUYER.SARA,NET 45,2025-12-10 11:10:19,BUYER.SARA
500129,PO100129,9010,AD_OPERATIONS,BUYER.PRIYA,NET 30,2025-08-28 10:47:33,BUYER.PRIYA
500130,PO100130,9007,AD_HQ,BUYER.SARA,NET 30,2025-08-13 09:37:20,SYS_PRC_AUTOCREATE
500131,PO100131,9016,AD_FACILITIES,BUYER.JAMES,NET 45,2026-01-12 15:17:16,SYS_PRC_AUTOCREATE
500132,PO100132,9014,AD_HQ,BUYER.PRIYA,NET 30,2025-11-13 11:22:19,SYS_PRC_AUTOCREATE
500133,PO100133,9017,AD_HQ,BUYER.OMAR,NET 30,2026-04-30 12:41:26,SYS_PRC_AUTOCREATE
500134,PO100134,9010,AD_OPERATIONS,BUYER.OMAR,NET 30,2025-07-14 10:07:45,SYS_PRC_AUTOCREATE
500135,PO100135,9014,AD_FACILITIES,BUYER.JAMES,NET 30,2026-07-02 10:32:30,BUYER.JAMES
500136,PO100136,9020,AD_OPERATIONS,BUYER.SARA,NET 30,2026-01-05 08:45:41,SYS_PRC_AUTOCREATE
500137,PO100137,9006,AD_OPERATIONS,BUYER.PRIYA,NET 30,2025-05-09 16:36:16,BUYER.PRIYA
500138,PO100138,9016,AD_HQ,BUYER.PRIYA,NET 45,2025-07-03 10:32:22,BUYER.PRIYA
500139,PO100139,9012,AD_OPERATIONS,BUYER.JAMES,NET 60,2025-07-07 17:36:26,BUYER.JAMES
500140,PO100140,9001,AD_OPERATIONS,BUYER.JAMES,NET 60,2025-11-07 09:07:04,BUYER.JAMES
500141,PO100141,9004,AD_FACILITIES,BUYER.OMAR,NET 60,2024-11-25 08:43:38,BUYER.OMAR
500142,PO100142,9008,AD_OPERATIONS,BUYER.PRIYA,NET 30,2025-01-02 10:54:47,SYS_PRC_AUTOCREATE
500143,PO100143,9016,AD_HQ,BUYER.OMAR,NET 45,2026-03-17 08:40:26,BUYER.OMAR
500144,PO100144,9012,AD_FACILITIES,BUYER.JAMES,NET 60,2026-01-01 09:50:35,BUYER.JAMES
500145,PO100145,9006,AD_OPERATIONS,BUYER.SARA,NET 30,2025-10-14 12:05:08,BUYER.SARA
500146,PO100146,9016,AD_FACILITIES,BUYER.SARA,NET 45,2025-11-05 08:31:34,BUYER.SARA
500147,PO100147,9005,AD_HQ,BUYER.SARA,NET 45,2026-07-20 10:11:36,SYS_PRC_AUTOCREATE
500148,PO100148,9015,AD_FACILITIES,BUYER.SARA,NET 60,2025-08-22 10:52:31,BUYER.SARA
500149,PO100149,9002,AD_HQ,BUYER.OMAR,NET 30,2026-01-29 10:28:38,SYS_PRC_AUTOCREATE
500150,PO100150,9007,AD_FACILITIES,BUYER.SARA,NET 30,2026-05-06 08:51:22,BUYER.SARA
500151,PO100151,9009,AD_FACILITIES,BUYER.SARA,NET 60,2026-01-30 08:39:02,SYS_PRC_AUTOCREATE
500152,PO100152,9002,AD_HQ,BUYER.OMAR,NET 30,2024-12-11 08:17:37,BUYER.OMAR
500153,PO100153,9012,AD_HQ,BUYER.OMAR,NET 60,2026-08-31 09:47:59,SYS_PRC_AUTOCREATE
500154,PO100154,9018,AD_OPERATIONS,BUYER.JAMES,NET 30,2026-07-28 10:26:47,BUYER.JAMES
500155,PO100155,9012,AD_OPERATIONS,BUYER.PRIYA,NET 60,2025-06-17 09:01:56,BUYER.PRIYA
500156,PO100156,9016,AD_OPERATIONS,BUYER.JAMES,NET 45,2026-01-28 12:25:02,BUYER.JAMES
500157,PO100157,9020,AD_HQ,BUYER.PRIYA,NET 30,2025-05-20 10:36:23,BUYER.PRIYA
500158,PO100158,9007,AD_OPERATIONS,BUYER.SARA,NET 30,2026-04-23 12:36:20,BUYER.SARA
500159,PO100159,9001,AD_FACILITIES,BUYER.JAMES,NET 60,2026-02-13 10:50:48,BUYER.JAMES
500160,PO100160,9002,AD_FACILITIES,BUYER.SARA,NET 30,2026-06-09 10:09:53,BUYER.SARA
500161,PO100161,9017,AD_OPERATIONS,BUYER.PRIYA,NET 30,2025-11-07 12:05:16,SYS_PRC_AUTOCREATE
500162,PO100162,9010,AD_HQ,BUYER.SARA,NET 30,2025-08-04 14:12:56,BUYER.SARA
500163,PO100163,9012,AD_OPERATIONS,BUYER.SARA,NET 60,2025-06-19 10:16:23,SYS_PRC_AUTOCREATE
500164,PO100164,9014,AD_OPERATIONS,BUYER.PRIYA,NET 30,2026-02-27 08:40:05,SYS_PRC_AUTOCREATE
500165,PO100165,9005,AD_HQ,BUYER.JAMES,NET 45,2026-07-28 15:14:39,SYS_PRC_AUTOCREATE
500166,PO100166,9005,AD_HQ,BUYER.JAMES,NET 45,2026-06-26 08:34:43,BUYER.JAMES
500167,PO100167,9004,AD_OPERATIONS,BUYER.PRIYA,NET 60,2025-04-29 12:19:45,BUYER.PRIYA
500168,PO100168,9013,AD_FACILITIES,BUYER.SARA,NET 60,2025-04-15 10:11:28,BUYER.SARA
500169,PO100169,9004,AD_OPERATIONS,BUYER.OMAR,NET 60,2026-08-19 09:39:13,BUYER.OMAR
500170,PO100170,9011,AD_OPERATIONS,BUYER.SARA,NET 60,2025-11-07 17:09:46,BUYER.SARA
500171,PO100171,9005,AD_OPERATIONS,BUYER.JAMES,NET 45,2025-02-05 10:03:16,SYS_PRC_AUTOCREATE
500172,PO100172,9011,AD_HQ,BUYER.PRIYA,NET 60,2025-06-17 11:18:04,BUYER.PRIYA
500173,PO100173,9018,AD_HQ,BUYER.OMAR,NET 30,2025-08-27 13:18:41,SYS_PRC_AUTOCREATE
500174,PO100174,9007,AD_OPERATIONS,BUYER.OMAR,NET 30,2025-06-09 09:13:03,SYS_PRC_AUTOCREATE
500175,PO100175,9005,AD_FACILITIES,BUYER.JAMES,NET 45,2026-07-09 08:02:28,SYS_PRC_AUTOCREATE
500176,PO100176,9010,AD_OPERATIONS,BUYER.OMAR,NET 30,2025-06-16 17:34:33,BUYER.OMAR
500177,PO100177,9008,AD_OPERATIONS,BUYER.PRIYA,NET 30,2024-10-28 10:27:36,SYS_PRC_AUTOCREATE
500178,PO100178,9003,AD_FACILITIES,BUYER.JAMES,NET 30,2026-01-01 08:59:02,SYS_PRC_AUTOCREATE
500179,PO100179,9014,AD_FACILITIES,BUYER.OMAR,NET 30,2025-02-10 08:46:01,BUYER.OMAR
500180,PO100180,9003,AD_FACILITIES,BUYER.OMAR,NET 30,2025-05-22 12:40:03,BUYER.OMAR
500181,PO100181,9015,AD_HQ,BUYER.SARA,NET 60,2026-03-25 16:00:47,BUYER.SARA
500182,PO100182,9015,AD_OPERATIONS,BUYER.JAMES,NET 60,2025-06-20 12:11:57,SYS_PRC_AUTOCREATE
500183,PO100183,9020,AD_OPERATIONS,BUYER.JAMES,NET 30,2025-03-17 09:57:53,BUYER.JAMES
500184,PO100184,9001,AD_OPERATIONS,BUYER.OMAR,NET 60,2026-01-26 09:40:48,SYS_PRC_AUTOCREATE
500185,PO100185,9001,AD_HQ,BUYER.OMAR,NET 60,2026-05-18 09:37:24,BUYER.OMAR
500186,PO100186,9012,AD_OPERATIONS,BUYER.SARA,NET 60,2025-07-23 09:57:52,BUYER.SARA
500187,PO100187,9017,AD_FACILITIES,BUYER.JAMES,NET 30,2026-03-19 08:53:48,BUYER.JAMES
500188,PO100188,9001,AD_OPERATIONS,BUYER.OMAR,NET 60,2025-07-10 08:22:59,BUYER.OMAR
500189,PO100189,9016,AD_HQ,BUYER.SARA,NET 45,2026-04-10 11:16:27,SYS_PRC_AUTOCREATE
500190,PO100190,9003,AD_FACILITIES,BUYER.PRIYA,NET 30,2026-06-19 15:23:54,SYS_PRC_AUTOCREATE
500192,PO100192,9002,AD_HQ,BUYER.OMAR,NET 30,2025-08-06 13:18:24,SYS_PRC_AUTOCREATE
500193,PO100193,9008,AD_OPERATIONS,BUYER.SARA,NET 30,2026-08-07 10:06:06,SYS_PRC_AUTOCREATE
500194,PO100194,9009,AD_FACILITIES,BUYER.OMAR,NET 60,2026-05-20 09:47:04,BUYER.OMAR
500195,PO100195,9016,AD_OPERATIONS,BUYER.OMAR,NET 45,2025-01-20 09:37:56,BUYER.OMAR
500196,PO100196,9020,AD_OPERATIONS,BUYER.JAMES,NET 30,2025-05-08 15:04:04,BUYER.JAMES
500197,PO100197,9015,AD_FACILITIES,BUYER.JAMES,NET 60,2026-09-10 08:07:00,SYS_PRC_AUTOCREATE
500198,PO100198,9012,AD_HQ,BUYER.PRIYA,NET 60,2026-03-11 08:41:17,BUYER.PRIYA
500199,PO100199,9003,AD_HQ,BUYER.SARA,NET 30,2025-08-26 09:56:24,BUYER.SARA
500200,PO100200,9006,AD_OPERATIONS,BUYER.SARA,NET 30,2025-11-03 09:38:43,SYS_PRC_AUTOCREATE
500201,PO100201,9003,AD_OPERATIONS,BUYER.JAMES,NET 30,2025-01-27 11:15:12,SYS_PRC_AUTOCREATE
500202,PO100202,9005,AD_FACILITIES,BUYER.JAMES,NET 45,2025-02-19 10:17:30,BUYER.JAMES
500203,PO100203,9016,AD_HQ,BUYER.OMAR,NET 45,2026-05-25 10:50:24,BUYER.OMAR
500204,PO100204,9010,AD_OPERATIONS,BUYER.PRIYA,NET 30,2026-07-08 09:59:08,BUYER.PRIYA
500205,PO100205,9005,AD_HQ,BUYER.JAMES,NET 45,2025-04-09 08:32:59,BUYER.JAMES
500206,PO100206,9001,AD_OPERATIONS,BUYER.SARA,NET 60,2025-08-01 13:20:48,BUYER.SARA
500207,PO100207,9015,AD_HQ,BUYER.PRIYA,NET 60,2026-06-09 17:51:58,SYS_PRC_AUTOCREATE
500208,PO100208,9009,AD_HQ,BUYER.OMAR,NET 60,2025-11-24 10:49:36,SYS_PRC_AUTOCREATE
500209,PO100209,9016,AD_FACILITIES,BUYER.SARA,NET 45,2026-02-02 08:01:05,BUYER.SARA
500210,PO100210,9005,AD_HQ,BUYER.OMAR,NET 45,2025-07-21 09:27:49,SYS_PRC_AUTOCREATE
500211,PO100211,9011,AD_OPERATIONS,BUYER.PRIYA,NET 60,2026-06-23 14:52:55,BUYER.PRIYA
500212,PO100212,9010,AD_HQ,BUYER.OMAR,NET 30,2026-08-17 09:13:42,BUYER.OMAR
500213,PO100213,9020,AD_OPERATIONS,BUYER.SARA,NET 30,2025-11-12 08:47:38,BUYER.SARA
500214,PO100214,9013,AD_HQ,BUYER.SARA,NET 60,2025-04-22 09:18:38,SYS_PRC_AUTOCREATE
500215,PO100215,9020,AD_HQ,BUYER.PRIYA,NET 30,2026-08-31 09:04:33,BUYER.PRIYA
500216,PO100216,9011,AD_OPERATIONS,BUYER.JAMES,NET 60,2026-03-31 10:56:47,BUYER.JAMES
500217,PO100217,9017,AD_FACILITIES,BUYER.PRIYA,NET 30,2025-07-01 13:48:57,BUYER.PRIYA
500218,PO100218,9018,AD_FACILITIES,BUYER.JAMES,NET 30,2026-03-09 15:29:01,BUYER.JAMES
500219,PO100219,9014,AD_HQ,BUYER.JAMES,NET 30,2025-09-30 13:44:05,BUYER.JAMES
500220,PO100220,9019,AD_FACILITIES,BUYER.SARA,NET 30,2025-07-15 13:22:10,BUYER.SARA
500221,PO100221,9016,AD_FACILITIES,BUYER.JAMES,NET 45,2025-12-03 09:07:05,BUYER.JAMES
500222,PO100222,9011,AD_HQ,BUYER.OMAR,NET 60,2025-06-02 09:02:48,BUYER.OMAR
500223,PO100223,9019,AD_HQ,BUYER.SARA,NET 30,2025-07-11 09:11:17,SYS_PRC_AUTOCREATE
500224,PO100224,9003,AD_FACILITIES,BUYER.PRIYA,NET 30,2025-09-17 12:34:48,SYS_PRC_AUTOCREATE
500225,PO100225,9005,AD_OPERATIONS,BUYER.SARA,NET 45,2024-10-17 10:22:51,BUYER.SARA
500226,PO100226,9002,AD_OPERATIONS,BUYER.SARA,NET 30,2025-04-14 09:28:59,BUYER.SARA
500227,PO100227,9003,AD_OPERATIONS,BUYER.JAMES,NET 30,2025-02-24 10:09:24,BUYER.JAMES
500228,PO100228,9020,AD_FACILITIES,BUYER.SARA,NET 30,2026-03-26 10:55:36,BUYER.SARA
500229,PO100229,9019,AD_OPERATIONS,BUYER.SARA,NET 30,2026-01-26 10:26:03,BUYER.SARA
500230,PO100230,9018,AD_HQ,BUYER.JAMES,NET 30,2025-07-21 09:12:45,SYS_PRC_AUTOCREATE
500231,PO100231,9020,AD_FACILITIES,BUYER.JAMES,NET 30,2025-08-14 09:48:52,BUYER.JAMES
500232,PO100232,9017,AD_HQ,BUYER.OMAR,NET 30,2025-06-13 09:30:31,BUYER.OMAR
500233,PO100233,9003,AD_HQ,BUYER.JAMES,NET 30,2026-04-10 08:54:02,SYS_PRC_AUTOCREATE
500234,PO100234,9005,AD_HQ,BUYER.SARA,NET 45,2025-05-19 08:42:33,BUYER.SARA
500235,PO100235,9007,AD_FACILITIES,BUYER.PRIYA,NET 30,2025-10-21 08:38:59,SYS_PRC_AUTOCREATE
500236,PO100236,9018,AD_OPERATIONS,BUYER.PRIYA,NET 30,2025-04-11 08:27:46,BUYER.PRIYA
500237,PO100237,9004,AD_OPERATIONS,BUYER.PRIYA,NET 60,2025-02-07 08:41:08,BUYER.PRIYA
500238,PO100238,9015,AD_OPERATIONS,BUYER.PRIYA,NET 60,2025-06-19 15:30:28,SYS_PRC_AUTOCREATE
500239,PO100239,9016,AD_FACILITIES,BUYER.OMAR,NET 45,2025-12-16 08:23:47,BUYER.OMAR
500240,PO100240,9012,AD_FACILITIES,BUYER.SARA,NET 60,2025-11-13 08:32:37,SYS_PRC_AUTOCREATE
500241,PO100241,9003,AD_HQ,BUYER.JAMES,NET 30,2024-10-21 10:04:19,SYS_PRC_AUTOCREATE
500242,PO100242,9003,AD_FACILITIES,BUYER.PRIYA,NET 30,2025-03-17 16:35:45,BUYER.PRIYA
500243,PO100243,9015,AD_OPERATIONS,BUYER.PRIYA,NET 60,2025-07-08 12:07:13,SYS_PRC_AUTOCREATE
500244,PO100244,9012,AD_HQ,BUYER.JAMES,NET 60,2025-05-26 10:37:05,BUYER.JAMES
500245,PO100245,9011,AD_OPERATIONS,BUYER.JAMES,NET 60,2026-01-19 08:41:14,BUYER.JAMES
500246,PO100246,9010,AD_FACILITIES,BUYER.PRIYA,NET 30,2025-10-03 16:30:13,SYS_PRC_AUTOCREATE
500247,PO100247,9019,AD_HQ,BUYER.SARA,NET 30,2025-09-19 09:12:35,SYS_PRC_AUTOCREATE
500248,PO100248,9006,AD_OPERATIONS,BUYER.OMAR,NET 30,2025-01-08 08:19:59,BUYER.OMAR
500249,PO100249,9003,AD_HQ,BUYER.OMAR,NET 30,2025-04-18 09:34:43,SYS_PRC_AUTOCREATE
500250,PO100250,9012,AD_OPERATIONS,BUYER.PRIYA,NET 60,2025-06-11 08:44:48,BUYER.PRIYA
500251,PO100251,9011,AD_OPERATIONS,BUYER.OMAR,NET 60,2025-05-15 09:41:26,BUYER.OMAR
500252,PO100252,9004,AD_FACILITIES,BUYER.SARA,NET 60,2026-03-19 09:04:16,SYS_PRC_AUTOCREATE
500253,PO100253,9004,AD_FACILITIES,BUYER.SARA,NET 60,2026-05-06 08:30:14,BUYER.SARA
500254,PO100254,9002,AD_FACILITIES,BUYER.SARA,NET 30,2025-09-02 11:00:34,BUYER.SARA
500255,PO100255,9012,AD_HQ,BUYER.PRIYA,NET 60,2025-02-06 09:07:26,BUYER.PRIYA
500256,PO100256,9008,AD_FACILITIES,BUYER.OMAR,NET 30,2025-05-20 08:57:45,SYS_PRC_AUTOCREATE
500257,PO100257,9017,AD_HQ,BUYER.PRIYA,NET 30,2025-06-26 15:12:36,SYS_PRC_AUTOCREATE
500258,PO100258,9008,AD_OPERATIONS,BUYER.JAMES,NET 30,2024-11-20 09:52:37,BUYER.JAMES
500259,PO100259,9008,AD_HQ,BUYER.SARA,NET 30,2024-12-02 15:53:31,BUYER.SARA
500260,PO100260,9019,AD_HQ,BUYER.SARA,NET 30,2025-05-09 14:53:42,BUYER.SARA
500261,PO100261,9018,AD_HQ,BUYER.JAMES,NET 30,2025-03-10 08:42:28,BUYER.JAMES
500262,PO100262,9016,AD_HQ,BUYER.JAMES,NET 45,2025-01-30 13:03:53,BUYER.JAMES
500263,PO100263,9020,AD_HQ,BUYER.PRIYA,NET 30,2024-11-20 13:29:52,SYS_PRC_AUTOCREATE
500264,PO100264,9005,AD_HQ,BUYER.JAMES,NET 45,2026-07-23 09:52:05,BUYER.JAMES
500265,PO100265,9005,AD_HQ,BUYER.PRIYA,NET 45,2026-06-22 08:01:48,BUYER.PRIYA
500266,PO100266,9017,AD_HQ,BUYER.JAMES,NET 30,2026-03-05 10:47:53,BUYER.JAMES
500267,PO100267,9013,AD_OPERATIONS,BUYER.OMAR,NET 60,2024-11-28 16:29:59,SYS_PRC_AUTOCREATE
500268,PO100268,9018,AD_OPERATIONS,BUYER.JAMES,NET 30,2025-01-21 17:03:57,BUYER.JAMES
500269,PO100269,9003,AD_FACILITIES,BUYER.JAMES,NET 30,2026-01-12 10:00:21,BUYER.JAMES
500270,PO100270,9011,AD_HQ,BUYER.SARA,NET 60,2024-12-11 12:23:35,SYS_PRC_AUTOCREATE
500271,PO100271,9020,AD_OPERATIONS,BUYER.PRIYA,NET 30,2025-02-24 09:06:37,SYS_PRC_AUTOCREATE
500273,PO100273,9009,AD_OPERATIONS,BUYER.OMAR,NET 60,2026-07-15 08:57:37,SYS_PRC_AUTOCREATE
500274,PO100274,9019,AD_FACILITIES,BUYER.JAMES,NET 30,2025-02-26 09:31:49,BUYER.JAMES
500275,PO100275,9018,AD_OPERATIONS,BUYER.PRIYA,NET 30,2026-02-02 08:05:08,BUYER.PRIYA
500276,PO100276,9014,AD_HQ,BUYER.SARA,NET 30,2026-05-08 09:17:05,SYS_PRC_AUTOCREATE
500277,PO100277,9008,AD_HQ,BUYER.JAMES,NET 30,2025-10-29 10:09:16,BUYER.JAMES
500278,PO100278,9017,AD_FACILITIES,BUYER.PRIYA,NET 30,2025-01-20 09:01:26,SYS_PRC_AUTOCREATE
500279,PO100279,9020,AD_OPERATIONS,BUYER.OMAR,NET 30,2026-05-07 10:04:15,SYS_PRC_AUTOCREATE
500280,PO100280,9006,AD_OPERATIONS,BUYER.PRIYA,NET 30,2025-09-05 08:54:38,BUYER.PRIYA
500281,PO100281,9008,AD_FACILITIES,BUYER.SARA,NET 30,2024-10-31 13:12:29,SYS_PRC_AUTOCREATE
500282,PO100282,9002,AD_OPERATIONS,BUYER.PRIYA,NET 30,2026-05-11 10:38:56,BUYER.PRIYA
500283,PO100283,9017,AD_HQ,BUYER.OMAR,NET 30,2026-02-03 12:21:04,BUYER.OMAR
500284,PO100284,9010,AD_HQ,BUYER.SARA,NET 30,2025-08-28 09:05:05,BUYER.SARA
500285,PO100285,9014,AD_HQ,BUYER.PRIYA,NET 30,2025-05-19 09:12:48,BUYER.PRIYA
500286,PO100286,9009,AD_OPERATIONS,BUYER.OMAR,NET 60,2025-03-12 10:52:50,BUYER.OMAR
500287,PO100287,9002,AD_OPERATIONS,BUYER.PRIYA,NET 30,2026-05-12 09:06:08,BUYER.PRIYA
500288,PO100288,9010,AD_OPERATIONS,BUYER.SARA,NET 30,2024-12-16 10:12:16,SYS_PRC_AUTOCREATE
500290,PO100290,9005,AD_HQ,BUYER.JAMES,NET 45,2026-03-30 15:51:33,BUYER.JAMES
500291,PO100291,9009,AD_FACILITIES,BUYER.SARA,NET 60,2025-12-19 10:02:35,BUYER.SARA
500292,PO100292,9017,AD_OPERATIONS,BUYER.JAMES,NET 30,2025-02-24 08:34:37,BUYER.JAMES
500293,PO100293,9020,AD_OPERATIONS,BUYER.OMAR,NET 30,2025-04-28 11:37:32,SYS_PRC_AUTOCREATE
500294,PO100294,9017,AD_FACILITIES,BUYER.SARA,NET 30,2026-05-27 17:25:04,SYS_PRC_AUTOCREATE
500295,PO100295,9010,AD_HQ,BUYER.JAMES,NET 30,2026-01-09 08:18:27,SYS_PRC_AUTOCREATE
500296,PO100296,9003,AD_HQ,BUYER.OMAR,NET 30,2026-06-24 15:19:14,BUYER.OMAR
500297,PO100297,9015,AD_HQ,BUYER.JAMES,NET 60,2026-01-13 10:58:06,BUYER.JAMES
500298,PO100298,9013,AD_HQ,BUYER.PRIYA,NET 60,2025-11-18 12:29:18,BUYER.PRIYA
500299,PO100299,9006,AD_FACILITIES,BUYER.PRIYA,NET 30,2026-08-12 10:20:00,BUYER.PRIYA
500300,PO100300,9002,AD_HQ,BUYER.SARA,NET 30,2025-01-23 08:07:55,BUYER.SARA
500301,PO100301,9004,AD_OPERATIONS,BUYER.PRIYA,NET 60,2024-12-16 08:09:27,BUYER.PRIYA
500302,PO100302,9018,AD_FACILITIES,BUYER.OMAR,NET 30,2026-07-27 08:38:54,BUYER.OMAR
500303,PO100303,9020,AD_OPERATIONS,BUYER.SARA,NET 30,2026-01-30 08:14:40,BUYER.SARA
500305,PO100305,9007,AD_OPERATIONS,BUYER.JAMES,NET 30,2026-09-21 08:02:41,SYS_PRC_AUTOCREATE
500306,PO100306,9002,AD_HQ,BUYER.PRIYA,NET 30,2025-01-08 08:52:15,BUYER.PRIYA
500307,PO100307,9010,AD_FACILITIES,BUYER.PRIYA,NET 30,2025-01-20 08:06:57,SYS_PRC_AUTOCREATE
500308,PO100308,9017,AD_FACILITIES,BUYER.OMAR,NET 30,2024-12-04 09:33:31,BUYER.OMAR
500309,PO100309,9002,AD_OPERATIONS,BUYER.SARA,NET 30,2026-03-09 09:46:31,SYS_PRC_AUTOCREATE
500310,PO100310,9006,AD_OPERATIONS,BUYER.JAMES,NET 30,2025-07-30 10:28:58,BUYER.JAMES
500311,PO100311,9010,AD_HQ,BUYER.PRIYA,NET 30,2026-06-02 13:06:13,SYS_PRC_AUTOCREATE
500312,PO100312,9019,AD_OPERATIONS,BUYER.SARA,NET 30,2026-01-21 10:51:03,SYS_PRC_AUTOCREATE
500313,PO100313,9006,AD_OPERATIONS,BUYER.SARA,NET 30,2025-05-15 09:51:07,SYS_PRC_AUTOCREATE
500314,PO100314,9016,AD_OPERATIONS,BUYER.OMAR,NET 45,2025-12-24 08:00:20,BUYER.OMAR
500315,PO100315,9016,AD_OPERATIONS,BUYER.PRIYA,NET 45,2026-02-16 10:20:26,BUYER.PRIYA
500316,PO100316,9010,AD_HQ,BUYER.OMAR,NET 30,2026-05-25 09:45:57,BUYER.OMAR
500317,PO100317,9018,AD_FACILITIES,BUYER.PRIYA,NET 30,2025-09-01 16:13:18,BUYER.PRIYA
500318,PO100318,9006,AD_FACILITIES,BUYER.PRIYA,NET 30,2026-05-25 10:35:21,BUYER.PRIYA
500319,PO100319,9018,AD_FACILITIES,BUYER.JAMES,NET 30,2025-03-28 08:22:12,BUYER.JAMES
500320,PO100320,9010,AD_FACILITIES,BUYER.SARA,NET 30,2025-05-22 14:50:03,BUYER.SARA
500321,PO100321,9001,AD_HQ,BUYER.JAMES,NET 60,2026-06-05 10:39:17,BUYER.JAMES
500323,PO100323,9019,AD_HQ,BUYER.SARA,NET 30,2025-07-17 10:56:24,BUYER.SARA
500324,PO100324,9003,AD_OPERATIONS,BUYER.PRIYA,NET 30,2026-06-29 13:01:46,SYS_PRC_AUTOCREATE
500325,PO100325,9009,AD_HQ,BUYER.JAMES,NET 60,2025-11-13 15:52:34,SYS_PRC_AUTOCREATE
500326,PO100326,9015,AD_OPERATIONS,BUYER.JAMES,NET 60,2025-07-17 08:29:59,BUYER.JAMES
500327,PO100327,9012,AD_FACILITIES,BUYER.JAMES,NET 60,2026-09-21 09:51:18,BUYER.JAMES
500328,PO100328,9017,AD_OPERATIONS,BUYER.JAMES,NET 30,2025-12-25 09:30:49,SYS_PRC_AUTOCREATE
500329,PO100329,9008,AD_HQ,BUYER.SARA,NET 30,2024-11-25 14:52:16,BUYER.SARA
500330,PO100330,9008,AD_OPERATIONS,BUYER.PRIYA,NET 30,2025-06-11 08:46:35,BUYER.PRIYA
500331,PO100331,9011,AD_FACILITIES,BUYER.JAMES,NET 60,2025-07-01 09:10:21,SYS_PRC_AUTOCREATE
500332,PO100332,9002,AD_HQ,BUYER.PRIYA,NET 30,2026-05-19 08:41:02,BUYER.PRIYA
500333,PO100333,9002,AD_OPERATIONS,BUYER.JAMES,NET 30,2026-08-03 08:36:15,SYS_PRC_AUTOCREATE
500334,PO100334,9016,AD_HQ,BUYER.SARA,NET 45,2025-01-16 10:58:00,BUYER.SARA
500335,PO100335,9020,AD_OPERATIONS,BUYER.JAMES,NET 30,2025-08-11 14:04:46,SYS_PRC_AUTOCREATE
500336,PO100336,9008,AD_FACILITIES,BUYER.PRIYA,NET 30,2026-07-13 09:52:20,BUYER.PRIYA
500337,PO100337,9012,AD_HQ,BUYER.SARA,NET 60,2025-10-10 09:29:01,BUYER.SARA
500338,PO100338,9012,AD_HQ,BUYER.OMAR,NET 60,2025-03-13 08:48:45,BUYER.OMAR
500339,PO100339,9001,AD_FACILITIES,BUYER.PRIYA,NET 60,2026-09-11 15:44:21,BUYER.PRIYA
500340,PO100340,9003,AD_FACILITIES,BUYER.PRIYA,NET 30,2025-08-20 08:19:43,SYS_PRC_AUTOCREATE
500341,PO100341,9019,AD_HQ,BUYER.SARA,NET 30,2025-01-01 14:04:45,BUYER.SARA
500342,PO100342,9001,AD_OPERATIONS,BUYER.SARA,NET 60,2025-03-17 08:03:39,BUYER.SARA
500343,PO100343,9010,AD_FACILITIES,BUYER.JAMES,NET 30,2025-05-15 10:30:19,BUYER.JAMES
500344,PO100344,9005,AD_FACILITIES,BUYER.OMAR,NET 45,2025-05-12 10:45:47,BUYER.OMAR
500346,PO100346,9002,AD_FACILITIES,BUYER.OMAR,NET 30,2025-04-23 17:46:41,BUYER.OMAR
500347,PO100347,9014,AD_HQ,BUYER.SARA,NET 30,2026-02-12 09:13:39,SYS_PRC_AUTOCREATE
500348,PO100348,9005,AD_OPERATIONS,BUYER.OMAR,NET 45,2024-12-04 09:46:18,BUYER.OMAR
500349,PO100349,9011,AD_FACILITIES,BUYER.PRIYA,NET 60,2025-04-03 11:22:58,BUYER.PRIYA
500351,PO100351,9007,AD_OPERATIONS,BUYER.SARA,NET 30,2025-02-24 15:37:46,SYS_PRC_AUTOCREATE
500352,PO100352,9006,AD_FACILITIES,BUYER.PRIYA,NET 30,2025-05-20 09:48:00,BUYER.PRIYA
500353,PO100353,9003,AD_HQ,BUYER.JAMES,NET 30,2026-05-20 14:49:00,SYS_PRC_AUTOCREATE
500354,PO100354,9007,AD_FACILITIES,BUYER.PRIYA,NET 30,2025-12-15 10:49:14,BUYER.PRIYA
500355,PO100355,9017,AD_OPERATIONS,BUYER.OMAR,NET 30,2026-02-27 08:15:14,SYS_PRC_AUTOCREATE
500356,PO100356,9014,AD_FACILITIES,BUYER.PRIYA,NET 30,2026-07-09 09:37:08,BUYER.PRIYA
500357,PO100357,9005,AD_FACILITIES,BUYER.OMAR,NET 45,2025-12-29 10:39:11,BUYER.OMAR
500360,PO100360,9007,AD_FACILITIES,BUYER.SARA,NET 30,2025-06-19 08:26:46,BUYER.SARA
500361,PO100361,9010,AD_FACILITIES,BUYER.JAMES,NET 30,2025-05-13 09:51:41,SYS_PRC_AUTOCREATE
500362,PO100362,9018,AD_FACILITIES,BUYER.SARA,NET 30,2026-01-23 16:34:25,BUYER.SARA
500363,PO100363,9017,AD_HQ,BUYER.PRIYA,NET 30,2025-03-10 09:34:32,BUYER.PRIYA
500365,PO100365,9011,AD_FACILITIES,BUYER.JAMES,NET 60,2025-07-25 09:52:20,BUYER.JAMES
500366,PO100366,9017,AD_OPERATIONS,BUYER.SARA,NET 30,2026-05-06 08:36:33,SYS_PRC_AUTOCREATE
500367,PO100367,9005,AD_OPERATIONS,BUYER.SARA,NET 45,2025-01-03 08:56:42,SYS_PRC_AUTOCREATE
500368,PO100368,9019,AD_OPERATIONS,BUYER.PRIYA,NET 30,2025-06-11 11:08:39,SYS_PRC_AUTOCREATE
500369,PO100369,9008,AD_FACILITIES,BUYER.PRIYA,NET 30,2026-05-04 09:07:55,BUYER.PRIYA
500370,PO100370,9007,AD_FACILITIES,BUYER.SARA,NET 30,2026-08-24 11:00:44,SYS_PRC_AUTOCREATE
500371,PO100371,9020,AD_FACILITIES,BUYER.SARA,NET 30,2026-07-27 11:55:03,BUYER.SARA
500373,PO100373,9002,AD_OPERATIONS,BUYER.JAMES,NET 30,2025-03-06 17:19:27,BUYER.JAMES
500374,PO100374,9015,AD_OPERATIONS,BUYER.PRIYA,NET 60,2025-12-22 10:29:20,SYS_PRC_AUTOCREATE
500375,PO100375,9016,AD_FACILITIES,BUYER.PRIYA,NET 45,2025-08-18 10:08:37,BUYER.PRIYA
500376,PO100376,9002,AD_HQ,BUYER.OMAR,NET 30,2025-04-01 08:01:21,BUYER.OMAR
500377,PO100377,9009,AD_FACILITIES,BUYER.JAMES,NET 60,2025-03-25 10:23:10,BUYER.JAMES
500378,PO100378,9001,AD_FACILITIES,BUYER.JAMES,NET 60,2026-04-06 12:56:22,BUYER.JAMES
500379,PO100379,9018,AD_FACILITIES,BUYER.JAMES,NET 30,2025-07-30 16:19:33,SYS_PRC_AUTOCREATE
500380,PO100380,9014,AD_HQ,BUYER.JAMES,NET 30,2024-10-23 14:15:28,BUYER.JAMES
500381,PO100381,9008,AD_HQ,BUYER.OMAR,NET 30,2025-03-04 08:01:00,BUYER.OMAR
500382,PO100382,9009,AD_OPERATIONS,BUYER.OMAR,NET 60,2026-09-30 10:39:55,BUYER.OMAR
500384,PO100384,9017,AD_FACILITIES,BUYER.JAMES,NET 30,2026-05-25 10:55:38,SYS_PRC_AUTOCREATE
500385,PO100385,9001,AD_OPERATIONS,BUYER.OMAR,NET 60,2025-06-20 13:44:32,SYS_PRC_AUTOCREATE
500386,PO100386,9004,AD_FACILITIES,BUYER.SARA,NET 60,2025-06-03 10:02:15,BUYER.SARA
500387,PO100387,9002,AD_HQ,BUYER.JAMES,NET 30,2025-05-19 08:28:03,SYS_PRC_AUTOCREATE
500388,PO100388,9017,AD_OPERATIONS,BUYER.SARA,NET 30,2026-04-13 08:20:38,SYS_PRC_AUTOCREATE
500389,PO100389,9012,AD_FACILITIES,BUYER.OMAR,NET 60,2025-08-07 08:13:34,BUYER.OMAR
500390,PO100390,9007,AD_HQ,BUYER.SARA,NET 30,2026-07-02 08:47:15,SYS_PRC_AUTOCREATE
500391,PO100391,9015,AD_FACILITIES,BUYER.SARA,NET 60,2025-02-05 08:26:26,BUYER.SARA
500392,PO100392,9011,AD_FACILITIES,BUYER.PRIYA,NET 60,2026-02-04 08:22:46,BUYER.PRIYA
500393,PO100393,9009,AD_FACILITIES,BUYER.SARA,NET 60,2025-07-04 08:46:38,SYS_PRC_AUTOCREATE
500394,PO100394,9005,AD_OPERATIONS,BUYER.SARA,NET 45,2025-05-08 08:23:45,BUYER.SARA
500395,PO100395,9006,AD_HQ,BUYER.SARA,NET 30,2024-12-11 08:49:48,SYS_PRC_AUTOCREATE
500396,PO100396,9013,AD_OPERATIONS,BUYER.PRIYA,NET 60,2025-11-10 12:16:17,SYS_PRC_AUTOCREATE
500397,PO100397,9013,AD_FACILITIES,BUYER.SARA,NET 60,2025-10-24 08:43:44,SYS_PRC_AUTOCREATE
500398,PO100398,9006,AD_OPERATIONS,BUYER.PRIYA,NET 30,2025-03-11 12:02:16,BUYER.PRIYA
500399,PO100399,9019,AD_HQ,BUYER.JAMES,NET 30,2024-11-11 10:54:33,SYS_PRC_AUTOCREATE
500400,PO100400,9015,AD_FACILITIES,BUYER.SARA,NET 60,2025-10-03 09:49:22,SYS_PRC_AUTOCREATE
500401,PO100401,9010,AD_OPERATIONS,BUYER.SARA,NET 30,2026-01-14 08:30:44,SYS_PRC_AUTOCREATE
500402,PO100402,9008,AD_HQ,BUYER.OMAR,NET 30,2026-04-10 09:50:05,BUYER.OMAR
500404,PO100404,9010,AD_HQ,BUYER.SARA,NET 30,2025-10-08 11:44:36,BUYER.SARA
500405,PO100405,9006,AD_HQ,BUYER.PRIYA,NET 30,2024-10-16 10:48:29,SYS_PRC_AUTOCREATE
500406,PO100406,9005,AD_FACILITIES,BUYER.OMAR,NET 45,2025-09-16 14:07:27,SYS_PRC_AUTOCREATE
500407,PO100407,9004,AD_FACILITIES,BUYER.SARA,NET 60,2026-03-24 08:50:23,SYS_PRC_AUTOCREATE
500408,PO100408,9014,AD_OPERATIONS,BUYER.JAMES,NET 30,2025-04-24 08:15:13,BUYER.JAMES
500409,PO100409,9007,AD_FACILITIES,BUYER.SARA,NET 30,2025-05-05 09:31:38,BUYER.SARA
500410,PO100410,9011,AD_OPERATIONS,BUYER.OMAR,NET 60,2024-11-29 10:10:15,BUYER.OMAR
500411,PO100411,9002,AD_OPERATIONS,BUYER.JAMES,NET 30,2026-06-03 10:34:08,BUYER.JAMES
500412,PO100412,9001,AD_FACILITIES,BUYER.PRIYA,NET 60,2026-02-16 11:08:24,SYS_PRC_AUTOCREATE
500413,PO100413,9020,AD_HQ,BUYER.OMAR,NET 30,2026-02-02 17:25:41,SYS_PRC_AUTOCREATE
500414,PO100414,9020,AD_OPERATIONS,BUYER.PRIYA,NET 30,2025-12-05 10:38:28,SYS_PRC_AUTOCREATE
500415,PO100415,9013,AD_FACILITIES,BUYER.PRIYA,NET 60,2025-04-23 12:13:24,SYS_PRC_AUTOCREATE
500416,PO100416,9013,AD_HQ,BUYER.SARA,NET 60,2025-05-22 16:47:23,BUYER.SARA
500417,PO100417,9008,AD_OPERATIONS,BUYER.OMAR,NET 30,2025-10-30 08:19:51,BUYER.OMAR
500418,PO100418,9014,AD_HQ,BUYER.PRIYA,NET 30,2026-03-13 11:48:20,BUYER.PRIYA
500419,PO100419,9019,AD_HQ,BUYER.OMAR,NET 30,2025-12-05 09:18:43,SYS_PRC_AUTOCREATE
500420,PO100420,9006,AD_HQ,BUYER.PRIYA,NET 30,2026-02-16 08:46:19,SYS_PRC_AUTOCREATE
500421,PO100421,9015,AD_OPERATIONS,BUYER.SARA,NET 60,2026-08-04 15:51:01,BUYER.SARA
500422,PO100422,9007,AD_OPERATIONS,BUYER.OMAR,NET 30,2026-04-29 09:42:18,BUYER.OMAR
500423,PO100423,9009,AD_HQ,BUYER.PRIYA,NET 60,2026-01-19 09:33:27,SYS_PRC_AUTOCREATE
500424,PO100424,9012,AD_OPERATIONS,BUYER.PRIYA,NET 60,2025-08-01 10:59:07,BUYER.PRIYA
500425,PO100425,9018,AD_OPERATIONS,BUYER.SARA,NET 30,2025-09-09 16:17:55,SYS_PRC_AUTOCREATE
500426,PO100426,9003,AD_OPERATIONS,BUYER.OMAR,NET 30,2025-11-11 13:48:21,SYS_PRC_AUTOCREATE
500427,PO100427,9003,AD_OPERATIONS,BUYER.JAMES,NET 30,2026-03-17 08:45:48,SYS_PRC_AUTOCREATE
500428,PO100428,9014,AD_HQ,BUYER.SARA,NET 30,2024-10-17 10:13:07,BUYER.SARA
500429,PO100429,9010,AD_HQ,BUYER.OMAR,NET 30,2025-07-11 14:24:33,BUYER.OMAR
500430,PO100430,9013,AD_HQ,BUYER.PRIYA,NET 60,2026-03-23 15:22:49,SYS_PRC_AUTOCREATE
500431,PO100431,9012,AD_FACILITIES,BUYER.OMAR,NET 60,2026-04-03 10:25:58,BUYER.OMAR
500432,PO100432,9012,AD_FACILITIES,BUYER.PRIYA,NET 60,2025-03-25 17:09:08,SYS_PRC_AUTOCREATE
500433,PO100433,9013,AD_HQ,BUYER.SARA,NET 60,2024-11-27 08:42:12,BUYER.SARA
500434,PO100434,9009,AD_HQ,BUYER.SARA,NET 60,2025-02-06 09:40:37,BUYER.SARA
500435,PO100435,9013,AD_OPERATIONS,BUYER.JAMES,NET 60,2025-03-20 09:05:53,SYS_PRC_AUTOCREATE
500436,PO100436,9014,AD_FACILITIES,BUYER.SARA,NET 30,2025-09-25 08:06:20,SYS_PRC_AUTOCREATE
500437,PO100437,9004,AD_HQ,BUYER.OMAR,NET 60,2025-12-01 08:21:26,SYS_PRC_AUTOCREATE
500438,PO100438,9009,AD_FACILITIES,BUYER.OMAR,NET 60,2026-06-17 12:20:42,BUYER.OMAR
500439,PO100439,9004,AD_OPERATIONS,BUYER.PRIYA,NET 60,2024-12-03 17:15:36,SYS_PRC_AUTOCREATE
500440,PO100440,9019,AD_OPERATIONS,BUYER.JAMES,NET 30,2024-11-25 17:10:02,BUYER.JAMES
500441,PO100441,9005,AD_HQ,BUYER.OMAR,NET 45,2026-01-20 08:18:51,BUYER.OMAR
500442,PO100442,9014,AD_HQ,BUYER.PRIYA,NET 30,2024-12-25 10:37:44,BUYER.PRIYA
500443,PO100443,9016,AD_FACILITIES,BUYER.OMAR,NET 45,2025-10-20 08:59:45,BUYER.OMAR
500444,PO100444,9016,AD_HQ,BUYER.OMAR,NET 45,2026-09-21 09:58:21,BUYER.OMAR
500445,PO100445,9006,AD_FACILITIES,BUYER.JAMES,NET 30,2026-05-27 08:19:26,SYS_PRC_AUTOCREATE
500446,PO100446,9013,AD_HQ,BUYER.SARA,NET 60,2026-05-19 08:38:05,BUYER.SARA
500447,PO100447,9005,AD_HQ,BUYER.SARA,NET 45,2025-11-26 08:53:58,SYS_PRC_AUTOCREATE
500448,PO100448,9020,AD_OPERATIONS,BUYER.SARA,NET 30,2026-08-31 17:15:56,BUYER.SARA
500449,PO100449,9013,AD_OPERATIONS,BUYER.PRIYA,NET 60,2025-01-20 08:38:27,SYS_PRC_AUTOCREATE
500450,PO100450,9017,AD_OPERATIONS,BUYER.JAMES,NET 30,2026-04-16 13:48:02,BUYER.JAMES
500451,PO100451,9017,AD_OPERATIONS,BUYER.OMAR,NET 30,2025-08-06 08:09:55,BUYER.OMAR
500452,PO100452,9016,AD_HQ,BUYER.SARA,NET 45,2026-02-09 10:43:46,BUYER.SARA
500453,PO100453,9018,AD_OPERATIONS,BUYER.SARA,NET 30,2025-03-06 16:07:12,SYS_PRC_AUTOCREATE
500454,PO100454,9010,AD_FACILITIES,BUYER.PRIYA,NET 30,2024-11-18 14:47:52,SYS_PRC_AUTOCREATE
500456,PO100456,9014,AD_FACILITIES,BUYER.JAMES,NET 30,2025-10-28 08:06:34,BUYER.JAMES
500457,PO100457,9018,AD_HQ,BUYER.OMAR,NET 30,2024-10-09 13:23:28,BUYER.OMAR
500458,PO100458,9016,AD_OPERATIONS,BUYER.JAMES,NET 45,2026-02-04 09:54:13,SYS_PRC_AUTOCREATE
500459,PO100459,9003,AD_OPERATIONS,BUYER.PRIYA,NET 30,2026-02-05 09:00:05,SYS_PRC_AUTOCREATE
500460,PO100460,9020,AD_OPERATIONS,BUYER.SARA,NET 30,2024-11-11 14:57:24,SYS_PRC_AUTOCREATE
500461,PO100461,9013,AD_FACILITIES,BUYER.PRIYA,NET 60,2026-07-07 17:19:14,BUYER.PRIYA
500462,PO100462,9012,AD_HQ,BUYER.JAMES,NET 60,2025-08-14 10:23:01,BUYER.JAMES
500463,PO100463,9006,AD_HQ,BUYER.PRIYA,NET 30,2024-10-21 08:44:53,BUYER.PRIYA
500464,PO100464,9009,AD_FACILITIES,BUYER.SARA,NET 60,2026-06-10 10:18:21,SYS_PRC_AUTOCREATE
500465,PO100465,9015,AD_FACILITIES,BUYER.PRIYA,NET 60,2026-06-01 08:19:56,BUYER.PRIYA
500466,PO100466,9012,AD_HQ,BUYER.OMAR,NET 60,2025-04-11 11:58:32,SYS_PRC_AUTOCREATE
500467,PO100467,9017,AD_FACILITIES,BUYER.SARA,NET 30,2026-01-22 09:15:10,BUYER.SARA
500468,PO100468,9017,AD_HQ,BUYER.PRIYA,NET 30,2026-01-21 10:09:35,BUYER.PRIYA
500469,PO100469,9014,AD_OPERATIONS,BUYER.SARA,NET 30,2024-10-29 09:01:23,BUYER.SARA
500470,PO100470,9015,AD_FACILITIES,BUYER.PRIYA,NET 60,2025-06-09 10:59:01,BUYER.PRIYA
500471,PO100471,9004,AD_FACILITIES,BUYER.OMAR,NET 60,2026-01-26 08:46:06,BUYER.OMAR
500472,PO100472,9020,AD_FACILITIES,BUYER.JAMES,NET 30,2024-10-14 09:27:33,BUYER.JAMES
500473,PO100473,9005,AD_HQ,BUYER.SARA,NET 45,2026-03-04 09:12:48,SYS_PRC_AUTOCREATE
500474,PO100474,9016,AD_FACILITIES,BUYER.OMAR,NET 45,2026-03-10 11:55:00,SYS_PRC_AUTOCREATE
500475,PO100475,9016,AD_HQ,BUYER.OMAR,NET 45,2025-07-25 16:03:54,SYS_PRC_AUTOCREATE
500476,PO100476,9007,AD_OPERATIONS,BUYER.OMAR,NET 30,2025-03-20 12:52:59,BUYER.OMAR
500477,PO100477,9006,AD_OPERATIONS,BUYER.JAMES,NET 30,2025-02-25 13:01:05,BUYER.JAMES
500479,PO100479,9008,AD_FACILITIES,BUYER.JAMES,NET 30,2025-05-14 09:07:24,BUYER.JAMES
500480,PO100480,9019,AD_OPERATIONS,BUYER.PRIYA,NET 30,2025-02-13 09:27:12,BUYER.PRIYA
500481,PO100481,9006,AD_OPERATIONS,BUYER.JAMES,NET 30,2025-02-10 08:15:46,BUYER.JAMES
500482,PO100482,9014,AD_FACILITIES,BUYER.SARA,NET 30,2025-11-26 09:55:43,BUYER.SARA
500483,PO100483,9014,AD_HQ,BUYER.PRIYA,NET 30,2026-07-07 17:43:22,BUYER.PRIYA
500484,PO100484,9005,AD_OPERATIONS,BUYER.SARA,NET 45,2025-08-04 09:05:13,BUYER.SARA
500485,PO100485,9009,AD_OPERATIONS,BUYER.PRIYA,NET 60,2025-01-10 09:26:57,BUYER.PRIYA
500486,PO100486,9001,AD_FACILITIES,BUYER.SARA,NET 60,2024-11-25 15:20:16,SYS_PRC_AUTOCREATE
500487,PO100487,9016,AD_FACILITIES,BUYER.PRIYA,NET 45,2024-10-16 10:32:00,SYS_PRC_AUTOCREATE
500488,PO100488,9017,AD_OPERATIONS,BUYER.PRIYA,NET 30,2025-04-21 08:16:16,BUYER.PRIYA
500489,PO100489,9006,AD_HQ,BUYER.OMAR,NET 30,2025-06-25 08:15:41,SYS_PRC_AUTOCREATE
500490,PO100490,9010,AD_OPERATIONS,BUYER.JAMES,NET 30,2026-09-01 16:41:15,BUYER.JAMES
500492,PO100492,9006,AD_FACILITIES,BUYER.PRIYA,NET 30,2026-01-07 10:51:09,SYS_PRC_AUTOCREATE
500493,PO100493,9019,AD_FACILITIES,BUYER.SARA,NET 30,2024-12-13 10:39:47,BUYER.SARA
500494,PO100494,9002,AD_FACILITIES,BUYER.PRIYA,NET 30,2024-12-11 10:33:29,BUYER.PRIYA
500495,PO100495,9009,AD_OPERATIONS,BUYER.JAMES,NET 60,2025-06-16 10:40:16,BUYER.JAMES
500496,PO100496,9007,AD_HQ,BUYER.JAMES,NET 30,2026-01-21 09:00:48,BUYER.JAMES
500497,PO100497,9005,AD_FACILITIES,BUYER.OMAR,NET 45,2026-03-05 10:23:01,SYS_PRC_AUTOCREATE
500498,PO100498,9001,AD_HQ,BUYER.SARA,NET 60,2025-12-22 09:50:06,BUYER.SARA
500499,PO100499,9011,AD_HQ,BUYER.PRIYA,NET 60,2025-12-30 12:55:42,BUYER.PRIYA
500500,PO100500,9010,AD_FACILITIES,BUYER.SARA,NET 30,2025-05-21 09:04:50,BUYER.SARA
500501,PO100501,9012,AD_HQ,BUYER.PRIYA,NET 60,2024-11-18 11:18:56,BUYER.PRIYA
500502,PO100502,9008,AD_FACILITIES,BUYER.SARA,NET 30,2026-04-15 10:34:11,BUYER.SARA
500503,PO100503,9004,AD_FACILITIES,BUYER.SARA,NET 60,2026-04-16 15:39:35,SYS_PRC_AUTOCREATE
500504,PO100504,9005,AD_HQ,BUYER.PRIYA,NET 45,2026-06-02 14:13:24,BUYER.PRIYA
500505,PO100505,9018,AD_HQ,BUYER.OMAR,NET 30,2026-08-19 08:35:17,BUYER.OMAR
500506,PO100506,9010,AD_FACILITIES,BUYER.OMAR,NET 30,2025-10-28 14:08:15,SYS_PRC_AUTOCREATE
500507,PO100507,9015,AD_FACILITIES,BUYER.JAMES,NET 60,2024-11-08 09:44:28,BUYER.JAMES
500508,PO100508,9001,AD_HQ,BUYER.SARA,NET 60,2025-06-16 09:38:13,SYS_PRC_AUTOCREATE
500509,PO100509,9008,AD_FACILITIES,BUYER.JAMES,NET 30,2025-07-29 08:25:12,BUYER.JAMES
500510,PO100510,9006,AD_HQ,BUYER.SARA,NET 30,2026-07-14 17:06:42,BUYER.SARA
500511,PO100511,9012,AD_OPERATIONS,BUYER.PRIYA,NET 60,2026-01-22 14:18:25,SYS_PRC_AUTOCREATE
500512,PO100512,9001,AD_HQ,BUYER.SARA,NET 60,2025-01-14 10:21:05,BUYER.SARA
500513,PO100513,9006,AD_OPERATIONS,BUYER.OMAR,NET 30,2026-05-06 08:07:19,BUYER.OMAR
500514,PO100514,9016,AD_OPERATIONS,BUYER.PRIYA,NET 45,2024-12-26 08:18:05,BUYER.PRIYA
500515,PO100515,9019,AD_OPERATIONS,BUYER.SARA,NET 30,2025-04-11 10:48:51,BUYER.SARA
500516,PO100516,9006,AD_FACILITIES,BUYER.JAMES,NET 30,2025-12-08 10:55:37,SYS_PRC_AUTOCREATE
500517,PO100517,9003,AD_OPERATIONS,BUYER.JAMES,NET 30,2026-06-09 10:43:59,BUYER.JAMES
500518,PO100518,9016,AD_FACILITIES,BUYER.PRIYA,NET 45,2025-05-20 12:50:12,SYS_PRC_AUTOCREATE
500519,PO100519,9018,AD_FACILITIES,BUYER.SARA,NET 30,2025-04-23 10:52:19,BUYER.SARA
500520,PO100520,9001,AD_HQ,BUYER.JAMES,NET 60,2025-11-26 10:32:59,BUYER.JAMES
500521,PO100521,9010,AD_HQ,BUYER.SARA,NET 30,2026-03-04 09:15:16,BUYER.SARA
500522,PO100522,9002,AD_FACILITIES,BUYER.JAMES,NET 30,2024-10-30 08:11:50,BUYER.JAMES
500523,PO100523,9003,AD_HQ,BUYER.OMAR,NET 30,2025-12-16 13:34:43,SYS_PRC_AUTOCREATE
500524,PO100524,9004,AD_FACILITIES,BUYER.SARA,NET 60,2025-07-03 10:40:01,SYS_PRC_AUTOCREATE
500525,PO100525,9009,AD_OPERATIONS,BUYER.PRIYA,NET 60,2025-10-24 09:47:32,BUYER.PRIYA
500526,PO100526,9019,AD_FACILITIES,BUYER.SARA,NET 30,2025-09-08 08:28:52,BUYER.SARA
500527,PO100527,9005,AD_OPERATIONS,BUYER.JAMES,NET 45,2026-03-12 08:17:20,BUYER.JAMES
500528,PO100528,9011,AD_OPERATIONS,BUYER.SARA,NET 60,2025-03-20 09:56:35,BUYER.SARA
500529,PO100529,9007,AD_FACILITIES,BUYER.SARA,NET 30,2026-05-22 09:40:37,SYS_PRC_AUTOCREATE
500530,PO100530,9014,AD_OPERATIONS,BUYER.PRIYA,NET 30,2025-01-20 10:20:06,BUYER.PRIYA
500532,PO100532,9017,AD_HQ,BUYER.SARA,NET 30,2024-10-11 11:55:30,SYS_PRC_AUTOCREATE
500533,PO100533,9018,AD_OPERATIONS,BUYER.OMAR,NET 30,2026-07-24 14:05:04,SYS_PRC_AUTOCREATE
500534,PO100534,9002,AD_HQ,BUYER.OMAR,NET 30,2026-09-17 10:07:42,BUYER.OMAR
500535,PO100535,9011,AD_HQ,BUYER.JAMES,NET 60,2026-08-17 09:53:35,SYS_PRC_AUTOCREATE
500536,PO100536,9002,AD_HQ,BUYER.JAMES,NET 30,2025-04-22 10:00:01,BUYER.JAMES
500537,PO100537,9007,AD_HQ,BUYER.JAMES,NET 30,2025-05-09 10:20:12,BUYER.JAMES
500538,PO100538,9012,AD_HQ,BUYER.SARA,NET 60,2026-01-15 16:12:11,BUYER.SARA
500539,PO100539,9017,AD_OPERATIONS,BUYER.PRIYA,NET 30,2025-09-26 09:29:33,BUYER.PRIYA
500540,PO100540,9007,AD_FACILITIES,BUYER.JAMES,NET 30,2025-02-21 10:42:53,BUYER.JAMES
500541,PO100541,9020,AD_HQ,BUYER.SARA,NET 30,2026-03-13 11:40:37,SYS_PRC_AUTOCREATE
500542,PO100542,9005,AD_FACILITIES,BUYER.SARA,NET 45,2026-08-10 17:25:20,BUYER.SARA
500543,PO100543,9016,AD_OPERATIONS,BUYER.SARA,NET 45,2026-03-30 09:28:50,BUYER.SARA
500544,PO100544,9009,AD_FACILITIES,BUYER.SARA,NET 60,2025-04-03 08:34:43,SYS_PRC_AUTOCREATE
500545,PO100545,9009,AD_HQ,BUYER.SARA,NET 60,2024-10-17 17:39:45,BUYER.SARA
500546,PO100546,9019,AD_FACILITIES,BUYER.SARA,NET 30,2026-08-03 15:01:28,BUYER.SARA
500547,PO100547,9008,AD_OPERATIONS,BUYER.JAMES,NET 30,2025-10-20 12:53:03,BUYER.JAMES
500548,PO100548,9017,AD_HQ,BUYER.PRIYA,NET 30,2025-04-04 09:44:50,BUYER.PRIYA
500549,PO100549,9013,AD_OPERATIONS,BUYER.PRIYA,NET 60,2025-03-31 08:27:56,SYS_PRC_AUTOCREATE
500550,PO100550,9019,AD_HQ,BUYER.JAMES,NET 30,2025-10-08 17:12:16,BUYER.JAMES
500551,PO100551,9004,AD_OPERATIONS,BUYER.SARA,NET 60,2025-01-07 08:08:40,BUYER.SARA
500552,PO100552,9017,AD_HQ,BUYER.PRIYA,NET 30,2025-05-19 10:53:36,BUYER.PRIYA
500553,PO100553,9017,AD_HQ,BUYER.JAMES,NET 30,2026-08-21 12:41:55,BUYER.JAMES
500554,PO100554,9013,AD_HQ,BUYER.PRIYA,NET 60,2026-07-31 08:00:54,BUYER.PRIYA
500555,PO100555,9015,AD_HQ,BUYER.OMAR,NET 60,2025-05-27 12:07:04,BUYER.OMAR
500556,PO100556,9017,AD_OPERATIONS,BUYER.SARA,NET 30,2025-05-22 08:12:22,BUYER.SARA
500557,PO100557,9009,AD_OPERATIONS,BUYER.OMAR,NET 60,2025-05-22 10:14:02,BUYER.OMAR
500558,PO100558,9010,AD_HQ,BUYER.SARA,NET 30,2026-08-17 08:42:53,SYS_PRC_AUTOCREATE
500559,PO100559,9001,AD_OPERATIONS,BUYER.SARA,NET 60,2025-07-14 09:45:16,BUYER.SARA
500560,PO100560,9016,AD_HQ,BUYER.OMAR,NET 45,2024-10-14 09:12:01,BUYER.OMAR
500561,PO100561,9005,AD_FACILITIES,BUYER.OMAR,NET 45,2026-09-21 10:53:32,BUYER.OMAR
500562,PO100562,9004,AD_HQ,BUYER.SARA,NET 60,2025-10-23 09:22:51,SYS_PRC_AUTOCREATE
500563,PO100563,9017,AD_HQ,BUYER.PRIYA,NET 30,2026-07-17 16:08:09,BUYER.PRIYA
500564,PO100564,9019,AD_HQ,BUYER.JAMES,NET 30,2025-06-04 09:54:19,SYS_PRC_AUTOCREATE
500565,PO100565,9003,AD_OPERATIONS,BUYER.JAMES,NET 30,2025-11-06 09:11:35,BUYER.JAMES
500566,PO100566,9004,AD_FACILITIES,BUYER.PRIYA,NET 60,2026-04-09 17:24:57,BUYER.PRIYA
500567,PO100567,9012,AD_FACILITIES,BUYER.OMAR,NET 60,2025-11-18 15:59:17,BUYER.OMAR
500568,PO100568,9016,AD_HQ,BUYER.SARA,NET 45,2024-12-10 11:24:34,SYS_PRC_AUTOCREATE
500569,PO100569,9018,AD_HQ,BUYER.SARA,NET 30,2025-11-20 08:34:11,BUYER.SARA
500570,PO100570,9015,AD_HQ,BUYER.JAMES,NET 60,2025-03-26 10:07:26,BUYER.JAMES
500571,PO100571,9005,AD_HQ,BUYER.OMAR,NET 45,2025-10-20 13:21:09,SYS_PRC_AUTOCREATE
500572,PO100572,9011,AD_HQ,BUYER.JAMES,NET 60,2026-01-30 08:25:15,BUYER.JAMES
500573,PO100573,9006,AD_FACILITIES,BUYER.OMAR,NET 30,2025-11-14 08:54:55,BUYER.OMAR
500574,PO100574,9009,AD_FACILITIES,BUYER.PRIYA,NET 60,2025-10-30 11:28:10,BUYER.PRIYA
500575,PO100575,9008,AD_HQ,BUYER.JAMES,NET 30,2025-06-18 09:26:21,BUYER.JAMES
500576,PO100576,9002,AD_FACILITIES,BUYER.OMAR,NET 30,2025-03-07 12:19:23,BUYER.OMAR
500577,PO100577,9001,AD_HQ,BUYER.OMAR,NET 60,2025-01-16 08:08:11,SYS_PRC_AUTOCREATE
500578,PO100578,9016,AD_OPERATIONS,BUYER.PRIYA,NET 45,2025-08-18 16:08:44,SYS_PRC_AUTOCREATE
500579,PO100579,9013,AD_FACILITIES,BUYER.SARA,NET 60,2025-05-05 08:56:07,BUYER.SARA
500580,PO100580,9001,AD_FACILITIES,BUYER.JAMES,NET 60,2026-06-12 12:19:27,BUYER.JAMES
500581,PO100581,9003,AD_OPERATIONS,BUYER.JAMES,NET 30,2025-02-05 09:23:56,SYS_PRC_AUTOCREATE
500582,PO100582,9005,AD_OPERATIONS,BUYER.PRIYA,NET 45,2026-03-27 08:46:02,BUYER.PRIYA
500583,PO100583,9017,AD_HQ,BUYER.OMAR,NET 30,2025-09-22 08:50:53,BUYER.OMAR
500584,PO100584,9018,AD_FACILITIES,BUYER.PRIYA,NET 30,2025-04-04 08:40:29,BUYER.PRIYA
500585,PO100585,9016,AD_FACILITIES,BUYER.PRIYA,NET 45,2025-06-23 08:39:14,SYS_PRC_AUTOCREATE
500586,PO100586,9016,AD_FACILITIES,BUYER.SARA,NET 45,2025-03-06 15:10:24,BUYER.SARA
500587,PO100587,9006,AD_OPERATIONS,BUYER.JAMES,NET 30,2025-07-16 11:11:59,SYS_PRC_AUTOCREATE
500588,PO100588,9019,AD_OPERATIONS,BUYER.OMAR,NET 30,2025-08-29 10:01:30,BUYER.OMAR
500589,PO100589,9015,AD_OPERATIONS,BUYER.PRIYA,NET 60,2026-09-07 09:11:35,BUYER.PRIYA
500590,PO100590,9020,AD_OPERATIONS,BUYER.SARA,NET 30,2026-01-30 09:04:57,SYS_PRC_AUTOCREATE
500591,PO100591,9015,AD_OPERATIONS,BUYER.JAMES,NET 60,2026-01-01 08:35:45,BUYER.JAMES
500592,PO100592,9012,AD_OPERATIONS,BUYER.PRIYA,NET 60,2026-05-14 12:37:20,SYS_PRC_AUTOCREATE
500593,PO100593,9016,AD_FACILITIES,BUYER.JAMES,NET 45,2026-09-18 10:11:31,SYS_PRC_AUTOCREATE
500594,PO100594,9017,AD_HQ,BUYER.OMAR,NET 30,2026-01-12 10:43:28,SYS_PRC_AUTOCREATE
500595,PO100595,9015,AD_FACILITIES,BUYER.PRIYA,NET 60,2025-12-23 09:22:32,SYS_PRC_AUTOCREATE
500596,PO100596,9010,AD_HQ,BUYER.JAMES,NET 30,2025-10-10 08:00:36,SYS_PRC_AUTOCREATE
500597,PO100597,9018,AD_OPERATIONS,BUYER.JAMES,NET 30,2026-06-01 09:38:03,BUYER.JAMES
500598,PO100598,9014,AD_OPERATIONS,BUYER.SARA,NET 30,2026-06-02 17:05:27,BUYER.SARA
500599,PO100599,9014,AD_HQ,BUYER.OMAR,NET 30,2024-11-13 08:40:11,BUYER.OMAR
500600,PO100600,9013,AD_OPERATIONS,BUYER.OMAR,NET 60,2026-07-01 10:48:44,SYS_PRC_AUTOCREATE
500601,PO100601,9011,AD_FACILITIES,BUYER.PRIYA,NET 60,2025-08-13 15:25:00,BUYER.PRIYA
500602,PO100602,9019,AD_OPERATIONS,BUYER.SARA,NET 30,2026-07-01 10:27:47,SYS_PRC_AUTOCREATE
500603,PO100603,9001,AD_FACILITIES,BUYER.PRIYA,NET 60,2025-05-19 10:03:15,BUYER.PRIYA
500604,PO100604,9001,AD_OPERATIONS,BUYER.OMAR,NET 60,2025-10-30 08:02:40,BUYER.OMAR
500605,PO100605,9015,AD_HQ,BUYER.SARA,NET 60,2026-08-21 09:55:50,BUYER.SARA
500606,PO100606,9019,AD_FACILITIES,BUYER.JAMES,NET 30,2026-06-09 10:49:29,SYS_PRC_AUTOCREATE
500607,PO100607,9018,AD_OPERATIONS,BUYER.PRIYA,NET 30,2025-07-14 14:18:56,BUYER.PRIYA
500608,PO100608,9013,AD_FACILITIES,BUYER.SARA,NET 60,2024-10-14 08:35:49,SYS_PRC_AUTOCREATE
500609,PO100609,9019,AD_FACILITIES,BUYER.SARA,NET 30,2025-11-07 09:29:43,BUYER.SARA
500610,PO100610,9002,AD_HQ,BUYER.JAMES,NET 30,2026-06-01 10:33:13,SYS_PRC_AUTOCREATE
500611,PO100611,9012,AD_HQ,BUYER.OMAR,NET 60,2024-11-29 08:13:01,BUYER.OMAR
500612,PO100612,9007,AD_FACILITIES,BUYER.SARA,NET 30,2025-03-24 09:53:35,BUYER.SARA
500613,PO100613,9020,AD_OPERATIONS,BUYER.JAMES,NET 30,2024-12-16 10:04:10,SYS_PRC_AUTOCREATE
500614,PO100614,9015,AD_HQ,BUYER.JAMES,NET 60,2024-12-12 10:45:28,BUYER.JAMES
500615,PO100615,9003,AD_FACILITIES,BUYER.PRIYA,NET 30,2025-06-17 10:46:51,BUYER.PRIYA
500616,PO100616,9020,AD_FACILITIES,BUYER.SARA,NET 30,2026-06-29 10:43:36,SYS_PRC_AUTOCREATE
500617,PO100617,9013,AD_HQ,BUYER.JAMES,NET 60,2026-08-12 08:35:41,BUYER.JAMES
500618,PO100618,9016,AD_HQ,BUYER.SARA,NET 45,2025-01-08 13:45:16,BUYER.SARA
500619,PO100619,9008,AD_FACILITIES,BUYER.PRIYA,NET 30,2024-12-20 14:55:32,BUYER.PRIYA
500620,PO100620,9003,AD_OPERATIONS,BUYER.JAMES,NET 30,2026-05-12 09:16:16,SYS_PRC_AUTOCREATE
500621,PO100621,9005,AD_HQ,BUYER.PRIYA,NET 45,2026-06-01 10:36:11,BUYER.PRIYA
500622,PO100622,9009,AD_OPERATIONS,BUYER.OMAR,NET 60,2026-04-30 16:03:18,SYS_PRC_AUTOCREATE
500623,PO100623,9015,AD_OPERATIONS,BUYER.SARA,NET 60,2026-04-27 08:08:45,BUYER.SARA
500624,PO100624,9013,AD_FACILITIES,BUYER.JAMES,NET 60,2025-09-16 08:28:06,SYS_PRC_AUTOCREATE
500625,PO100625,9017,AD_OPERATIONS,BUYER.OMAR,NET 30,2026-07-09 10:47:53,BUYER.OMAR
500626,PO100626,9008,AD_HQ,BUYER.JAMES,NET 30,2026-01-19 09:28:21,BUYER.JAMES
500627,PO100627,9004,AD_FACILITIES,BUYER.PRIYA,NET 60,2025-03-31 08:22:44,BUYER.PRIYA
500628,PO100628,9004,AD_HQ,BUYER.JAMES,NET 60,2025-12-16 10:41:42,BUYER.JAMES
500629,PO100629,9016,AD_HQ,BUYER.SARA,NET 45,2025-04-28 09:34:41,SYS_PRC_AUTOCREATE
500630,PO100630,9009,AD_HQ,BUYER.SARA,NET 60,2025-01-14 16:20:18,BUYER.SARA
500631,PO100631,9004,AD_HQ,BUYER.JAMES,NET 60,2026-06-16 09:45:11,SYS_PRC_AUTOCREATE
500632,PO100632,9005,AD_FACILITIES,BUYER.SARA,NET 45,2026-04-27 09:07:30,SYS_PRC_AUTOCREATE
500633,PO100633,9015,AD_HQ,BUYER.OMAR,NET 60,2024-11-11 14:52:59,BUYER.OMAR
500634,PO100634,9018,AD_FACILITIES,BUYER.JAMES,NET 30,2026-06-29 10:44:44,BUYER.JAMES
500635,PO100635,9018,AD_HQ,BUYER.OMAR,NET 30,2026-02-04 10:12:39,BUYER.OMAR
500636,PO100636,9006,AD_HQ,BUYER.JAMES,NET 30,2024-12-23 08:51:54,BUYER.JAMES
500637,PO100637,9017,AD_OPERATIONS,BUYER.OMAR,NET 30,2025-01-29 10:02:18,BUYER.OMAR
500638,PO100638,9015,AD_OPERATIONS,BUYER.SARA,NET 60,2026-07-20 10:46:56,BUYER.SARA
500639,PO100639,9009,AD_HQ,BUYER.OMAR,NET 60,2026-07-28 08:25:32,BUYER.OMAR
500640,PO100640,9018,AD_OPERATIONS,BUYER.JAMES,NET 30,2025-12-11 17:09:16,SYS_PRC_AUTOCREATE
500641,PO100641,9012,AD_OPERATIONS,BUYER.OMAR,NET 60,2025-03-07 09:42:39,SYS_PRC_AUTOCREATE
500642,PO100642,9016,AD_HQ,BUYER.OMAR,NET 45,2024-11-07 10:20:52,BUYER.OMAR
500643,PO100643,9012,AD_FACILITIES,BUYER.OMAR,NET 60,2025-02-17 08:03:45,SYS_PRC_AUTOCREATE
500644,PO100644,9011,AD_HQ,BUYER.JAMES,NET 60,2025-09-18 13:07:34,SYS_PRC_AUTOCREATE
500645,PO100645,9015,AD_OPERATIONS,BUYER.SARA,NET 60,2025-02-12 13:13:44,SYS_PRC_AUTOCREATE
500646,PO100646,9005,AD_HQ,BUYER.SARA,NET 45,2025-09-10 09:22:18,BUYER.SARA
500647,PO100647,9011,AD_HQ,BUYER.PRIYA,NET 60,2025-07-14 10:12:45,BUYER.PRIYA
500648,PO100648,9020,AD_HQ,BUYER.JAMES,NET 30,2026-01-30 13:30:32,SYS_PRC_AUTOCREATE
500649,PO100649,9013,AD_HQ,BUYER.SARA,NET 60,2026-07-20 12:39:42,BUYER.SARA
500650,PO100650,9020,AD_HQ,BUYER.JAMES,NET 30,2025-12-23 08:07:33,SYS_PRC_AUTOCREATE
500651,PO100651,9006,AD_HQ,BUYER.OMAR,NET 30,2026-04-10 10:37:13,BUYER.OMAR
500652,PO100652,9004,AD_HQ,BUYER.PRIYA,NET 60,2024-10-24 10:22:47,BUYER.PRIYA
500653,PO100653,9003,AD_FACILITIES,BUYER.PRIYA,NET 30,2026-08-10 09:26:52,BUYER.PRIYA
500654,PO100654,9006,AD_HQ,BUYER.OMAR,NET 30,2025-01-08 17:17:24,BUYER.OMAR
500655,PO100655,9009,AD_OPERATIONS,BUYER.SARA,NET 60,2024-11-05 10:09:28,SYS_PRC_AUTOCREATE
500656,PO100656,9015,AD_HQ,BUYER.SARA,NET 60,2026-03-04 12:43:41,BUYER.SARA
500657,PO100657,9015,AD_HQ,BUYER.PRIYA,NET 60,2026-09-16 09:48:59,BUYER.PRIYA
500658,PO100658,9008,AD_HQ,BUYER.OMAR,NET 30,2026-08-21 08:19:40,SYS_PRC_AUTOCREATE
500659,PO100659,9016,AD_HQ,BUYER.OMAR,NET 45,2025-12-23 13:04:14,BUYER.OMAR
500660,PO100660,9016,AD_OPERATIONS,BUYER.SARA,NET 45,2025-03-19 10:06:54,SYS_PRC_AUTOCREATE
500661,PO100661,9010,AD_HQ,BUYER.PRIYA,NET 30,2025-07-02 09:48:30,BUYER.PRIYA
500662,PO100662,9015,AD_OPERATIONS,BUYER.PRIYA,NET 60,2026-01-28 10:03:30,SYS_PRC_AUTOCREATE
500663,PO100663,9012,AD_HQ,BUYER.SARA,NET 60,2025-02-27 15:37:40,SYS_PRC_AUTOCREATE
500664,PO100664,9014,AD_OPERATIONS,BUYER.SARA,NET 30,2025-09-03 16:19:26,BUYER.SARA
500665,PO100665,9014,AD_OPERATIONS,BUYER.SARA,NET 30,2026-03-02 10:29:54,SYS_PRC_AUTOCREATE
500666,PO100666,9003,AD_FACILITIES,BUYER.JAMES,NET 30,2025-12-25 09:56:59,SYS_PRC_AUTOCREATE
500667,PO100667,9014,AD_HQ,BUYER.OMAR,NET 30,2025-07-30 10:48:43,SYS_PRC_AUTOCREATE
500668,PO100668,9014,AD_FACILITIES,BUYER.OMAR,NET 30,2024-12-02 10:48:15,BUYER.OMAR
500669,PO100669,9017,AD_FACILITIES,BUYER.PRIYA,NET 30,2025-07-10 09:51:40,SYS_PRC_AUTOCREATE
500670,PO100670,9003,AD_HQ,BUYER.JAMES,NET 30,2026-08-06 09:56:22,BUYER.JAMES
500671,PO100671,9013,AD_HQ,BUYER.OMAR,NET 60,2024-11-22 08:58:27,BUYER.OMAR
500672,PO100672,9011,AD_FACILITIES,BUYER.JAMES,NET 60,2026-09-17 10:12:38,SYS_PRC_AUTOCREATE
500673,PO100673,9003,AD_FACILITIES,BUYER.SARA,NET 30,2025-07-16 14:14:04,BUYER.SARA
500674,PO100674,9012,AD_FACILITIES,BUYER.PRIYA,NET 60,2025-01-29 09:00:23,BUYER.PRIYA
500675,PO100675,9009,AD_FACILITIES,BUYER.JAMES,NET 60,2026-08-31 09:04:57,BUYER.JAMES
500676,PO100676,9007,AD_OPERATIONS,BUYER.SARA,NET 30,2025-02-21 10:53:07,SYS_PRC_AUTOCREATE
500677,PO100677,9014,AD_HQ,BUYER.PRIYA,NET 30,2025-10-17 08:22:00,SYS_PRC_AUTOCREATE
500678,PO100678,9014,AD_HQ,BUYER.SARA,NET 30,2025-09-29 17:10:04,SYS_PRC_AUTOCREATE
500679,PO100679,9019,AD_FACILITIES,BUYER.SARA,NET 30,2026-05-04 09:05:35,BUYER.SARA
500680,PO100680,9010,AD_FACILITIES,BUYER.JAMES,NET 30,2025-08-06 08:43:32,BUYER.JAMES
500681,PO100681,9002,AD_HQ,BUYER.JAMES,NET 30,2025-08-07 14:44:48,BUYER.JAMES
500682,PO100682,9003,AD_HQ,BUYER.JAMES,NET 30,2025-02-11 08:10:11,SYS_PRC_AUTOCREATE
500683,PO100683,9006,AD_FACILITIES,BUYER.JAMES,NET 30,2025-10-01 09:48:59,SYS_PRC_AUTOCREATE
500684,PO100684,9013,AD_OPERATIONS,BUYER.PRIYA,NET 60,2025-12-03 09:51:02,SYS_PRC_AUTOCREATE
500685,PO100685,9009,AD_OPERATIONS,BUYER.SARA,NET 60,2025-08-22 10:09:05,SYS_PRC_AUTOCREATE
500686,PO100686,9017,AD_HQ,BUYER.JAMES,NET 30,2025-02-28 09:02:27,BUYER.JAMES
500687,PO100687,9019,AD_OPERATIONS,BUYER.OMAR,NET 30,2025-12-15 12:23:32,BUYER.OMAR
500688,PO100688,9004,AD_FACILITIES,BUYER.SARA,NET 60,2025-08-28 11:37:44,BUYER.SARA
500689,PO100689,9001,AD_OPERATIONS,BUYER.JAMES,NET 60,2026-03-23 16:33:50,BUYER.JAMES
500690,PO100690,9019,AD_OPERATIONS,BUYER.PRIYA,NET 30,2025-01-27 12:16:41,BUYER.PRIYA
500691,PO100691,9012,AD_OPERATIONS,BUYER.OMAR,NET 60,2024-10-23 08:44:45,SYS_PRC_AUTOCREATE
500692,PO100692,9006,AD_OPERATIONS,BUYER.OMAR,NET 30,2024-10-31 10:17:05,SYS_PRC_AUTOCREATE
500693,PO100693,9012,AD_HQ,BUYER.PRIYA,NET 60,2026-07-06 16:45:36,BUYER.PRIYA
500694,PO100694,9011,AD_FACILITIES,BUYER.OMAR,NET 60,2025-01-03 10:38:42,BUYER.OMAR
500696,PO100696,9006,AD_FACILITIES,BUYER.SARA,NET 30,2024-12-27 08:55:36,BUYER.SARA
500697,PO100697,9004,AD_HQ,BUYER.OMAR,NET 60,2026-08-03 09:53:01,SYS_PRC_AUTOCREATE
500698,PO100698,9005,AD_HQ,BUYER.PRIYA,NET 45,2025-01-09 10:07:00,BUYER.PRIYA
500699,PO100699,9016,AD_HQ,BUYER.JAMES,NET 45,2025-08-27 10:49:02,BUYER.JAMES
500700,PO100700,9014,AD_OPERATIONS,BUYER.SARA,NET 30,2026-01-23 08:55:50,BUYER.SARA
500702,PO100702,9011,AD_OPERATIONS,BUYER.OMAR,NET 60,2025-04-09 08:17:23,SYS_PRC_AUTOCREATE
500703,PO100703,9011,AD_HQ,BUYER.OMAR,NET 60,2026-01-29 17:53:19,BUYER.OMAR
500704,PO100704,9012,AD_FACILITIES,BUYER.OMAR,NET 60,2026-03-16 13:24:06,SYS_PRC_AUTOCREATE
500705,PO100705,9013,AD_HQ,BUYER.OMAR,NET 60,2024-12-30 14:24:11,BUYER.OMAR
500706,PO100706,9016,AD_FACILITIES,BUYER.JAMES,NET 45,2026-07-24 09:00:43,BUYER.JAMES
500707,PO100707,9018,AD_OPERATIONS,BUYER.SARA,NET 30,2025-06-18 08:34:36,BUYER.SARA
500708,PO100708,9018,AD_FACILITIES,BUYER.OMAR,NET 30,2026-05-14 08:37:49,SYS_PRC_AUTOCREATE
500709,PO100709,9004,AD_HQ,BUYER.OMAR,NET 60,2025-05-05 09:24:30,SYS_PRC_AUTOCREATE
500710,PO100710,9008,AD_HQ,BUYER.SARA,NET 30,2025-09-15 09:21:33,SYS_PRC_AUTOCREATE
500711,PO100711,9011,AD_HQ,BUYER.SARA,NET 60,2026-04-27 09:26:43,BUYER.SARA
500712,PO100712,9010,AD_HQ,BUYER.OMAR,NET 30,2025-08-14 12:07:43,BUYER.OMAR
500713,PO100713,9003,AD_FACILITIES,BUYER.PRIYA,NET 30,2025-09-01 15:34:20,BUYER.PRIYA
500714,PO100714,9017,AD_HQ,BUYER.PRIYA,NET 30,2026-04-08 10:23:12,BUYER.PRIYA
500715,PO100715,9020,AD_FACILITIES,BUYER.SARA,NET 30,2026-05-04 17:22:23,BUYER.SARA
500716,PO100716,9002,AD_FACILITIES,BUYER.SARA,NET 30,2025-09-17 10:55:47,BUYER.SARA
500717,PO100717,9018,AD_HQ,BUYER.JAMES,NET 30,2025-02-12 14:28:18,BUYER.JAMES
500718,PO100718,9004,AD_OPERATIONS,BUYER.JAMES,NET 60,2026-08-20 10:07:52,BUYER.JAMES
500719,PO100719,9014,AD_HQ,BUYER.JAMES,NET 30,2025-04-18 08:34:51,SYS_PRC_AUTOCREATE
500720,PO100720,9007,AD_FACILITIES,BUYER.SARA,NET 30,2025-04-04 09:34:36,BUYER.SARA
500721,PO100721,9014,AD_HQ,BUYER.SARA,NET 30,2025-02-20 12:13:23,BUYER.SARA
500722,PO100722,9014,AD_HQ,BUYER.OMAR,NET 30,2026-08-18 08:21:56,SYS_PRC_AUTOCREATE
500723,PO100723,9015,AD_OPERATIONS,BUYER.OMAR,NET 60,2025-05-07 09:57:26,BUYER.OMAR
500724,PO100724,9007,AD_OPERATIONS,BUYER.OMAR,NET 30,2026-05-28 12:16:48,BUYER.OMAR
500725,PO100725,9006,AD_HQ,BUYER.SARA,NET 30,2025-02-04 09:23:08,SYS_PRC_AUTOCREATE
500726,PO100726,9016,AD_FACILITIES,BUYER.SARA,NET 45,2024-10-18 09:55:33,BUYER.SARA
500727,PO100727,9010,AD_FACILITIES,BUYER.SARA,NET 30,2026-03-19 16:28:55,BUYER.SARA
500728,PO100728,9003,AD_OPERATIONS,BUYER.SARA,NET 30,2026-08-12 09:50:45,BUYER.SARA
500729,PO100729,9020,AD_OPERATIONS,BUYER.JAMES,NET 30,2025-09-18 10:36:03,BUYER.JAMES
500730,PO100730,9004,AD_HQ,BUYER.PRIYA,NET 60,2025-12-01 15:19:38,BUYER.PRIYA
500731,PO100731,9003,AD_FACILITIES,BUYER.PRIYA,NET 30,2024-11-14 09:42:45,BUYER.PRIYA
500732,PO100732,9004,AD_OPERATIONS,BUYER.JAMES,NET 60,2025-01-13 09:35:05,BUYER.JAMES
500733,PO100733,9004,AD_FACILITIES,BUYER.OMAR,NET 60,2026-02-03 16:04:39,BUYER.OMAR
500734,PO100734,9002,AD_HQ,BUYER.PRIYA,NET 30,2025-07-30 08:53:49,SYS_PRC_AUTOCREATE
500735,PO100735,9009,AD_OPERATIONS,BUYER.SARA,NET 60,2026-05-25 09:35:06,BUYER.SARA
500736,PO100736,9001,AD_HQ,BUYER.OMAR,NET 60,2024-11-28 08:13:46,BUYER.OMAR
500737,PO100737,9018,AD_OPERATIONS,BUYER.JAMES,NET 30,2025-03-31 08:52:30,BUYER.JAMES
500738,PO100738,9005,AD_OPERATIONS,BUYER.JAMES,NET 45,2026-08-05 11:14:47,BUYER.JAMES
500739,PO100739,9020,AD_HQ,BUYER.OMAR,NET 30,2026-07-09 16:43:20,BUYER.OMAR
500740,PO100740,9020,AD_FACILITIES,BUYER.JAMES,NET 30,2025-03-07 11:36:34,SYS_PRC_AUTOCREATE
500741,PO100741,9017,AD_OPERATIONS,BUYER.SARA,NET 30,2025-07-29 10:21:07,BUYER.SARA
500742,PO100742,9014,AD_HQ,BUYER.OMAR,NET 30,2025-04-22 09:38:31,BUYER.OMAR
500743,PO100743,9011,AD_FACILITIES,BUYER.SARA,NET 60,2026-09-04 12:53:10,SYS_PRC_AUTOCREATE
500744,PO100744,9002,AD_FACILITIES,BUYER.JAMES,NET 30,2026-06-19 08:50:30,BUYER.JAMES
500745,PO100745,9015,AD_HQ,BUYER.OMAR,NET 60,2025-12-15 10:10:43,BUYER.OMAR
500746,PO100746,9003,AD_OPERATIONS,BUYER.JAMES,NET 30,2026-07-06 10:26:52,BUYER.JAMES
500747,PO100747,9006,AD_FACILITIES,BUYER.OMAR,NET 30,2024-12-27 09:08:00,BUYER.OMAR
500748,PO100748,9004,AD_FACILITIES,BUYER.JAMES,NET 60,2025-07-07 09:26:10,BUYER.JAMES
500749,PO100749,9005,AD_OPERATIONS,BUYER.JAMES,NET 45,2026-05-21 09:34:15,SYS_PRC_AUTOCREATE
500750,PO100750,9012,AD_HQ,BUYER.SARA,NET 60,2026-04-22 09:48:48,SYS_PRC_AUTOCREATE
500751,PO100751,9016,AD_FACILITIES,BUYER.PRIYA,NET 45,2026-01-07 14:20:07,BUYER.PRIYA
500752,PO100752,9011,AD_HQ,BUYER.OMAR,NET 60,2024-10-11 08:53:10,BUYER.OMAR
500753,PO100753,9014,AD_HQ,BUYER.PRIYA,NET 30,2025-11-12 10:19:58,BUYER.PRIYA
500754,PO100754,9015,AD_HQ,BUYER.PRIYA,NET 60,2025-03-26 13:17:11,BUYER.PRIYA
500755,PO100755,9015,AD_FACILITIES,BUYER.PRIYA,NET 60,2025-07-15 13:11:20,BUYER.PRIYA
500756,PO100756,9009,AD_OPERATIONS,BUYER.PRIYA,NET 60,2025-11-04 11:49:40,SYS_PRC_AUTOCREATE
500757,PO100757,9004,AD_OPERATIONS,BUYER.SARA,NET 60,2024-11-28 08:17:57,BUYER.SARA
500758,PO100758,9016,AD_FACILITIES,BUYER.SARA,NET 45,2025-05-22 09:02:21,SYS_PRC_AUTOCREATE
500759,PO100759,9008,AD_HQ,BUYER.PRIYA,NET 30,2026-01-12 10:44:09,BUYER.PRIYA
500760,PO100760,9008,AD_OPERATIONS,BUYER.PRIYA,NET 30,2025-10-22 08:06:19,SYS_PRC_AUTOCREATE
500761,PO100761,9012,AD_OPERATIONS,BUYER.SARA,NET 60,2025-05-05 10:40:14,BUYER.SARA
500762,PO100762,9010,AD_OPERATIONS,BUYER.PRIYA,NET 30,2026-08-27 10:51:02,BUYER.PRIYA
500763,PO100763,9007,AD_OPERATIONS,BUYER.JAMES,NET 30,2025-12-16 10:06:41,BUYER.JAMES
500764,PO100764,9007,AD_HQ,BUYER.SARA,NET 30,2025-01-23 10:22:09,BUYER.SARA
500765,PO100765,9016,AD_OPERATIONS,BUYER.SARA,NET 45,2026-01-09 13:13:00,SYS_PRC_AUTOCREATE
500766,PO100766,9013,AD_OPERATIONS,BUYER.PRIYA,NET 60,2026-02-04 08:08:52,BUYER.PRIYA
500767,PO100767,9012,AD_FACILITIES,BUYER.SARA,NET 60,2026-04-22 09:46:47,BUYER.SARA
500768,PO100768,9008,AD_OPERATIONS,BUYER.SARA,NET 30,2024-10-21 08:27:42,SYS_PRC_AUTOCREATE
500769,PO100769,9019,AD_OPERATIONS,BUYER.SARA,NET 30,2026-04-13 10:14:38,BUYER.SARA
500770,PO100770,9003,AD_OPERATIONS,BUYER.OMAR,NET 30,2024-12-18 14:26:19,SYS_PRC_AUTOCREATE
500772,PO100772,9019,AD_OPERATIONS,BUYER.OMAR,NET 30,2026-02-06 08:00:38,SYS_PRC_AUTOCREATE
500773,PO100773,9009,AD_OPERATIONS,BUYER.SARA,NET 60,2025-10-29 10:45:47,SYS_PRC_AUTOCREATE
500774,PO100774,9007,AD_HQ,BUYER.JAMES,NET 30,2025-06-17 17:58:08,BUYER.JAMES
500775,PO100775,9013,AD_FACILITIES,BUYER.PRIYA,NET 60,2025-07-11 08:33:28,SYS_PRC_AUTOCREATE
500776,PO100776,9014,AD_FACILITIES,BUYER.SARA,NET 30,2025-03-06 10:01:37,BUYER.SARA
500777,PO100777,9009,AD_FACILITIES,BUYER.SARA,NET 60,2026-02-25 12:05:21,BUYER.SARA
500778,PO100778,9003,AD_HQ,BUYER.OMAR,NET 30,2025-02-03 10:33:27,BUYER.OMAR
500779,PO100779,9003,AD_HQ,BUYER.JAMES,NET 30,2025-01-01 09:14:36,BUYER.JAMES
500780,PO100780,9004,AD_HQ,BUYER.OMAR,NET 60,2024-12-13 09:52:47,BUYER.OMAR
500781,PO100781,9008,AD_FACILITIES,BUYER.OMAR,NET 30,2025-05-05 08:40:00,BUYER.OMAR
500782,PO100782,9015,AD_OPERATIONS,BUYER.OMAR,NET 60,2025-08-11 10:02:12,SYS_PRC_AUTOCREATE
500783,PO100783,9009,AD_OPERATIONS,BUYER.OMAR,NET 60,2025-07-17 08:56:28,BUYER.OMAR
500784,PO100784,9017,AD_OPERATIONS,BUYER.SARA,NET 30,2026-06-15 10:45:38,BUYER.SARA
500785,PO100785,9011,AD_HQ,BUYER.PRIYA,NET 60,2025-12-05 10:05:08,BUYER.PRIYA
500786,PO100786,9003,AD_HQ,BUYER.PRIYA,NET 30,2025-02-17 15:57:44,BUYER.PRIYA
500787,PO100787,9012,AD_HQ,BUYER.PRIYA,NET 60,2026-02-02 09:02:16,BUYER.PRIYA
500789,PO100789,9016,AD_OPERATIONS,BUYER.OMAR,NET 45,2025-05-16 10:15:38,SYS_PRC_AUTOCREATE
500790,PO100790,9011,AD_FACILITIES,BUYER.SARA,NET 60,2024-11-11 08:02:49,BUYER.SARA
500791,PO100791,9003,AD_OPERATIONS,BUYER.SARA,NET 30,2025-03-12 09:32:35,SYS_PRC_AUTOCREATE
500792,PO100792,9001,AD_OPERATIONS,BUYER.OMAR,NET 60,2025-03-11 12:34:49,BUYER.OMAR
500793,PO100793,9004,AD_OPERATIONS,BUYER.SARA,NET 60,2026-01-27 13:36:12,BUYER.SARA
500794,PO100794,9012,AD_OPERATIONS,BUYER.SARA,NET 60,2026-05-08 10:52:34,BUYER.SARA
500795,PO100795,9010,AD_OPERATIONS,BUYER.SARA,NET 30,2026-04-29 09:08:23,BUYER.SARA
500796,PO100796,9015,AD_FACILITIES,BUYER.SARA,NET 60,2026-08-27 09:30:24,SYS_PRC_AUTOCREATE
500797,PO100797,9011,AD_FACILITIES,BUYER.PRIYA,NET 60,2025-01-30 16:27:46,BUYER.PRIYA
500798,PO100798,9020,AD_HQ,BUYER.JAMES,NET 30,2025-01-28 09:47:47,BUYER.JAMES
500799,PO100799,9016,AD_OPERATIONS,BUYER.SARA,NET 45,2024-12-11 08:00:49,BUYER.SARA
500800,PO100800,9020,AD_HQ,BUYER.OMAR,NET 30,2025-02-03 09:01:10,BUYER.OMAR
500801,PO100801,9006,AD_HQ,BUYER.PRIYA,NET 30,2025-02-25 08:56:25,BUYER.PRIYA
500802,PO100802,9020,AD_FACILITIES,BUYER.PRIYA,NET 30,2024-12-31 10:17:55,BUYER.PRIYA
500803,PO100803,9011,AD_HQ,BUYER.JAMES,NET 60,2025-04-28 14:53:36,BUYER.JAMES
500804,PO100804,9003,AD_OPERATIONS,BUYER.OMAR,NET 30,2024-11-29 11:36:11,SYS_PRC_AUTOCREATE
500805,PO100805,9017,AD_OPERATIONS,BUYER.OMAR,NET 30,2026-04-30 10:58:28,BUYER.OMAR
500806,PO100806,9020,AD_OPERATIONS,BUYER.SARA,NET 30,2025-12-30 09:16:56,BUYER.SARA
500807,PO100807,9002,AD_OPERATIONS,BUYER.OMAR,NET 30,2025-08-25 09:39:19,BUYER.OMAR
500808,PO100808,9020,AD_HQ,BUYER.OMAR,NET 30,2026-08-10 12:49:54,SYS_PRC_AUTOCREATE
500809,PO100809,9001,AD_FACILITIES,BUYER.JAMES,NET 60,2026-04-07 11:00:35,SYS_PRC_AUTOCREATE
500810,PO100810,9016,AD_FACILITIES,BUYER.SARA,NET 45,2025-07-10 08:39:34,BUYER.SARA
500811,PO100811,9007,AD_HQ,BUYER.SARA,NET 30,2025-06-11 08:18:53,BUYER.SARA
500812,PO100812,9002,AD_FACILITIES,BUYER.OMAR,NET 30,2025-08-12 10:58:19,BUYER.OMAR
500813,PO100813,9001,AD_FACILITIES,BUYER.SARA,NET 60,2025-04-10 08:12:48,SYS_PRC_AUTOCREATE
500814,PO100814,9009,AD_OPERATIONS,BUYER.JAMES,NET 60,2025-01-08 09:31:57,BUYER.JAMES
500815,PO100815,9002,AD_HQ,BUYER.OMAR,NET 30,2026-01-26 08:50:15,BUYER.OMAR
500816,PO100816,9006,AD_OPERATIONS,BUYER.OMAR,NET 30,2026-01-05 10:41:04,SYS_PRC_AUTOCREATE
500817,PO100817,9004,AD_FACILITIES,BUYER.PRIYA,NET 60,2024-12-02 10:19:41,BUYER.PRIYA
500818,PO100818,9011,AD_FACILITIES,BUYER.SARA,NET 60,2025-12-18 10:17:14,BUYER.SARA
500819,PO100819,9016,AD_OPERATIONS,BUYER.OMAR,NET 45,2026-08-19 10:20:52,BUYER.OMAR
500820,PO100820,9013,AD_FACILITIES,BUYER.PRIYA,NET 60,2025-09-12 08:12:33,BUYER.PRIYA
500821,PO100821,9020,AD_OPERATIONS,BUYER.JAMES,NET 30,2025-02-13 10:44:28,SYS_PRC_AUTOCREATE
500822,PO100822,9011,AD_FACILITIES,BUYER.SARA,NET 60,2025-07-29 08:44:34,BUYER.SARA
500823,PO100823,9011,AD_FACILITIES,BUYER.SARA,NET 60,2025-08-15 10:15:30,SYS_PRC_AUTOCREATE
500824,PO100824,9002,AD_OPERATIONS,BUYER.PRIYA,NET 30,2025-07-02 09:17:51,SYS_PRC_AUTOCREATE
500825,PO100825,9005,AD_HQ,BUYER.OMAR,NET 45,2026-07-03 10:26:58,BUYER.OMAR
500826,PO100826,9020,AD_HQ,BUYER.OMAR,NET 30,2025-11-21 10:47:31,SYS_PRC_AUTOCREATE
500827,PO100827,9013,AD_HQ,BUYER.JAMES,NET 60,2025-11-05 08:01:10,SYS_PRC_AUTOCREATE
500828,PO100828,9016,AD_OPERATIONS,BUYER.OMAR,NET 45,2026-07-10 08:46:46,BUYER.OMAR
500829,PO100829,9005,AD_HQ,BUYER.OMAR,NET 45,2025-11-21 08:11:22,BUYER.OMAR
500830,PO100830,9017,AD_HQ,BUYER.JAMES,NET 30,2025-11-26 11:38:09,SYS_PRC_AUTOCREATE
500831,PO100831,9005,AD_OPERATIONS,BUYER.OMAR,NET 45,2025-06-02 08:43:03,SYS_PRC_AUTOCREATE
500832,PO100832,9003,AD_HQ,BUYER.SARA,NET 30,2026-02-26 10:55:32,BUYER.SARA
500833,PO100833,9004,AD_HQ,BUYER.SARA,NET 60,2024-10-23 11:22:11,SYS_PRC_AUTOCREATE
500834,PO100834,9008,AD_HQ,BUYER.OMAR,NET 30,2025-01-03 13:39:10,SYS_PRC_AUTOCREATE
500835,PO100835,9020,AD_FACILITIES,BUYER.PRIYA,NET 30,2026-08-13 08:33:03,BUYER.PRIYA
500836,PO100836,9017,AD_OPERATIONS,BUYER.OMAR,NET 30,2025-10-07 15:06:01,SYS_PRC_AUTOCREATE
500837,PO100837,9014,AD_OPERATIONS,BUYER.OMAR,NET 30,2025-03-18 10:17:25,SYS_PRC_AUTOCREATE
500838,PO100838,9007,AD_HQ,BUYER.SARA,NET 30,2025-06-30 10:16:39,BUYER.SARA
500839,PO100839,9011,AD_HQ,BUYER.OMAR,NET 60,2025-11-10 09:47:54,BUYER.OMAR
500840,PO100840,9001,AD_FACILITIES,BUYER.PRIYA,NET 60,2026-05-04 09:00:09,BUYER.PRIYA
500841,PO100841,9014,AD_OPERATIONS,BUYER.SARA,NET 30,2026-04-16 09:55:02,BUYER.SARA
500842,PO100842,9011,AD_HQ,BUYER.JAMES,NET 60,2025-09-04 09:10:26,BUYER.JAMES
500843,PO100843,9002,AD_FACILITIES,BUYER.SARA,NET 30,2025-03-18 16:36:28,SYS_PRC_AUTOCREATE
500844,PO100844,9020,AD_HQ,BUYER.JAMES,NET 30,2025-04-03 17:25:01,SYS_PRC_AUTOCREATE
500845,PO100845,9010,AD_HQ,BUYER.OMAR,NET 30,2026-02-11 08:57:30,BUYER.OMAR
500846,PO100846,9006,AD_FACILITIES,BUYER.JAMES,NET 30,2026-01-07 15:03:33,BUYER.JAMES
500847,PO100847,9009,AD_FACILITIES,BUYER.PRIYA,NET 60,2025-12-22 10:56:12,BUYER.PRIYA
500848,PO100848,9007,AD_FACILITIES,BUYER.OMAR,NET 30,2024-12-04 10:25:38,BUYER.OMAR
500849,PO100849,9007,AD_FACILITIES,BUYER.JAMES,NET 30,2026-09-16 08:04:22,BUYER.JAMES
500850,PO100850,9010,AD_FACILITIES,BUYER.SARA,NET 30,2026-03-30 08:50:26,SYS_PRC_AUTOCREATE
500851,PO100851,9002,AD_FACILITIES,BUYER.OMAR,NET 30,2025-10-27 10:56:49,BUYER.OMAR
500852,PO100852,9001,AD_HQ,BUYER.OMAR,NET 60,2026-06-29 16:06:40,BUYER.OMAR
500853,PO100853,9010,AD_OPERATIONS,BUYER.PRIYA,NET 30,2026-09-14 08:00:49,BUYER.PRIYA
500854,PO100854,9017,AD_HQ,BUYER.PRIYA,NET 30,2026-05-11 15:33:12,SYS_PRC_AUTOCREATE
500855,PO100855,9017,AD_FACILITIES,BUYER.PRIYA,NET 30,2025-08-27 13:18:47,BUYER.PRIYA
500856,PO100856,9006,AD_FACILITIES,BUYER.OMAR,NET 30,2026-02-17 10:12:49,BUYER.OMAR
500857,PO100857,9010,AD_FACILITIES,BUYER.JAMES,NET 30,2025-03-03 08:24:13,BUYER.JAMES
500858,PO100858,9003,AD_FACILITIES,BUYER.PRIYA,NET 30,2025-05-16 12:18:50,BUYER.PRIYA
500859,PO100859,9016,AD_OPERATIONS,BUYER.OMAR,NET 45,2026-07-23 09:44:21,SYS_PRC_AUTOCREATE
500860,PO100860,9003,AD_HQ,BUYER.PRIYA,NET 30,2026-09-01 10:55:12,BUYER.PRIYA
500861,PO100861,9011,AD_FACILITIES,BUYER.SARA,NET 60,2026-02-27 09:33:42,SYS_PRC_AUTOCREATE
500862,PO100862,9008,AD_HQ,BUYER.JAMES,NET 30,2024-12-18 08:46:03,BUYER.JAMES
500863,PO100863,9009,AD_HQ,BUYER.JAMES,NET 60,2026-03-20 10:26:21,BUYER.JAMES
500864,PO100864,9002,AD_FACILITIES,BUYER.PRIYA,NET 30,2025-07-21 12:33:26,BUYER.PRIYA
500865,PO100865,9017,AD_HQ,BUYER.PRIYA,NET 30,2025-03-03 10:15:36,BUYER.PRIYA
500866,PO100866,9010,AD_FACILITIES,BUYER.JAMES,NET 30,2025-01-17 10:42:14,SYS_PRC_AUTOCREATE
500867,PO100867,9006,AD_HQ,BUYER.PRIYA,NET 30,2024-12-26 09:50:27,BUYER.PRIYA
500868,PO100868,9006,AD_HQ,BUYER.OMAR,NET 30,2024-10-18 11:01:09,BUYER.OMAR
500869,PO100869,9018,AD_HQ,BUYER.JAMES,NET 30,2025-07-14 08:51:06,SYS_PRC_AUTOCREATE
500870,PO100870,9001,AD_HQ,BUYER.JAMES,NET 60,2024-12-30 16:56:33,BUYER.JAMES
500871,PO100871,9001,AD_HQ,BUYER.SARA,NET 60,2026-09-01 10:06:31,BUYER.SARA
500872,PO100872,9007,AD_FACILITIES,BUYER.PRIYA,NET 30,2025-08-13 10:57:14,SYS_PRC_AUTOCREATE
500873,PO100873,9015,AD_HQ,BUYER.PRIYA,NET 60,2024-12-18 10:19:28,BUYER.PRIYA
500874,PO100874,9005,AD_FACILITIES,BUYER.JAMES,NET 45,2026-05-14 10:11:45,SYS_PRC_AUTOCREATE
500876,PO100876,9017,AD_FACILITIES,BUYER.OMAR,NET 30,2025-04-21 08:37:20,SYS_PRC_AUTOCREATE
500877,PO100877,9016,AD_OPERATIONS,BUYER.SARA,NET 45,2026-04-30 11:47:28,SYS_PRC_AUTOCREATE
500878,PO100878,9010,AD_FACILITIES,BUYER.OMAR,NET 30,2025-11-10 08:23:44,BUYER.OMAR
500879,PO100879,9008,AD_HQ,BUYER.SARA,NET 30,2026-02-05 09:58:43,BUYER.SARA
500880,PO100880,9013,AD_HQ,BUYER.PRIYA,NET 60,2026-08-31 10:11:12,BUYER.PRIYA
500881,PO100881,9020,AD_HQ,BUYER.PRIYA,NET 30,2026-05-11 10:03:55,BUYER.PRIYA
500882,PO100882,9012,AD_FACILITIES,BUYER.OMAR,NET 60,2025-07-16 09:55:58,BUYER.OMAR
500883,PO100883,9011,AD_FACILITIES,BUYER.OMAR,NET 60,2026-06-25 08:32:40,SYS_PRC_AUTOCREATE
500884,PO100884,9006,AD_FACILITIES,BUYER.JAMES,NET 30,2026-04-06 10:29:18,SYS_PRC_AUTOCREATE
500885,PO100885,9020,AD_FACILITIES,BUYER.JAMES,NET 30,2025-05-20 12:36:28,BUYER.JAMES
500886,PO100886,9004,AD_HQ,BUYER.OMAR,NET 60,2026-05-25 10:13:48,SYS_PRC_AUTOCREATE
500887,PO100887,9019,AD_OPERATIONS,BUYER.SARA,NET 30,2026-08-17 12:05:02,BUYER.SARA
500888,PO100888,9002,AD_HQ,BUYER.SARA,NET 30,2026-05-11 10:01:01,SYS_PRC_AUTOCREATE
500889,PO100889,9015,AD_OPERATIONS,BUYER.OMAR,NET 60,2026-06-24 10:02:20,BUYER.OMAR
500890,PO100890,9008,AD_HQ,BUYER.JAMES,NET 30,2025-03-24 16:12:01,SYS_PRC_AUTOCREATE
500891,PO100891,9006,AD_OPERATIONS,BUYER.OMAR,NET 30,2026-04-08 10:00:53,SYS_PRC_AUTOCREATE
500892,PO100892,9010,AD_HQ,BUYER.JAMES,NET 30,2026-04-27 10:47:37,BUYER.JAMES
500894,PO100894,9016,AD_HQ,BUYER.PRIYA,NET 45,2024-10-30 14:57:24,BUYER.PRIYA
500895,PO100895,9005,AD_HQ,BUYER.JAMES,NET 45,2024-11-04 09:24:58,SYS_PRC_AUTOCREATE
500896,PO100896,9012,AD_FACILITIES,BUYER.OMAR,NET 60,2025-12-12 12:17:50,SYS_PRC_AUTOCREATE
500897,PO100897,9019,AD_FACILITIES,BUYER.JAMES,NET 30,2025-01-10 13:22:59,BUYER.JAMES
500898,PO100898,9004,AD_HQ,BUYER.OMAR,NET 60,2025-01-17 10:40:16,SYS_PRC_AUTOCREATE
500899,PO100899,9009,AD_HQ,BUYER.SARA,NET 60,2025-11-05 10:44:37,BUYER.SARA
500900,PO100900,9004,AD_HQ,BUYER.PRIYA,NET 60,2026-04-02 14:22:56,BUYER.PRIYA
500901,PO100901,9002,AD_FACILITIES,BUYER.PRIYA,NET 30,2025-12-19 10:12:06,SYS_PRC_AUTOCREATE
500902,PO100902,9020,AD_OPERATIONS,BUYER.JAMES,NET 30,2026-02-26 10:22:38,BUYER.JAMES
500903,PO100903,9018,AD_OPERATIONS,BUYER.JAMES,NET 30,2026-04-07 09:26:26,SYS_PRC_AUTOCREATE
500904,PO100904,9003,AD_HQ,BUYER.PRIYA,NET 30,2024-12-26 17:08:09,SYS_PRC_AUTOCREATE
500905,PO100905,9013,AD_HQ,BUYER.SARA,NET 60,2024-12-10 10:55:36,BUYER.SARA
500906,PO100906,9012,AD_OPERATIONS,BUYER.SARA,NET 60,2025-04-24 09:28:01,BUYER.SARA
500907,PO100907,9012,AD_HQ,BUYER.OMAR,NET 60,2025-06-27 09:09:10,BUYER.OMAR
500908,PO100908,9007,AD_OPERATIONS,BUYER.JAMES,NET 30,2025-12-11 14:59:11,SYS_PRC_AUTOCREATE
500909,PO100909,9001,AD_FACILITIES,BUYER.JAMES,NET 60,2026-03-23 10:38:01,SYS_PRC_AUTOCREATE
500910,PO100910,9002,AD_OPERATIONS,BUYER.SARA,NET 30,2026-05-21 08:26:43,BUYER.SARA
500911,PO100911,9007,AD_OPERATIONS,BUYER.OMAR,NET 30,2025-12-09 08:21:44,SYS_PRC_AUTOCREATE
500912,PO100912,9012,AD_OPERATIONS,BUYER.SARA,NET 60,2026-06-26 08:55:18,BUYER.SARA
500913,PO100913,9004,AD_FACILITIES,BUYER.OMAR,NET 60,2025-10-01 10:35:34,BUYER.OMAR
500914,PO100914,9014,AD_HQ,BUYER.JAMES,NET 30,2025-01-10 08:03:01,BUYER.JAMES
500915,PO100915,9001,AD_HQ,BUYER.SARA,NET 60,2025-08-13 09:54:15,BUYER.SARA
500916,PO100916,9011,AD_HQ,BUYER.JAMES,NET 60,2026-09-21 10:30:48,SYS_PRC_AUTOCREATE
500917,PO100917,9007,AD_FACILITIES,BUYER.SARA,NET 30,2026-01-02 08:41:23,BUYER.SARA
500918,PO100918,9013,AD_OPERATIONS,BUYER.SARA,NET 60,2025-09-15 11:51:01,BUYER.SARA
500919,PO100919,9016,AD_FACILITIES,BUYER.OMAR,NET 45,2026-03-05 09:20:05,BUYER.OMAR
500920,PO100920,9005,AD_OPERATIONS,BUYER.OMAR,NET 45,2026-09-07 16:39:36,BUYER.OMAR
500921,PO100921,9006,AD_OPERATIONS,BUYER.PRIYA,NET 30,2026-05-07 10:38:28,SYS_PRC_AUTOCREATE
500922,PO100922,9012,AD_HQ,BUYER.PRIYA,NET 60,2026-01-26 10:07:14,BUYER.PRIYA
500923,PO100923,9019,AD_OPERATIONS,BUYER.JAMES,NET 30,2025-04-11 08:19:00,BUYER.JAMES
500924,PO100924,9002,AD_HQ,BUYER.SARA,NET 30,2025-01-24 13:00:08,BUYER.SARA
500925,PO100925,9019,AD_FACILITIES,BUYER.JAMES,NET 30,2025-05-21 08:35:04,SYS_PRC_AUTOCREATE
500926,PO100926,9020,AD_FACILITIES,BUYER.JAMES,NET 30,2026-08-05 10:22:43,BUYER.JAMES
500927,PO100927,9001,AD_OPERATIONS,BUYER.PRIYA,NET 60,2025-07-29 10:49:32,BUYER.PRIYA
500928,PO100928,9019,AD_OPERATIONS,BUYER.OMAR,NET 30,2024-12-16 12:57:19,SYS_PRC_AUTOCREATE
500929,PO100929,9011,AD_FACILITIES,BUYER.OMAR,NET 60,2026-07-27 10:03:46,BUYER.OMAR
500930,PO100930,9020,AD_FACILITIES,BUYER.PRIYA,NET 30,2025-04-24 09:24:25,BUYER.PRIYA
500931,PO100931,9004,AD_HQ,BUYER.JAMES,NET 60,2026-02-19 08:33:25,SYS_PRC_AUTOCREATE
500932,PO100932,9010,AD_OPERATIONS,BUYER.JAMES,NET 30,2026-06-03 17:36:13,SYS_PRC_AUTOCREATE
500933,PO100933,9007,AD_OPERATIONS,BUYER.JAMES,NET 30,2025-09-05 10:56:04,SYS_PRC_AUTOCREATE
500934,PO100934,9001,AD_HQ,BUYER.PRIYA,NET 60,2026-02-25 15:32:49,SYS_PRC_AUTOCREATE
500935,PO100935,9020,AD_FACILITIES,BUYER.PRIYA,NET 30,2026-01-06 10:20:42,BUYER.PRIYA
500936,PO100936,9016,AD_OPERATIONS,BUYER.SARA,NET 45,2025-12-25 11:39:43,BUYER.SARA
500937,PO100937,9005,AD_HQ,BUYER.PRIYA,NET 45,2025-03-07 10:51:58,BUYER.PRIYA
500938,PO100938,9005,AD_OPERATIONS,BUYER.JAMES,NET 45,2025-01-02 12:13:27,BUYER.JAMES
500939,PO100939,9020,AD_OPERATIONS,BUYER.SARA,NET 30,2026-05-18 08:49:50,BUYER.SARA
500941,PO100941,9016,AD_HQ,BUYER.JAMES,NET 45,2026-05-08 09:22:29,BUYER.JAMES
500942,PO100942,9017,AD_HQ,BUYER.PRIYA,NET 30,2025-01-29 10:17:37,SYS_PRC_AUTOCREATE
500943,PO100943,9006,AD_FACILITIES,BUYER.PRIYA,NET 30,2026-03-09 08:29:18,BUYER.PRIYA
500944,PO100944,9004,AD_OPERATIONS,BUYER.SARA,NET 60,2025-12-19 08:08:46,BUYER.SARA
500945,PO100945,9014,AD_OPERATIONS,BUYER.OMAR,NET 30,2025-03-11 09:56:09,BUYER.OMAR
500946,PO100946,9020,AD_HQ,BUYER.JAMES,NET 30,2026-08-18 16:15:52,SYS_PRC_AUTOCREATE
500947,PO100947,9014,AD_OPERATIONS,BUYER.PRIYA,NET 30,2026-01-02 08:10:43,BUYER.PRIYA
500948,PO100948,9003,AD_FACILITIES,BUYER.PRIYA,NET 30,2024-10-14 10:50:17,BUYER.PRIYA
500949,PO100949,9020,AD_HQ,BUYER.SARA,NET 30,2026-01-21 08:37:01,BUYER.SARA
500950,PO100950,9001,AD_OPERATIONS,BUYER.PRIYA,NET 60,2026-02-02 08:44:13,BUYER.PRIYA
500951,PO100951,9009,AD_OPERATIONS,BUYER.SARA,NET 60,2026-06-15 13:52:13,BUYER.SARA
500952,PO100952,9011,AD_FACILITIES,BUYER.PRIYA,NET 60,2025-10-20 09:03:27,BUYER.PRIYA
500953,PO100953,9009,AD_FACILITIES,BUYER.OMAR,NET 60,2025-11-10 10:29:28,BUYER.OMAR
500954,PO100954,9013,AD_OPERATIONS,BUYER.PRIYA,NET 60,2025-11-19 08:49:48,SYS_PRC_AUTOCREATE
500955,PO100955,9009,AD_OPERATIONS,BUYER.JAMES,NET 60,2026-04-17 15:22:08,SYS_PRC_AUTOCREATE
500956,PO100956,9017,AD_FACILITIES,BUYER.JAMES,NET 30,2026-04-01 13:36:42,BUYER.JAMES
500957,PO100957,9020,AD_HQ,BUYER.OMAR,NET 30,2025-01-17 08:24:53,SYS_PRC_AUTOCREATE
500959,PO100959,9018,AD_FACILITIES,BUYER.SARA,NET 30,2026-06-15 08:25:02,BUYER.SARA
500960,PO100960,9013,AD_OPERATIONS,BUYER.SARA,NET 60,2026-07-13 11:59:02,BUYER.SARA
500961,PO100961,9013,AD_FACILITIES,BUYER.PRIYA,NET 60,2025-09-01 09:24:48,BUYER.PRIYA
500962,PO100962,9017,AD_HQ,BUYER.JAMES,NET 30,2025-05-28 08:01:54,SYS_PRC_AUTOCREATE
500963,PO100963,9011,AD_OPERATIONS,BUYER.PRIYA,NET 60,2026-06-17 10:27:46,BUYER.PRIYA
500964,PO100964,9013,AD_OPERATIONS,BUYER.PRIYA,NET 60,2026-06-29 10:20:43,BUYER.PRIYA
500965,PO100965,9015,AD_FACILITIES,BUYER.OMAR,NET 60,2026-07-20 09:25:12,BUYER.OMAR
500966,PO100966,9017,AD_HQ,BUYER.OMAR,NET 30,2025-10-14 08:14:39,BUYER.OMAR
500967,PO100967,9014,AD_FACILITIES,BUYER.PRIYA,NET 30,2024-11-27 17:17:55,SYS_PRC_AUTOCREATE
500968,PO100968,9001,AD_OPERATIONS,BUYER.JAMES,NET 60,2025-09-23 09:19:27,BUYER.JAMES
500969,PO100969,9016,AD_FACILITIES,BUYER.SARA,NET 45,2026-02-23 08:56:40,BUYER.SARA
500970,PO100970,9013,AD_HQ,BUYER.OMAR,NET 60,2025-01-17 09:15:01,SYS_PRC_AUTOCREATE
500971,PO100971,9014,AD_OPERATIONS,BUYER.SARA,NET 30,2024-10-24 15:29:55,BUYER.SARA
500972,PO100972,9008,AD_HQ,BUYER.SARA,NET 30,2025-06-05 09:38:34,BUYER.SARA
500973,PO100973,9002,AD_HQ,BUYER.OMAR,NET 30,2025-07-14 08:47:58,SYS_PRC_AUTOCREATE
500974,PO100974,9020,AD_FACILITIES,BUYER.OMAR,NET 30,2025-08-13 10:51:30,SYS_PRC_AUTOCREATE
500975,PO100975,9011,AD_FACILITIES,BUYER.JAMES,NET 60,2024-10-16 08:16:12,BUYER.JAMES
500976,PO100976,9016,AD_HQ,BUYER.OMAR,NET 45,2025-08-25 14:24:26,BUYER.OMAR
500977,PO100977,9018,AD_FACILITIES,BUYER.OMAR,NET 30,2025-04-04 08:13:55,BUYER.OMAR
500978,PO100978,9014,AD_FACILITIES,BUYER.SARA,NET 30,2026-03-19 09:44:31,SYS_PRC_AUTOCREATE
500979,PO100979,9006,AD_FACILITIES,BUYER.SARA,NET 30,2026-03-30 16:32:11,BUYER.SARA
500980,PO100980,9013,AD_OPERATIONS,BUYER.PRIYA,NET 60,2025-01-29 10:04:01,BUYER.PRIYA
500981,PO100981,9010,AD_OPERATIONS,BUYER.OMAR,NET 30,2025-02-11 14:27:15,BUYER.OMAR
500982,PO100982,9014,AD_FACILITIES,BUYER.SARA,NET 30,2024-10-18 09:13:33,SYS_PRC_AUTOCREATE
500983,PO100983,9020,AD_OPERATIONS,BUYER.PRIYA,NET 30,2025-03-26 13:16:04,BUYER.PRIYA
500984,PO100984,9019,AD_FACILITIES,BUYER.SARA,NET 30,2025-06-23 08:17:32,BUYER.SARA
500985,PO100985,9007,AD_FACILITIES,BUYER.JAMES,NET 30,2025-02-26 09:16:36,BUYER.JAMES
500986,PO100986,9014,AD_HQ,BUYER.JAMES,NET 30,2025-01-01 08:27:07,BUYER.JAMES
500987,PO100987,9001,AD_HQ,BUYER.JAMES,NET 60,2026-05-01 08:30:23,BUYER.JAMES
500988,PO100988,9001,AD_OPERATIONS,BUYER.SARA,NET 60,2025-04-24 10:52:35,BUYER.SARA
500989,PO100989,9018,AD_FACILITIES,BUYER.JAMES,NET 30,2024-11-20 08:39:05,BUYER.JAMES
500990,PO100990,9011,AD_OPERATIONS,BUYER.OMAR,NET 60,2026-01-15 10:16:21,BUYER.OMAR
500991,PO100991,9004,AD_HQ,BUYER.SARA,NET 60,2024-10-17 10:27:05,SYS_PRC_AUTOCREATE
500992,PO100992,9005,AD_FACILITIES,BUYER.PRIYA,NET 45,2025-05-28 10:50:09,BUYER.PRIYA
500993,PO100993,9006,AD_FACILITIES,BUYER.OMAR,NET 30,2024-12-24 10:31:52,SYS_PRC_AUTOCREATE
500994,PO100994,9001,AD_HQ,BUYER.PRIYA,NET 60,2026-08-24 15:16:54,BUYER.PRIYA
500995,PO100995,9015,AD_FACILITIES,BUYER.SARA,NET 60,2025-04-09 12:27:25,SYS_PRC_AUTOCREATE
500996,PO100996,9003,AD_OPERATIONS,BUYER.JAMES,NET 30,2026-06-29 10:46:21,BUYER.JAMES
500997,PO100997,9002,AD_HQ,BUYER.OMAR,NET 30,2024-10-25 09:13:33,BUYER.OMAR
500998,PO100998,9008,AD_OPERATIONS,BUYER.OMAR,NET 30,2026-02-20 15:23:16,SYS_PRC_AUTOCREATE
500999,PO100999,9013,AD_HQ,BUYER.JAMES,NET 60,2026-04-06 12:32:25,BUYER.JAMES
501000,PO101000,9001,AD_OPERATIONS,BUYER.SARA,NET 60,2024-12-30 09:14:01,BUYER.SARA
501001,PO101001,9017,AD_FACILITIES,BUYER.PRIYA,NET 30,2025-01-02 10:45:28,BUYER.PRIYA
501002,PO101002,9014,AD_HQ,BUYER.SARA,NET 30,2026-07-29 09:37:12,BUYER.SARA
501003,PO101003,9007,AD_OPERATIONS,BUYER.PRIYA,NET 30,2025-12-18 13:38:20,BUYER.PRIYA
501004,PO101004,9017,AD_FACILITIES,BUYER.OMAR,NET 30,2026-02-09 09:53:10,BUYER.OMAR
501005,PO101005,9012,AD_FACILITIES,BUYER.OMAR,NET 60,2026-04-20 08:56:37,BUYER.OMAR
501007,PO101007,9009,AD_OPERATIONS,BUYER.JAMES,NET 60,2026-04-16 08:19:07,SYS_PRC_AUTOCREATE
501008,PO101008,9002,AD_OPERATIONS,BUYER.JAMES,NET 30,2024-12-02 09:51:12,BUYER.JAMES
501009,PO101009,9013,AD_FACILITIES,BUYER.PRIYA,NET 60,2025-01-17 10:28:30,BUYER.PRIYA
501010,PO101010,9002,AD_OPERATIONS,BUYER.SARA,NET 30,2025-06-16 08:40:06,SYS_PRC_AUTOCREATE
501011,PO101011,9018,AD_FACILITIES,BUYER.PRIYA,NET 30,2026-03-30 08:00:05,SYS_PRC_AUTOCREATE
501014,PO101014,9016,AD_FACILITIES,BUYER.PRIYA,NET 45,2026-05-28 08:39:36,SYS_PRC_AUTOCREATE
501015,PO101015,9016,AD_FACILITIES,BUYER.OMAR,NET 45,2024-10-16 08:39:03,BUYER.OMAR
501016,PO101016,9007,AD_FACILITIES,BUYER.OMAR,NET 30,2025-04-21 10:24:56,BUYER.OMAR
501017,PO101017,9002,AD_HQ,BUYER.SARA,NET 30,2025-03-14 10:09:25,SYS_PRC_AUTOCREATE
501018,PO101018,9014,AD_FACILITIES,BUYER.SARA,NET 30,2025-05-02 15:05:06,BUYER.SARA
501020,PO101020,9015,AD_HQ,BUYER.OMAR,NET 60,2025-01-07 10:50:18,BUYER.OMAR
501021,PO101021,9012,AD_HQ,BUYER.SARA,NET 60,2024-11-08 09:03:37,BUYER.SARA
501022,PO101022,9019,AD_FACILITIES,BUYER.PRIYA,NET 30,2024-11-06 08:03:12,SYS_PRC_AUTOCREATE
501024,PO101024,9013,AD_FACILITIES,BUYER.PRIYA,NET 60,2025-05-22 17:17:35,SYS_PRC_AUTOCREATE
501025,PO101025,9017,AD_OPERATIONS,BUYER.OMAR,NET 30,2025-10-10 10:35:56,SYS_PRC_AUTOCREATE
501026,PO101026,9012,AD_HQ,BUYER.OMAR,NET 60,2024-12-02 09:02:07,SYS_PRC_AUTOCREATE
501027,PO101027,9014,AD_HQ,BUYER.OMAR,NET 30,2024-10-17 08:22:47,SYS_PRC_AUTOCREATE
501028,PO101028,9005,AD_HQ,BUYER.PRIYA,NET 45,2025-09-24 14:13:34,BUYER.PRIYA
501030,PO101030,9006,AD_OPERATIONS,BUYER.JAMES,NET 30,2026-02-23 10:26:22,BUYER.JAMES
501031,PO101031,9018,AD_OPERATIONS,BUYER.JAMES,NET 30,2025-07-14 08:15:18,BUYER.JAMES
501032,PO101032,9006,AD_OPERATIONS,BUYER.JAMES,NET 30,2025-08-15 10:26:17,BUYER.JAMES
501033,PO101033,9019,AD_HQ,BUYER.JAMES,NET 30,2026-08-26 11:15:13,BUYER.JAMES
501034,PO101034,9017,AD_FACILITIES,BUYER.SARA,NET 30,2026-06-26 09:23:00,BUYER.SARA
501035,PO101035,9002,AD_HQ,BUYER.OMAR,NET 30,2024-11-25 17:56:50,BUYER.OMAR
501036,PO101036,9015,AD_HQ,BUYER.SARA,NET 60,2026-01-12 09:23:18,BUYER.SARA
501037,PO101037,9007,AD_FACILITIES,BUYER.OMAR,NET 30,2026-08-12 08:10:17,SYS_PRC_AUTOCREATE
501038,PO101038,9009,AD_OPERATIONS,BUYER.JAMES,NET 60,2025-09-29 08:45:00,BUYER.JAMES
501039,PO101039,9006,AD_HQ,BUYER.PRIYA,NET 30,2026-09-03 08:25:42,SYS_PRC_AUTOCREATE
501040,PO101040,9008,AD_OPERATIONS,BUYER.PRIYA,NET 30,2026-04-28 10:16:50,BUYER.PRIYA
501041,PO101041,9011,AD_OPERATIONS,BUYER.SARA,NET 60,2025-01-29 08:10:24,SYS_PRC_AUTOCREATE
501042,PO101042,9017,AD_FACILITIES,BUYER.PRIYA,NET 30,2026-02-10 08:33:32,BUYER.PRIYA
501043,PO101043,9007,AD_FACILITIES,BUYER.OMAR,NET 30,2025-06-09 16:34:11,BUYER.OMAR
501044,PO101044,9014,AD_HQ,BUYER.PRIYA,NET 30,2025-04-23 08:54:55,BUYER.PRIYA
501045,PO101045,9014,AD_HQ,BUYER.PRIYA,NET 30,2025-05-29 10:47:49,SYS_PRC_AUTOCREATE
501046,PO101046,9005,AD_HQ,BUYER.JAMES,NET 45,2025-03-19 08:06:14,BUYER.JAMES
501047,PO101047,9008,AD_OPERATIONS,BUYER.SARA,NET 30,2024-10-18 13:45:44,BUYER.SARA
501048,PO101048,9018,AD_HQ,BUYER.JAMES,NET 30,2025-03-18 11:12:59,SYS_PRC_AUTOCREATE
501049,PO101049,9002,AD_HQ,BUYER.OMAR,NET 30,2025-09-04 09:10:14,BUYER.OMAR
501050,PO101050,9001,AD_OPERATIONS,BUYER.SARA,NET 60,2026-06-03 16:33:55,BUYER.SARA
501051,PO101051,9010,AD_FACILITIES,BUYER.JAMES,NET 30,2025-04-23 13:46:31,BUYER.JAMES
501052,PO101052,9002,AD_FACILITIES,BUYER.SARA,NET 30,2025-07-01 11:01:38,SYS_PRC_AUTOCREATE
501053,PO101053,9004,AD_OPERATIONS,BUYER.OMAR,NET 60,2026-05-12 09:47:09,SYS_PRC_AUTOCREATE
501054,PO101054,9016,AD_FACILITIES,BUYER.OMAR,NET 45,2026-05-11 16:07:23,BUYER.OMAR
501055,PO101055,9009,AD_OPERATIONS,BUYER.JAMES,NET 60,2025-04-21 10:57:29,BUYER.JAMES
501056,PO101056,9018,AD_FACILITIES,BUYER.SARA,NET 30,2026-06-16 10:20:58,BUYER.SARA
501057,PO101057,9009,AD_FACILITIES,BUYER.PRIYA,NET 60,2026-07-16 13:04:52,BUYER.PRIYA
501059,PO101059,9001,AD_HQ,BUYER.JAMES,NET 60,2026-09-10 10:59:06,BUYER.JAMES
501060,PO101060,9007,AD_FACILITIES,BUYER.JAMES,NET 30,2026-02-10 08:49:05,BUYER.JAMES
501061,PO101061,9008,AD_OPERATIONS,BUYER.JAMES,NET 30,2025-12-04 10:20:58,BUYER.JAMES
501062,PO101062,9019,AD_FACILITIES,BUYER.PRIYA,NET 30,2026-04-15 09:28:42,BUYER.PRIYA
501063,PO101063,9012,AD_OPERATIONS,BUYER.OMAR,NET 60,2025-11-05 10:49:35,BUYER.OMAR
501064,PO101064,9006,AD_HQ,BUYER.SARA,NET 30,2025-12-25 09:03:15,BUYER.SARA
501065,PO101065,9008,AD_HQ,BUYER.OMAR,NET 30,2024-11-29 10:57:11,SYS_PRC_AUTOCREATE
501066,PO101066,9020,AD_OPERATIONS,BUYER.OMAR,NET 30,2026-05-05 09:44:57,BUYER.OMAR
501067,PO101067,9017,AD_OPERATIONS,BUYER.SARA,NET 30,2026-09-21 13:15:23,SYS_PRC_AUTOCREATE
501068,PO101068,9007,AD_HQ,BUYER.SARA,NET 30,2025-07-03 11:01:04,BUYER.SARA
501069,PO101069,9011,AD_HQ,BUYER.JAMES,NET 60,2026-05-18 10:15:46,BUYER.JAMES
501070,PO101070,9018,AD_OPERATIONS,BUYER.OMAR,NET 30,2025-03-12 09:56:47,BUYER.OMAR
501071,PO101071,9002,AD_FACILITIES,BUYER.SARA,NET 30,2024-12-18 09:28:44,SYS_PRC_AUTOCREATE
501072,PO101072,9011,AD_HQ,BUYER.OMAR,NET 60,2026-07-23 09:00:40,SYS_PRC_AUTOCREATE
501073,PO101073,9007,AD_FACILITIES,BUYER.PRIYA,NET 30,2025-01-22 08:04:36,BUYER.PRIYA
501074,PO101074,9014,AD_HQ,BUYER.PRIYA,NET 30,2025-09-22 17:28:54,SYS_PRC_AUTOCREATE
501075,PO101075,9014,AD_OPERATIONS,BUYER.SARA,NET 30,2025-04-07 11:02:09,BUYER.SARA
501076,PO101076,9006,AD_HQ,BUYER.OMAR,NET 30,2026-02-12 10:29:17,SYS_PRC_AUTOCREATE
501077,PO101077,9003,AD_OPERATIONS,BUYER.JAMES,NET 30,2026-01-06 09:01:06,SYS_PRC_AUTOCREATE
501078,PO101078,9013,AD_HQ,BUYER.JAMES,NET 60,2025-11-24 10:52:29,SYS_PRC_AUTOCREATE
501079,PO101079,9010,AD_OPERATIONS,BUYER.SARA,NET 30,2025-01-17 16:51:52,SYS_PRC_AUTOCREATE
501080,PO101080,9013,AD_FACILITIES,BUYER.PRIYA,NET 60,2025-05-01 11:01:44,BUYER.PRIYA
501081,PO101081,9013,AD_FACILITIES,BUYER.SARA,NET 60,2025-11-26 11:17:19,SYS_PRC_AUTOCREATE
501082,PO101082,9007,AD_HQ,BUYER.PRIYA,NET 30,2025-10-08 13:18:00,SYS_PRC_AUTOCREATE
501083,PO101083,9006,AD_OPERATIONS,BUYER.SARA,NET 30,2026-09-01 09:40:38,BUYER.SARA
501084,PO101084,9014,AD_FACILITIES,BUYER.PRIYA,NET 30,2026-08-24 08:26:32,BUYER.PRIYA
501085,PO101085,9005,AD_FACILITIES,BUYER.JAMES,NET 45,2026-09-14 12:55:11,BUYER.JAMES
501086,PO101086,9003,AD_HQ,BUYER.PRIYA,NET 30,2024-10-30 10:01:44,BUYER.PRIYA
501087,PO101087,9008,AD_HQ,BUYER.OMAR,NET 30,2024-12-27 09:14:02,BUYER.OMAR
501088,PO101088,9002,AD_HQ,BUYER.OMAR,NET 30,2024-11-22 08:35:13,SYS_PRC_AUTOCREATE
501089,PO101089,9007,AD_OPERATIONS,BUYER.SARA,NET 30,2024-10-28 10:29:21,BUYER.SARA
501090,PO101090,9017,AD_HQ,BUYER.OMAR,NET 30,2025-12-10 09:34:22,SYS_PRC_AUTOCREATE
501091,PO101091,9014,AD_FACILITIES,BUYER.OMAR,NET 30,2026-06-19 08:45:53,BUYER.OMAR
501092,PO101092,9007,AD_OPERATIONS,BUYER.PRIYA,NET 30,2025-07-08 17:26:04,SYS_PRC_AUTOCREATE
501093,PO101093,9005,AD_FACILITIES,BUYER.PRIYA,NET 45,2025-07-01 08:03:09,SYS_PRC_AUTOCREATE
501094,PO101094,9014,AD_HQ,BUYER.OMAR,NET 30,2025-01-31 17:00:53,SYS_PRC_AUTOCREATE
501095,PO101095,9019,AD_HQ,BUYER.OMAR,NET 30,2026-06-05 10:36:35,SYS_PRC_AUTOCREATE
501096,PO101096,9010,AD_HQ,BUYER.JAMES,NET 30,2024-11-07 08:19:46,SYS_PRC_AUTOCREATE
501097,PO101097,9004,AD_HQ,BUYER.OMAR,NET 60,2024-12-17 15:42:39,BUYER.OMAR
501098,PO101098,9011,AD_HQ,BUYER.PRIYA,NET 60,2025-05-01 14:25:51,SYS_PRC_AUTOCREATE
501099,PO101099,9016,AD_OPERATIONS,BUYER.JAMES,NET 45,2025-02-03 16:40:03,SYS_PRC_AUTOCREATE
501100,PO101100,9012,AD_OPERATIONS,BUYER.OMAR,NET 60,2025-05-19 08:01:12,SYS_PRC_AUTOCREATE
