VENDOR_ID,VENDOR_NAME
9001,Zenith Office Supplies
9002,Falconet IT Solutions
9003,Bluedune Facilities
9004,Corvane Consulting
9005,Sandline Print & Media
9006,Nexora Software
9007,Oasis Tech Distribution
9008,Meridian Advisory
9009,Pearlgate Maintenance
9010,Atlas Hardware Trading
9011,Crescent Marketing
9012,Vantage Licensing
9013,Harbor Cleaning Services
9014,Summit Professional Group
9015,Qamar Electronics
9016,Lumen Workspace
9017,Silvercoast Engineering
9018,Northwind Digital
9019,Palmyra Logistics
9020,Orchid Events
