HOLD_ID,INVOICE_ID,PO_LINE_ID,HOLD_LOOKUP_CODE,HOLD_DATE,HELD_BY,RELEASE_DATE,RELEASED_BY
1,700002,5000021,QTY REC,2026-04-22 09:38:27,SYS_AP_VALIDATION,2026-04-22 17:18:43,SYS_AP_VALIDATION
2,700005,5000061,PRICE,2025-02-05 11:23:29,SYS_AP_VALIDATION,2025-02-11 08:19:41,BUYER.PRIYA
3,700006,5000081,QTY REC,2025-03-20 09:32:37,SYS_AP_VALIDATION,2025-03-21 09:44:59,SYS_AP_VALIDATION
4,700006,5000083,QTY REC,2025-03-20 09:32:37,SYS_AP_VALIDATION,2025-03-21 14:33:51,SYS_AP_VALIDATION
5,700007,5000091,QTY REC,2025-05-19 15:20:05,SYS_AP_VALIDATION,2025-05-22 10:20:36,SYS_AP_VALIDATION
6,700007,,VAT MISMATCH,2025-05-19 15:20:05,SYS_AP_VALIDATION,2025-05-29 10:27:44,AP.MONA
7,700010,5000121,QTY REC,2024-11-27 13:49:09,SYS_AP_VALIDATION,2024-11-29 10:24:17,SYS_AP_VALIDATION
8,700013,5000151,QTY REC,2026-02-24 09:32:24,SYS_AP_VALIDATION,2026-02-25 15:58:25,SYS_AP_VALIDATION
9,700014,5000161,QTY REC,2026-06-01 13:52:27,SYS_AP_VALIDATION,2026-06-05 09:48:07,SYS_AP_VALIDATION
10,700014,,VAT MISMATCH,2026-06-01 13:52:27,SYS_AP_VALIDATION,2026-06-03 08:59:50,AP.RAVI
11,700017,5000191,QTY REC,2025-04-01 17:31:16,SYS_AP_VALIDATION,2025-04-17 09:47:02,SYS_AP_VALIDATION
12,700022,5000241,QTY REC,2026-04-09 13:31:20,SYS_AP_VALIDATION,2026-04-21 10:52:40,SYS_AP_VALIDATION
13,700023,5000251,QTY REC,2025-11-17 12:05:30,SYS_AP_VALIDATION,2025-11-24 14:21:39,SYS_AP_VALIDATION
14,700023,5000252,QTY REC,2025-11-17 12:05:30,SYS_AP_VALIDATION,2025-11-25 10:41:12,SYS_AP_VALIDATION
15,700024,5000262,QTY REC,2026-07-13 13:51:55,SYS_AP_VALIDATION,2026-07-20 08:34:35,SYS_AP_VALIDATION
16,700027,5000291,QTY REC,2026-06-15 12:13:19,SYS_AP_VALIDATION,2026-06-16 10:10:10,SYS_AP_VALIDATION
17,700027,5000292,QTY REC,2026-06-15 12:13:19,SYS_AP_VALIDATION,2026-06-17 08:08:49,SYS_AP_VALIDATION
18,700027,5000293,QTY REC,2026-06-15 12:13:19,SYS_AP_VALIDATION,2026-06-16 10:18:55,SYS_AP_VALIDATION
19,700028,5000301,QTY REC,2025-10-27 17:45:12,SYS_AP_VALIDATION,2025-10-30 13:17:33,SYS_AP_VALIDATION
20,700028,5000302,QTY REC,2025-10-27 17:45:12,SYS_AP_VALIDATION,2025-11-05 09:52:44,SYS_AP_VALIDATION
21,700030,5000322,QTY REC,2026-01-12 10:45:40,SYS_AP_VALIDATION,2026-01-13 16:57:53,SYS_AP_VALIDATION
22,700036,5000391,QTY REC,2024-12-03 16:25:29,SYS_AP_VALIDATION,2024-12-06 08:17:42,SYS_AP_VALIDATION
23,700036,5000392,QTY REC,2024-12-03 16:25:29,SYS_AP_VALIDATION,2024-12-05 11:40:14,SYS_AP_VALIDATION
24,700038,,VAT MISMATCH,2025-05-12 11:23:23,SYS_AP_VALIDATION,2025-05-20 10:52:10,AP.MONA
25,700045,5000491,QTY REC,2025-11-17 08:13:13,SYS_AP_VALIDATION,2025-11-18 09:55:34,SYS_AP_VALIDATION
26,700045,5000492,QTY REC,2025-11-17 08:13:13,SYS_AP_VALIDATION,2025-11-18 08:39:12,SYS_AP_VALIDATION
27,700047,5000511,QTY REC,2026-06-11 15:11:37,SYS_AP_VALIDATION,2026-06-26 17:24:57,SYS_AP_VALIDATION
28,700050,5000541,QTY REC,2025-12-15 12:23:25,SYS_AP_VALIDATION,2025-12-22 09:00:55,SYS_AP_VALIDATION
29,700051,5000551,QTY REC,2025-01-29 09:26:56,SYS_AP_VALIDATION,2025-01-29 12:16:59,SYS_AP_VALIDATION
30,700051,5000552,QTY REC,2025-01-29 09:26:56,SYS_AP_VALIDATION,2025-01-31 09:16:13,SYS_AP_VALIDATION
31,700052,5000582,QTY REC,2024-12-19 12:31:10,SYS_AP_VALIDATION,2024-12-31 09:34:25,SYS_AP_VALIDATION
32,700054,5000601,QTY REC,2025-06-10 09:45:06,SYS_AP_VALIDATION,2025-06-11 09:50:46,SYS_AP_VALIDATION
33,700055,5000611,PRICE,2025-12-09 10:26:54,SYS_AP_VALIDATION,2025-12-12 09:57:48,BUYER.PRIYA
34,700057,5000631,QTY REC,2026-07-20 10:01:07,SYS_AP_VALIDATION,2026-07-20 13:50:35,SYS_AP_VALIDATION
35,700067,5000731,PRICE,2026-08-18 08:42:15,SYS_AP_VALIDATION,2026-08-21 16:49:29,BUYER.PRIYA
36,700068,,VAT MISMATCH,2026-08-06 09:49:20,SYS_AP_VALIDATION,2026-08-10 08:44:26,AP.ANNA
37,700076,5000821,QTY REC,2025-03-19 13:04:40,SYS_AP_VALIDATION,2025-03-20 17:49:49,SYS_AP_VALIDATION
38,700076,5000822,QTY REC,2025-03-19 13:04:40,SYS_AP_VALIDATION,2025-03-31 10:02:03,SYS_AP_VALIDATION
39,700077,5000831,PRICE,2024-11-19 10:06:32,SYS_AP_VALIDATION,2024-11-25 09:23:42,BUYER.PRIYA
40,700079,,VAT MISMATCH,2024-11-13 09:15:05,SYS_AP_VALIDATION,2024-11-18 09:53:03,AP.RAVI
41,700082,5000891,PRICE,2025-05-29 13:36:20,SYS_AP_VALIDATION,2025-06-02 09:42:00,BUYER.JAMES
42,700086,5000932,QTY REC,2026-03-09 17:03:02,SYS_AP_VALIDATION,2026-03-13 09:15:04,SYS_AP_VALIDATION
43,700086,,VAT MISMATCH,2026-03-09 17:03:02,SYS_AP_VALIDATION,2026-03-13 17:17:17,AP.RAVI
44,700089,,VAT MISMATCH,2026-05-05 08:10:12,SYS_AP_VALIDATION,2026-05-18 09:46:57,AP.RAVI
45,700092,5000991,QTY REC,2026-04-20 16:47:18,SYS_AP_VALIDATION,2026-04-27 15:43:16,SYS_AP_VALIDATION
46,700092,5000992,QTY REC,2026-04-20 16:47:18,SYS_AP_VALIDATION,2026-04-23 09:40:05,SYS_AP_VALIDATION
47,700094,5001011,QTY REC,2025-02-21 13:32:53,SYS_AP_VALIDATION,2025-03-03 09:07:39,SYS_AP_VALIDATION
48,700098,,VAT MISMATCH,2025-04-30 10:38:19,SYS_AP_VALIDATION,2025-05-05 08:02:52,AP.ANNA
49,700099,5001061,QTY REC,2026-02-02 17:31:00,SYS_AP_VALIDATION,2026-02-10 15:51:48,SYS_AP_VALIDATION
50,700100,5001071,QTY REC,2025-09-03 09:17:16,SYS_AP_VALIDATION,2025-09-04 13:20:06,SYS_AP_VALIDATION
51,700101,,VAT MISMATCH,2026-05-05 12:48:01,SYS_AP_VALIDATION,2026-05-21 13:07:03,AP.MONA
52,700102,5001093,QTY REC,2025-10-07 09:26:32,SYS_AP_VALIDATION,2025-10-20 16:18:41,SYS_AP_VALIDATION
53,700109,5001171,PRICE,2025-04-04 10:49:37,SYS_AP_VALIDATION,2025-04-11 08:11:04,BUYER.SARA
54,700111,5001191,QTY REC,2025-10-06 16:33:27,SYS_AP_VALIDATION,2025-10-14 09:43:44,SYS_AP_VALIDATION
55,700112,,VAT MISMATCH,2025-04-28 12:21:56,SYS_AP_VALIDATION,2025-05-05 12:05:12,AP.MONA
56,700113,5001211,QTY REC,2026-06-29 10:31:03,SYS_AP_VALIDATION,2026-07-02 12:08:48,SYS_AP_VALIDATION
57,700115,5001231,QTY REC,2025-03-11 14:38:48,SYS_AP_VALIDATION,2025-03-13 12:10:58,SYS_AP_VALIDATION
58,700116,5001241,PRICE,2026-06-26 16:58:02,SYS_AP_VALIDATION,2026-07-03 10:46:42,BUYER.JAMES
59,700118,,VAT MISMATCH,2026-04-28 09:02:30,SYS_AP_VALIDATION,2026-05-04 11:43:37,AP.MONA
60,700119,,VAT MISMATCH,2025-02-19 09:05:51,SYS_AP_VALIDATION,2025-02-20 09:49:32,AP.RAVI
61,700120,5001281,PRICE,2025-12-31 13:38:24,SYS_AP_VALIDATION,2026-01-09 17:29:14,BUYER.SARA
62,700124,5001331,PRICE,2026-05-25 08:56:42,SYS_AP_VALIDATION,2026-06-01 10:28:46,BUYER.OMAR
63,700126,5001351,QTY REC,2026-07-07 09:56:59,SYS_AP_VALIDATION,2026-07-10 14:31:32,SYS_AP_VALIDATION
64,700126,,VAT MISMATCH,2026-07-07 09:56:59,SYS_AP_VALIDATION,2026-07-15 08:26:22,AP.RAVI
65,700127,5001361,QTY REC,2026-01-27 09:55:28,SYS_AP_VALIDATION,2026-01-28 17:30:50,SYS_AP_VALIDATION
66,700129,5001381,QTY REC,2025-07-17 08:34:45,SYS_AP_VALIDATION,2025-07-17 09:38:00,SYS_AP_VALIDATION
67,700130,5001391,QTY REC,2025-07-09 08:47:02,SYS_AP_VALIDATION,2025-07-09 12:04:15,SYS_AP_VALIDATION
68,700131,5001401,PRICE,2025-11-17 09:15:04,SYS_AP_VALIDATION,2025-11-19 09:53:52,BUYER.JAMES
69,700131,5001401,QTY REC,2025-11-17 09:15:04,SYS_AP_VALIDATION,2025-11-17 10:43:35,SYS_AP_VALIDATION
70,700132,5001411,QTY REC,2024-11-29 08:38:01,SYS_AP_VALIDATION,2024-12-02 08:57:40,SYS_AP_VALIDATION
71,700132,5001412,QTY REC,2024-11-29 08:38:01,SYS_AP_VALIDATION,2024-11-29 17:53:16,SYS_AP_VALIDATION
72,700134,5001431,QTY REC,2026-03-23 12:07:03,SYS_AP_VALIDATION,2026-03-24 10:56:18,SYS_AP_VALIDATION
73,700134,5001432,QTY REC,2026-03-23 12:07:03,SYS_AP_VALIDATION,2026-03-24 08:09:31,SYS_AP_VALIDATION
74,700136,5001451,QTY REC,2025-10-21 12:30:59,SYS_AP_VALIDATION,2025-10-22 09:52:25,SYS_AP_VALIDATION
75,700136,5001452,QTY REC,2025-10-21 12:30:59,SYS_AP_VALIDATION,2025-10-23 09:41:05,SYS_AP_VALIDATION
76,700136,5001453,QTY REC,2025-10-21 12:30:59,SYS_AP_VALIDATION,2025-10-23 15:29:58,SYS_AP_VALIDATION
77,700143,5001541,PRICE,2026-08-10 09:59:37,SYS_AP_VALIDATION,2026-08-17 10:27:18,BUYER.JAMES
78,700144,5001552,QTY REC,2025-06-30 11:17:40,SYS_AP_VALIDATION,2025-07-14 14:50:40,SYS_AP_VALIDATION
79,700145,5001561,QTY REC,2026-02-06 10:27:31,SYS_AP_VALIDATION,2026-02-09 09:03:01,SYS_AP_VALIDATION
80,700145,5001562,QTY REC,2026-02-06 10:27:31,SYS_AP_VALIDATION,2026-02-10 09:27:39,SYS_AP_VALIDATION
81,700148,5001591,PRICE,2026-02-19 13:04:23,SYS_AP_VALIDATION,2026-02-27 08:33:09,BUYER.JAMES
82,700148,5001591,QTY REC,2026-02-19 13:04:23,SYS_AP_VALIDATION,2026-03-03 09:44:10,SYS_AP_VALIDATION
83,700148,5001592,QTY REC,2026-02-19 13:04:23,SYS_AP_VALIDATION,2026-02-20 13:42:01,SYS_AP_VALIDATION
84,700149,5001601,QTY REC,2026-06-15 08:51:13,SYS_AP_VALIDATION,2026-06-23 10:40:13,SYS_AP_VALIDATION
85,700160,,VAT MISMATCH,2025-11-26 08:47:58,SYS_AP_VALIDATION,2025-12-04 09:26:21,AP.MONA
86,700161,5001711,QTY REC,2025-02-11 10:12:51,SYS_AP_VALIDATION,2025-02-17 13:09:02,SYS_AP_VALIDATION
87,700162,5001721,PRICE,2025-07-11 12:43:21,SYS_AP_VALIDATION,2025-07-14 16:51:25,BUYER.PRIYA
88,700163,5001731,QTY REC,2025-09-08 11:39:47,SYS_AP_VALIDATION,2025-09-10 09:41:23,SYS_AP_VALIDATION
89,700163,5001733,QTY REC,2025-09-08 11:39:47,SYS_AP_VALIDATION,2025-09-10 08:05:17,SYS_AP_VALIDATION
90,700167,5001781,PRICE,2026-01-21 10:25:01,SYS_AP_VALIDATION,2026-01-26 17:38:00,BUYER.JAMES
91,700167,5001781,QTY REC,2026-01-21 10:25:01,SYS_AP_VALIDATION,2026-01-23 09:17:13,SYS_AP_VALIDATION
92,700167,5001782,QTY REC,2026-01-21 10:25:01,SYS_AP_VALIDATION,2026-01-26 16:54:44,SYS_AP_VALIDATION
93,700168,5001791,PRICE,2025-03-03 17:01:52,SYS_AP_VALIDATION,2025-03-07 12:43:49,BUYER.OMAR
94,700169,5001801,QTY REC,2025-06-09 08:59:27,SYS_AP_VALIDATION,2025-06-09 11:20:54,SYS_AP_VALIDATION
95,700169,5001802,QTY REC,2025-06-09 08:59:27,SYS_AP_VALIDATION,2025-06-16 12:13:39,SYS_AP_VALIDATION
96,700175,,VAT MISMATCH,2025-07-28 09:38:17,SYS_AP_VALIDATION,2025-07-30 08:05:40,AP.RAVI
97,700176,5001872,QTY REC,2026-03-26 15:15:14,SYS_AP_VALIDATION,2026-03-30 16:49:35,SYS_AP_VALIDATION
98,700177,5001881,QTY REC,2025-07-18 15:50:03,SYS_AP_VALIDATION,2025-07-28 13:59:37,SYS_AP_VALIDATION
99,700180,5001921,PRICE,2025-08-19 08:55:32,SYS_AP_VALIDATION,2025-08-28 08:03:06,BUYER.OMAR
100,700181,5001933,QTY REC,2026-08-13 12:34:47,SYS_AP_VALIDATION,2026-08-17 09:32:16,SYS_AP_VALIDATION
101,700182,5001943,QTY REC,2026-06-01 10:06:28,SYS_AP_VALIDATION,2026-06-03 09:03:03,SYS_AP_VALIDATION
102,700182,,VAT MISMATCH,2026-06-01 10:06:28,SYS_AP_VALIDATION,2026-06-10 10:35:58,AP.RAVI
103,700183,5001951,QTY REC,2025-02-05 14:05:44,SYS_AP_VALIDATION,2025-02-06 15:12:48,SYS_AP_VALIDATION
104,700186,5001982,QTY REC,2026-04-01 10:27:26,SYS_AP_VALIDATION,2026-04-02 09:18:34,SYS_AP_VALIDATION
105,700186,,VAT MISMATCH,2026-04-01 10:27:26,SYS_AP_VALIDATION,2026-04-03 09:46:07,AP.MONA
106,700190,5002031,QTY REC,2026-05-26 16:40:04,SYS_AP_VALIDATION,2026-05-28 11:31:27,SYS_AP_VALIDATION
107,700190,,VAT MISMATCH,2026-05-26 16:40:04,SYS_AP_VALIDATION,2026-06-02 14:48:35,AP.MONA
108,700191,5002041,QTY REC,2026-07-14 09:37:01,SYS_AP_VALIDATION,2026-07-17 09:59:23,SYS_AP_VALIDATION
109,700193,5002061,QTY REC,2025-08-07 17:04:38,SYS_AP_VALIDATION,2025-08-15 08:02:49,SYS_AP_VALIDATION
110,700193,5002062,QTY REC,2025-08-07 17:04:38,SYS_AP_VALIDATION,2025-08-11 14:01:24,SYS_AP_VALIDATION
111,700193,5002063,QTY REC,2025-08-07 17:04:38,SYS_AP_VALIDATION,2025-08-19 08:55:17,SYS_AP_VALIDATION
112,700194,5002071,QTY REC,2026-06-18 08:17:15,SYS_AP_VALIDATION,2026-06-29 13:12:16,SYS_AP_VALIDATION
113,700198,5002111,QTY REC,2026-06-29 16:21:13,SYS_AP_VALIDATION,2026-07-01 17:31:49,SYS_AP_VALIDATION
114,700198,5002113,QTY REC,2026-06-29 16:21:13,SYS_AP_VALIDATION,2026-07-14 09:23:01,SYS_AP_VALIDATION
115,700207,5002202,QTY REC,2025-07-28 13:19:19,SYS_AP_VALIDATION,2025-07-30 15:53:23,SYS_AP_VALIDATION
116,700208,5002211,QTY REC,2025-12-05 08:08:50,SYS_AP_VALIDATION,2025-12-08 09:54:51,SYS_AP_VALIDATION
117,700210,,VAT MISMATCH,2025-07-24 15:34:03,SYS_AP_VALIDATION,2025-08-06 10:47:47,AP.RAVI
118,700211,5002242,QTY REC,2025-09-29 14:30:13,SYS_AP_VALIDATION,2025-10-03 09:39:52,SYS_AP_VALIDATION
119,700213,5002261,QTY REC,2025-04-17 08:06:16,SYS_AP_VALIDATION,2025-04-17 11:49:46,SYS_AP_VALIDATION
120,700213,5002262,QTY REC,2025-04-17 08:06:16,SYS_AP_VALIDATION,2025-04-21 11:30:51,SYS_AP_VALIDATION
121,700219,5002311,QTY REC,2025-08-15 13:25:20,SYS_AP_VALIDATION,2025-08-18 15:43:29,SYS_AP_VALIDATION
122,700219,5002312,QTY REC,2025-08-15 13:25:20,SYS_AP_VALIDATION,2025-08-18 12:08:06,SYS_AP_VALIDATION
123,700221,5002331,PRICE,2026-04-23 08:22:20,SYS_AP_VALIDATION,2026-04-24 17:27:40,BUYER.JAMES
124,700221,5002332,QTY REC,2026-04-23 08:22:20,SYS_AP_VALIDATION,2026-04-24 11:25:12,SYS_AP_VALIDATION
125,700222,5002341,QTY REC,2025-05-28 16:36:59,SYS_AP_VALIDATION,2025-06-05 15:14:23,SYS_AP_VALIDATION
126,700223,5002352,QTY REC,2025-10-29 10:44:57,SYS_AP_VALIDATION,2025-10-31 13:45:12,SYS_AP_VALIDATION
127,700223,5002353,QTY REC,2025-10-29 10:44:57,SYS_AP_VALIDATION,2025-10-30 12:49:42,SYS_AP_VALIDATION
128,700223,,VAT MISMATCH,2025-10-29 10:44:57,SYS_AP_VALIDATION,2025-11-05 09:10:34,AP.MONA
129,700231,5002431,QTY REC,2025-07-18 09:46:14,SYS_AP_VALIDATION,2025-07-23 14:25:23,SYS_AP_VALIDATION
130,700232,5002441,QTY REC,2025-06-02 15:36:46,SYS_AP_VALIDATION,2025-06-05 10:32:19,SYS_AP_VALIDATION
131,700233,,VAT MISMATCH,2026-02-06 09:53:16,SYS_AP_VALIDATION,2026-02-18 12:07:16,AP.MONA
132,700234,5002461,QTY REC,2025-10-10 10:33:20,SYS_AP_VALIDATION,2025-10-15 14:55:20,SYS_AP_VALIDATION
133,700234,,VAT MISMATCH,2025-10-10 10:33:20,SYS_AP_VALIDATION,2025-10-16 09:31:21,AP.ANNA
134,700235,,VAT MISMATCH,2025-10-14 10:49:50,SYS_AP_VALIDATION,2025-10-15 09:13:23,AP.RAVI
135,700236,5002481,QTY REC,2025-01-10 10:36:03,SYS_AP_VALIDATION,2025-01-22 08:13:00,SYS_AP_VALIDATION
136,700236,5002483,QTY REC,2025-01-10 10:36:03,SYS_AP_VALIDATION,2025-01-13 10:29:27,SYS_AP_VALIDATION
137,700238,5002501,PRICE,2025-06-27 09:44:32,SYS_AP_VALIDATION,2025-07-03 12:47:31,BUYER.PRIYA
138,700238,5002501,QTY REC,2025-06-27 09:44:32,SYS_AP_VALIDATION,2025-06-27 17:59:39,SYS_AP_VALIDATION
139,700238,5002502,QTY REC,2025-06-27 09:44:32,SYS_AP_VALIDATION,2025-06-30 14:40:49,SYS_AP_VALIDATION
140,700243,5002551,QTY REC,2025-02-21 09:39:36,SYS_AP_VALIDATION,2025-02-24 08:14:41,SYS_AP_VALIDATION
141,700246,5002581,QTY REC,2024-11-29 11:15:19,SYS_AP_VALIDATION,2024-12-10 10:50:49,SYS_AP_VALIDATION
142,700247,5002591,QTY REC,2024-12-10 16:27:14,SYS_AP_VALIDATION,2024-12-11 12:00:46,SYS_AP_VALIDATION
143,700248,5002602,QTY REC,2025-05-13 09:02:59,SYS_AP_VALIDATION,2025-05-13 17:12:46,SYS_AP_VALIDATION
144,700249,5002611,QTY REC,2025-03-24 16:44:26,SYS_AP_VALIDATION,2025-03-25 17:14:31,SYS_AP_VALIDATION
145,700251,5002641,QTY REC,2026-08-03 14:24:07,SYS_AP_VALIDATION,2026-08-05 08:50:56,SYS_AP_VALIDATION
146,700252,5002651,PRICE,2026-06-26 09:22:17,SYS_AP_VALIDATION,2026-07-08 10:27:54,BUYER.PRIYA
147,700252,5002651,QTY REC,2026-06-26 09:22:17,SYS_AP_VALIDATION,2026-07-07 10:55:25,SYS_AP_VALIDATION
148,700252,5002652,QTY REC,2026-06-26 09:22:17,SYS_AP_VALIDATION,2026-06-30 09:05:30,SYS_AP_VALIDATION
149,700255,5002681,QTY REC,2025-02-04 09:50:05,SYS_AP_VALIDATION,2025-02-10 17:15:54,SYS_AP_VALIDATION
150,700256,5002692,QTY REC,2026-02-02 16:03:58,SYS_AP_VALIDATION,2026-02-09 09:48:05,SYS_AP_VALIDATION
151,700257,5002701,PRICE,2025-01-08 09:58:41,SYS_AP_VALIDATION,2025-01-14 09:59:23,BUYER.SARA
152,700260,5002741,QTY REC,2025-02-28 09:41:10,SYS_AP_VALIDATION,2025-03-11 08:05:47,SYS_AP_VALIDATION
153,700261,5002752,QTY REC,2026-02-05 10:27:30,SYS_AP_VALIDATION,2026-02-12 11:20:50,SYS_AP_VALIDATION
154,700264,5002772,QTY REC,2025-11-05 09:03:25,SYS_AP_VALIDATION,2025-11-11 10:01:42,SYS_AP_VALIDATION
155,700266,5002791,PRICE,2026-05-29 13:24:24,SYS_AP_VALIDATION,2026-06-02 08:11:48,BUYER.OMAR
156,700270,5002833,QTY REC,2026-02-12 16:19:27,SYS_AP_VALIDATION,2026-02-13 09:43:15,SYS_AP_VALIDATION
157,700270,,VAT MISMATCH,2026-02-12 16:19:27,SYS_AP_VALIDATION,2026-02-19 10:52:54,AP.ANNA
158,700279,,VAT MISMATCH,2025-05-29 08:18:55,SYS_AP_VALIDATION,2025-05-30 09:09:05,AP.RAVI
159,700284,5002981,PRICE,2025-12-26 09:33:47,SYS_AP_VALIDATION,2025-12-31 10:31:34,BUYER.PRIYA
160,700284,,VAT MISMATCH,2025-12-26 09:33:47,SYS_AP_VALIDATION,2026-01-01 11:10:11,AP.MONA
161,700285,5002991,QTY REC,2026-08-17 13:16:49,SYS_AP_VALIDATION,2026-08-19 08:03:54,SYS_AP_VALIDATION
162,700288,5003011,QTY REC,2024-12-17 10:37:07,SYS_AP_VALIDATION,2024-12-19 16:03:09,SYS_AP_VALIDATION
163,700288,,VAT MISMATCH,2024-12-17 10:37:07,SYS_AP_VALIDATION,2024-12-19 09:00:16,AP.ANNA
164,700289,5003021,QTY REC,2026-08-03 13:14:33,SYS_AP_VALIDATION,2026-08-04 16:33:46,SYS_AP_VALIDATION
165,700291,5003061,QTY REC,2025-01-14 08:41:37,SYS_AP_VALIDATION,2025-01-15 11:52:05,SYS_AP_VALIDATION
166,700293,5003081,PRICE,2024-12-19 11:01:51,SYS_AP_VALIDATION,2024-12-25 09:46:27,BUYER.OMAR
167,700302,5003171,QTY REC,2025-09-04 08:17:52,SYS_AP_VALIDATION,2025-09-05 09:27:22,SYS_AP_VALIDATION
168,700302,5003172,QTY REC,2025-09-04 08:17:52,SYS_AP_VALIDATION,2025-09-04 15:18:15,SYS_AP_VALIDATION
169,700302,5003173,QTY REC,2025-09-04 08:17:52,SYS_AP_VALIDATION,2025-09-09 08:22:22,SYS_AP_VALIDATION
170,700304,5003191,PRICE,2025-05-09 16:11:36,SYS_AP_VALIDATION,2025-05-12 09:58:09,BUYER.JAMES
171,700305,5003201,PRICE,2025-06-23 12:20:59,SYS_AP_VALIDATION,2025-07-03 08:47:51,BUYER.SARA
172,700311,5003281,PRICE,2026-01-06 11:44:14,SYS_AP_VALIDATION,2026-01-09 10:28:12,BUYER.JAMES
173,700311,5003282,QTY REC,2026-01-06 11:44:14,SYS_AP_VALIDATION,2026-01-07 12:14:14,SYS_AP_VALIDATION
174,700312,5003291,QTY REC,2024-11-27 13:21:07,SYS_AP_VALIDATION,2024-11-28 12:25:56,SYS_AP_VALIDATION
175,700314,5003311,QTY REC,2025-07-15 09:45:43,SYS_AP_VALIDATION,2025-07-21 11:14:46,SYS_AP_VALIDATION
176,700314,5003313,QTY REC,2025-07-15 09:45:43,SYS_AP_VALIDATION,2025-07-17 09:21:14,SYS_AP_VALIDATION
177,700318,5003352,QTY REC,2025-08-18 17:37:52,SYS_AP_VALIDATION,2025-08-25 08:45:46,SYS_AP_VALIDATION
178,700319,5003361,PRICE,2026-07-30 12:25:37,SYS_AP_VALIDATION,2026-08-04 09:43:27,BUYER.PRIYA
179,700319,5003361,QTY REC,2026-07-30 12:25:37,SYS_AP_VALIDATION,2026-08-05 09:00:08,SYS_AP_VALIDATION
180,700320,5003371,QTY REC,2025-10-14 13:27:00,SYS_AP_VALIDATION,2025-10-20 13:14:16,SYS_AP_VALIDATION
181,700320,5003372,QTY REC,2025-10-14 13:27:00,SYS_AP_VALIDATION,2025-10-16 10:39:01,SYS_AP_VALIDATION
182,700322,5003391,PRICE,2026-09-24 15:41:45,SYS_AP_VALIDATION,2026-09-28 10:42:42,BUYER.PRIYA
183,700322,5003392,QTY REC,2026-09-24 15:41:45,SYS_AP_VALIDATION,2026-09-28 11:26:19,SYS_AP_VALIDATION
184,700330,5003511,QTY REC,2025-03-06 15:17:19,SYS_AP_VALIDATION,2025-03-10 15:51:58,SYS_AP_VALIDATION
185,700331,,VAT MISMATCH,2025-05-26 13:53:33,SYS_AP_VALIDATION,2025-05-30 08:02:13,AP.RAVI
186,700333,5003541,QTY REC,2025-12-18 13:37:15,SYS_AP_VALIDATION,2025-12-19 11:20:10,SYS_AP_VALIDATION
187,700334,5003552,QTY REC,2026-03-16 17:35:55,SYS_AP_VALIDATION,2026-03-24 08:25:55,SYS_AP_VALIDATION
188,700336,5003571,PRICE,2026-01-20 09:56:05,SYS_AP_VALIDATION,2026-01-21 08:53:40,BUYER.OMAR
189,700336,5003571,QTY REC,2026-01-20 09:56:05,SYS_AP_VALIDATION,2026-01-21 16:01:34,SYS_AP_VALIDATION
190,700340,5003631,QTY REC,2025-03-17 10:13:42,SYS_AP_VALIDATION,2025-03-18 10:51:29,SYS_AP_VALIDATION
191,700340,5003632,QTY REC,2025-03-17 10:13:42,SYS_AP_VALIDATION,2025-03-19 15:43:40,SYS_AP_VALIDATION
192,700343,5003671,PRICE,2025-01-27 10:45:44,SYS_AP_VALIDATION,2025-01-30 10:42:14,BUYER.SARA
193,700344,5003681,PRICE,2025-06-26 10:35:42,SYS_AP_VALIDATION,2025-06-30 14:43:04,BUYER.PRIYA
194,700344,5003681,QTY REC,2025-06-26 10:35:42,SYS_AP_VALIDATION,2025-06-30 16:47:13,SYS_AP_VALIDATION
195,700346,5003702,QTY REC,2026-09-03 10:24:11,SYS_AP_VALIDATION,2026-09-07 12:04:45,SYS_AP_VALIDATION
196,700347,5003711,QTY REC,2026-08-10 17:33:15,SYS_AP_VALIDATION,2026-08-14 15:21:00,SYS_AP_VALIDATION
197,700348,5003732,QTY REC,2025-03-10 08:13:48,SYS_AP_VALIDATION,2025-03-10 10:35:34,SYS_AP_VALIDATION
198,700349,,VAT MISMATCH,2026-01-30 09:01:58,SYS_AP_VALIDATION,2026-02-06 13:25:28,AP.MONA
199,700350,5003751,QTY REC,2025-08-20 13:52:14,SYS_AP_VALIDATION,2025-08-22 08:22:59,SYS_AP_VALIDATION
200,700355,5003811,QTY REC,2025-03-10 16:49:24,SYS_AP_VALIDATION,2025-03-24 10:17:55,SYS_AP_VALIDATION
201,700357,5003841,PRICE,2026-06-12 09:44:43,SYS_AP_VALIDATION,2026-06-22 08:05:55,BUYER.JAMES
202,700357,5003841,QTY REC,2026-06-12 09:44:43,SYS_AP_VALIDATION,2026-06-15 13:57:20,SYS_AP_VALIDATION
203,700361,5003882,QTY REC,2026-04-21 10:56:17,SYS_AP_VALIDATION,2026-05-06 09:06:05,SYS_AP_VALIDATION
204,700363,5003901,QTY REC,2026-07-13 15:58:52,SYS_AP_VALIDATION,2026-07-21 14:07:49,SYS_AP_VALIDATION
205,700364,,VAT MISMATCH,2025-02-10 13:30:57,SYS_AP_VALIDATION,2025-02-26 16:57:49,AP.RAVI
206,700366,5003931,QTY REC,2025-07-08 13:54:50,SYS_AP_VALIDATION,2025-07-18 09:32:30,SYS_AP_VALIDATION
207,700367,5003941,QTY REC,2025-05-09 15:01:15,SYS_AP_VALIDATION,2025-05-12 17:24:57,SYS_AP_VALIDATION
208,700379,5004071,PRICE,2026-03-31 11:22:21,SYS_AP_VALIDATION,2026-04-01 10:45:48,BUYER.SARA
209,700383,5004121,QTY REC,2026-02-20 14:29:47,SYS_AP_VALIDATION,2026-03-06 15:50:00,SYS_AP_VALIDATION
210,700386,5004151,PRICE,2025-04-28 09:27:37,SYS_AP_VALIDATION,2025-05-05 08:16:38,BUYER.PRIYA
211,700386,5004151,QTY REC,2025-04-28 09:27:37,SYS_AP_VALIDATION,2025-05-01 13:49:02,SYS_AP_VALIDATION
212,700387,,VAT MISMATCH,2025-06-09 11:55:28,SYS_AP_VALIDATION,2025-06-16 09:24:56,AP.MONA
213,700388,5004171,PRICE,2025-11-14 12:47:00,SYS_AP_VALIDATION,2025-11-19 08:58:47,BUYER.OMAR
214,700390,,VAT MISMATCH,2025-12-17 10:58:15,SYS_AP_VALIDATION,2025-12-22 12:33:07,AP.MONA
215,700391,5004201,QTY REC,2026-03-02 12:27:22,SYS_AP_VALIDATION,2026-03-03 11:02:54,SYS_AP_VALIDATION
216,700391,,VAT MISMATCH,2026-03-02 12:27:22,SYS_AP_VALIDATION,2026-03-11 08:24:06,AP.RAVI
217,700393,5004221,QTY REC,2026-05-01 09:20:37,SYS_AP_VALIDATION,2026-05-04 16:01:24,SYS_AP_VALIDATION
218,700393,5004222,QTY REC,2026-05-01 09:20:37,SYS_AP_VALIDATION,2026-05-04 10:00:36,SYS_AP_VALIDATION
219,700397,5004262,QTY REC,2025-11-25 08:09:44,SYS_AP_VALIDATION,2025-11-26 10:54:51,SYS_AP_VALIDATION
220,700399,5004281,QTY REC,2024-10-28 15:53:26,SYS_AP_VALIDATION,2024-11-06 10:27:43,SYS_AP_VALIDATION
221,700400,5004291,QTY REC,2025-07-21 08:49:59,SYS_AP_VALIDATION,2025-07-28 14:48:29,SYS_AP_VALIDATION
222,700400,5004292,QTY REC,2025-07-21 08:49:59,SYS_AP_VALIDATION,2025-07-21 14:19:06,SYS_AP_VALIDATION
223,700405,5004341,QTY REC,2025-02-14 15:05:56,SYS_AP_VALIDATION,2025-02-24 16:09:05,SYS_AP_VALIDATION
224,700405,5004342,QTY REC,2025-02-14 15:05:56,SYS_AP_VALIDATION,2025-03-03 11:57:46,SYS_AP_VALIDATION
225,700406,5004351,PRICE,2025-04-14 10:58:13,SYS_AP_VALIDATION,2025-04-21 15:06:57,BUYER.JAMES
226,700409,5004381,QTY REC,2026-06-23 08:05:36,SYS_AP_VALIDATION,2026-06-24 09:03:20,SYS_AP_VALIDATION
227,700411,5004401,QTY REC,2024-12-09 10:21:06,SYS_AP_VALIDATION,2024-12-10 10:58:49,SYS_AP_VALIDATION
228,700411,,VAT MISMATCH,2024-12-09 10:21:06,SYS_AP_VALIDATION,2024-12-16 10:18:35,AP.ANNA
229,700412,5004411,PRICE,2026-01-26 17:50:38,SYS_AP_VALIDATION,2026-01-29 13:48:15,BUYER.OMAR
232,700420,5004511,QTY REC,2025-08-08 13:18:08,SYS_AP_VALIDATION,2025-08-18 14:10:10,SYS_AP_VALIDATION
233,700421,5004521,QTY REC,2026-02-25 08:04:45,SYS_AP_VALIDATION,2026-02-27 10:07:24,SYS_AP_VALIDATION
234,700421,,VAT MISMATCH,2026-02-25 08:04:45,SYS_AP_VALIDATION,2026-02-26 14:24:01,AP.MONA
235,700422,5004531,PRICE,2025-04-28 15:11:25,SYS_AP_VALIDATION,2025-05-05 10:41:15,BUYER.SARA
236,700423,5004541,QTY REC,2024-11-29 12:42:19,SYS_AP_VALIDATION,2024-12-03 10:27:46,SYS_AP_VALIDATION
237,700424,5004561,QTY REC,2025-11-11 13:46:33,SYS_AP_VALIDATION,2025-11-24 16:02:01,SYS_AP_VALIDATION
238,700425,5004571,PRICE,2024-10-29 09:09:39,SYS_AP_VALIDATION,2024-10-31 13:47:15,BUYER.OMAR
239,700426,5004581,QTY REC,2026-02-16 08:14:27,SYS_AP_VALIDATION,2026-02-17 10:13:16,SYS_AP_VALIDATION
240,700426,5004582,QTY REC,2026-02-16 08:14:27,SYS_AP_VALIDATION,2026-02-23 14:06:30,SYS_AP_VALIDATION
241,700429,5004601,QTY REC,2024-12-02 11:09:52,SYS_AP_VALIDATION,2024-12-10 11:58:59,SYS_AP_VALIDATION
242,700430,5004613,QTY REC,2026-07-30 08:27:28,SYS_AP_VALIDATION,2026-08-04 13:51:45,SYS_AP_VALIDATION
243,700436,5004671,QTY REC,2026-01-26 08:48:57,SYS_AP_VALIDATION,2026-01-26 13:59:12,SYS_AP_VALIDATION
244,700440,5004711,QTY REC,2026-01-27 15:54:29,SYS_AP_VALIDATION,2026-02-03 09:58:46,SYS_AP_VALIDATION
245,700443,5004742,QTY REC,2026-03-17 09:57:11,SYS_AP_VALIDATION,2026-03-24 13:55:00,SYS_AP_VALIDATION
246,700444,5004751,QTY REC,2025-08-04 09:55:42,SYS_AP_VALIDATION,2025-08-04 17:13:08,SYS_AP_VALIDATION
247,700445,5004761,QTY REC,2025-04-04 13:48:00,SYS_AP_VALIDATION,2025-04-15 10:12:58,SYS_AP_VALIDATION
248,700447,5004791,QTY REC,2025-05-19 13:23:34,SYS_AP_VALIDATION,2025-05-29 12:12:11,SYS_AP_VALIDATION
249,700447,5004792,QTY REC,2025-05-19 13:23:34,SYS_AP_VALIDATION,2025-05-22 08:24:04,SYS_AP_VALIDATION
250,700447,5004793,QTY REC,2025-05-19 13:23:34,SYS_AP_VALIDATION,2025-05-21 08:01:00,SYS_AP_VALIDATION
251,700450,5004821,QTY REC,2025-12-09 08:31:42,SYS_AP_VALIDATION,2025-12-24 15:30:55,SYS_AP_VALIDATION
252,700451,5004831,PRICE,2026-07-27 11:28:41,SYS_AP_VALIDATION,2026-08-05 10:24:48,BUYER.PRIYA
253,700453,5004851,QTY REC,2025-01-20 15:12:46,SYS_AP_VALIDATION,2025-01-21 14:08:52,SYS_AP_VALIDATION
254,700454,5004863,QTY REC,2024-12-09 10:39:45,SYS_AP_VALIDATION,2024-12-16 10:14:48,SYS_AP_VALIDATION
255,700460,5004931,QTY REC,2024-12-18 09:46:34,SYS_AP_VALIDATION,2024-12-30 13:28:34,SYS_AP_VALIDATION
256,700460,5004932,QTY REC,2024-12-18 09:46:34,SYS_AP_VALIDATION,2024-12-25 08:37:37,SYS_AP_VALIDATION
257,700462,5004951,QTY REC,2025-07-02 17:31:50,SYS_AP_VALIDATION,2025-07-07 08:22:27,SYS_AP_VALIDATION
258,700463,5004961,QTY REC,2026-02-02 09:59:23,SYS_AP_VALIDATION,2026-02-06 10:36:14,SYS_AP_VALIDATION
259,700466,5004991,QTY REC,2026-01-07 09:40:21,SYS_AP_VALIDATION,2026-01-14 09:42:49,SYS_AP_VALIDATION
260,700472,5005051,PRICE,2026-09-21 13:36:18,SYS_AP_VALIDATION,2026-09-28 12:07:08,BUYER.OMAR
261,700474,5005071,QTY REC,2024-11-14 15:25:40,SYS_AP_VALIDATION,2024-11-18 08:24:15,SYS_AP_VALIDATION
262,700474,5005072,QTY REC,2024-11-14 15:25:40,SYS_AP_VALIDATION,2024-11-22 10:21:25,SYS_AP_VALIDATION
263,700475,5005081,QTY REC,2025-06-20 14:09:53,SYS_AP_VALIDATION,2025-06-24 08:10:07,SYS_AP_VALIDATION
264,700475,5005082,QTY REC,2025-06-20 14:09:53,SYS_AP_VALIDATION,2025-06-27 12:18:59,SYS_AP_VALIDATION
265,700476,5005091,PRICE,2025-07-30 17:05:09,SYS_AP_VALIDATION,2025-08-04 09:15:12,BUYER.JAMES
266,700476,5005091,QTY REC,2025-07-30 17:05:09,SYS_AP_VALIDATION,2025-07-31 17:42:07,SYS_AP_VALIDATION
267,700479,5005121,QTY REC,2025-01-20 12:27:23,SYS_AP_VALIDATION,2025-01-23 09:36:59,SYS_AP_VALIDATION
268,700481,5005141,QTY REC,2025-01-21 08:06:58,SYS_AP_VALIDATION,2025-01-22 14:48:01,SYS_AP_VALIDATION
269,700482,5005151,QTY REC,2025-04-15 15:02:05,SYS_AP_VALIDATION,2025-04-16 15:52:10,SYS_AP_VALIDATION
270,700482,5005152,QTY REC,2025-04-15 15:02:05,SYS_AP_VALIDATION,2025-04-17 16:43:57,SYS_AP_VALIDATION
271,700482,5005153,QTY REC,2025-04-15 15:02:05,SYS_AP_VALIDATION,2025-04-22 13:09:08,SYS_AP_VALIDATION
272,700483,5005161,PRICE,2025-12-15 12:32:20,SYS_AP_VALIDATION,2025-12-19 08:25:22,BUYER.JAMES
273,700485,5005181,PRICE,2025-06-11 10:46:06,SYS_AP_VALIDATION,2025-06-23 08:46:24,BUYER.PRIYA
274,700487,5005201,QTY REC,2025-12-09 09:43:39,SYS_AP_VALIDATION,2025-12-12 13:00:42,SYS_AP_VALIDATION
275,700487,5005202,QTY REC,2025-12-09 09:43:39,SYS_AP_VALIDATION,2025-12-15 11:55:25,SYS_AP_VALIDATION
276,700487,5005203,QTY REC,2025-12-09 09:43:39,SYS_AP_VALIDATION,2025-12-09 12:15:28,SYS_AP_VALIDATION
277,700490,5005231,QTY REC,2025-12-22 08:42:19,SYS_AP_VALIDATION,2026-01-12 14:18:01,SYS_AP_VALIDATION
278,700492,5005251,QTY REC,2025-10-27 10:40:04,SYS_AP_VALIDATION,2025-10-29 09:26:02,SYS_AP_VALIDATION
279,700492,5005252,QTY REC,2025-10-27 10:40:04,SYS_AP_VALIDATION,2025-10-28 14:46:12,SYS_AP_VALIDATION
280,700493,5005263,QTY REC,2025-10-01 13:50:18,SYS_AP_VALIDATION,2025-10-03 09:15:06,SYS_AP_VALIDATION
281,700496,,VAT MISMATCH,2026-06-01 14:38:12,SYS_AP_VALIDATION,2026-06-11 09:32:27,AP.ANNA
282,700497,5005301,PRICE,2025-02-04 16:31:00,SYS_AP_VALIDATION,2025-02-10 11:04:08,BUYER.PRIYA
283,700497,5005301,QTY REC,2025-02-04 16:31:00,SYS_AP_VALIDATION,2025-02-06 15:40:42,SYS_AP_VALIDATION
284,700499,5005331,PRICE,2026-08-11 08:01:06,SYS_AP_VALIDATION,2026-08-14 10:19:02,BUYER.OMAR
285,700501,5005352,QTY REC,2026-08-24 10:24:58,SYS_AP_VALIDATION,2026-09-03 12:10:32,SYS_AP_VALIDATION
286,700501,,VAT MISMATCH,2026-08-24 10:24:58,SYS_AP_VALIDATION,2026-08-31 12:58:26,AP.ANNA
287,700504,,VAT MISMATCH,2026-01-27 10:13:32,SYS_AP_VALIDATION,2026-02-16 14:32:18,AP.RAVI
288,700505,5005401,QTY REC,2025-02-26 10:30:03,SYS_AP_VALIDATION,2025-02-27 09:16:31,SYS_AP_VALIDATION
289,700505,,VAT MISMATCH,2025-02-26 10:30:03,SYS_AP_VALIDATION,2025-03-06 13:14:11,AP.RAVI
290,700507,5005431,QTY REC,2026-04-07 10:07:44,SYS_AP_VALIDATION,2026-04-14 10:27:56,SYS_AP_VALIDATION
291,700509,5005451,PRICE,2024-11-18 09:49:38,SYS_AP_VALIDATION,2024-11-19 08:00:52,BUYER.SARA
292,700509,,VAT MISMATCH,2024-11-18 09:49:38,SYS_AP_VALIDATION,2024-11-26 08:47:54,AP.MONA
293,700510,5005461,QTY REC,2026-08-14 12:37:07,SYS_AP_VALIDATION,2026-08-18 08:43:53,SYS_AP_VALIDATION
294,700512,5005481,QTY REC,2025-04-11 15:08:34,SYS_AP_VALIDATION,2025-04-15 09:22:13,SYS_AP_VALIDATION
295,700516,5005531,PRICE,2026-09-16 09:50:13,SYS_AP_VALIDATION,2026-09-22 11:43:19,BUYER.JAMES
296,700517,5005543,QTY REC,2026-08-11 09:57:16,SYS_AP_VALIDATION,2026-08-13 12:25:23,SYS_AP_VALIDATION
297,700522,5005591,QTY REC,2025-07-16 11:40:59,SYS_AP_VALIDATION,2025-07-21 17:07:47,SYS_AP_VALIDATION
298,700522,5005592,QTY REC,2025-07-16 11:40:59,SYS_AP_VALIDATION,2025-07-21 10:55:18,SYS_AP_VALIDATION
299,700522,5005593,QTY REC,2025-07-16 11:40:59,SYS_AP_VALIDATION,2025-07-18 10:08:48,SYS_AP_VALIDATION
300,700523,5005601,QTY REC,2024-10-16 13:06:37,SYS_AP_VALIDATION,2024-10-18 09:11:25,SYS_AP_VALIDATION
301,700524,5005611,QTY REC,2026-09-29 17:22:06,SYS_AP_VALIDATION,,
302,700528,5005652,QTY REC,2025-11-19 09:02:55,SYS_AP_VALIDATION,2025-11-28 10:17:59,SYS_AP_VALIDATION
303,700530,5005681,QTY REC,2024-12-13 08:27:02,SYS_AP_VALIDATION,2024-12-17 08:17:39,SYS_AP_VALIDATION
304,700534,5005721,QTY REC,2026-02-04 13:27:02,SYS_AP_VALIDATION,2026-02-10 09:47:55,SYS_AP_VALIDATION
305,700536,5005741,QTY REC,2025-11-03 15:25:40,SYS_AP_VALIDATION,2025-11-03 17:34:13,SYS_AP_VALIDATION
306,700536,5005742,QTY REC,2025-11-03 15:25:40,SYS_AP_VALIDATION,2025-11-05 16:40:43,SYS_AP_VALIDATION
307,700536,5005743,QTY REC,2025-11-03 15:25:40,SYS_AP_VALIDATION,2025-11-04 17:34:09,SYS_AP_VALIDATION
308,700537,5005751,QTY REC,2025-06-24 10:50:59,SYS_AP_VALIDATION,2025-06-30 14:16:08,SYS_AP_VALIDATION
309,700538,5005761,PRICE,2025-03-26 10:14:31,SYS_AP_VALIDATION,2025-04-08 10:28:06,BUYER.OMAR
310,700540,5005792,QTY REC,2025-05-13 09:36:22,SYS_AP_VALIDATION,2025-05-19 08:38:33,SYS_AP_VALIDATION
311,700542,5005811,QTY REC,2025-02-24 12:53:53,SYS_AP_VALIDATION,2025-03-04 12:43:57,SYS_AP_VALIDATION
312,700542,,VAT MISMATCH,2025-02-24 12:53:53,SYS_AP_VALIDATION,2025-02-28 12:06:45,AP.ANNA
313,700545,5005841,PRICE,2025-04-14 13:06:24,SYS_AP_VALIDATION,2025-04-17 15:52:34,BUYER.PRIYA
314,700546,5005851,PRICE,2025-07-07 17:59:23,SYS_AP_VALIDATION,2025-07-09 14:45:26,BUYER.PRIYA
315,700547,5005861,QTY REC,2025-03-14 17:01:58,SYS_AP_VALIDATION,2025-03-24 12:40:21,SYS_AP_VALIDATION
316,700547,5005862,QTY REC,2025-03-14 17:01:58,SYS_AP_VALIDATION,2025-03-24 08:58:21,SYS_AP_VALIDATION
317,700549,5005881,QTY REC,2025-09-15 11:04:39,SYS_AP_VALIDATION,2025-09-16 10:38:18,SYS_AP_VALIDATION
318,700553,,VAT MISMATCH,2026-06-09 13:05:45,SYS_AP_VALIDATION,2026-06-11 15:23:27,AP.RAVI
319,700554,5005931,QTY REC,2026-09-28 13:51:23,SYS_AP_VALIDATION,2026-09-30 10:06:14,SYS_AP_VALIDATION
320,700554,5005932,QTY REC,2026-09-28 13:51:23,SYS_AP_VALIDATION,,
321,700558,5005961,QTY REC,2025-10-24 13:44:54,SYS_AP_VALIDATION,2025-10-28 08:43:09,SYS_AP_VALIDATION
322,700561,,VAT MISMATCH,2024-12-20 08:41:52,SYS_AP_VALIDATION,2024-12-30 09:18:33,AP.RAVI
323,700564,5006021,PRICE,2026-07-14 09:45:29,SYS_AP_VALIDATION,2026-07-16 08:15:09,BUYER.SARA
324,700572,5006111,QTY REC,2024-12-11 09:16:12,SYS_AP_VALIDATION,2024-12-11 16:15:38,SYS_AP_VALIDATION
325,700573,5006121,PRICE,2025-04-03 10:50:00,SYS_AP_VALIDATION,2025-04-07 14:24:52,BUYER.SARA
326,700574,5006131,QTY REC,2025-01-08 13:28:38,SYS_AP_VALIDATION,2025-01-09 17:49:01,SYS_AP_VALIDATION
327,700576,5006163,QTY REC,2026-07-17 15:42:40,SYS_AP_VALIDATION,2026-08-04 10:34:02,SYS_AP_VALIDATION
328,700577,5006171,QTY REC,2026-08-20 15:38:08,SYS_AP_VALIDATION,2026-08-31 15:07:33,SYS_AP_VALIDATION
329,700581,5006201,QTY REC,2026-05-25 10:51:45,SYS_AP_VALIDATION,2026-05-26 09:15:45,SYS_AP_VALIDATION
330,700582,5006211,PRICE,2026-06-16 08:34:23,SYS_AP_VALIDATION,2026-06-22 09:39:00,BUYER.PRIYA
331,700583,5006222,QTY REC,2026-05-26 10:30:31,SYS_AP_VALIDATION,2026-05-27 10:43:50,SYS_AP_VALIDATION
332,700588,5006271,PRICE,2025-04-15 09:41:30,SYS_AP_VALIDATION,2025-04-25 10:16:40,BUYER.PRIYA
333,700589,5006281,PRICE,2026-01-08 17:47:10,SYS_AP_VALIDATION,2026-01-15 13:08:05,BUYER.JAMES
334,700589,5006281,QTY REC,2026-01-08 17:47:10,SYS_AP_VALIDATION,2026-01-12 11:56:47,SYS_AP_VALIDATION
335,700594,5006331,PRICE,2024-12-12 17:18:00,SYS_AP_VALIDATION,2024-12-16 09:50:18,BUYER.OMAR
336,700597,5006361,QTY REC,2024-12-31 12:42:49,SYS_AP_VALIDATION,2025-01-07 08:09:34,SYS_AP_VALIDATION
337,700598,5006371,PRICE,2025-02-17 12:10:23,SYS_AP_VALIDATION,2025-02-26 09:00:03,BUYER.OMAR
338,700599,5006381,PRICE,2026-07-27 17:31:35,SYS_AP_VALIDATION,2026-08-10 08:07:51,BUYER.SARA
339,700599,5006381,QTY REC,2026-07-27 17:31:35,SYS_AP_VALIDATION,2026-07-28 17:08:44,SYS_AP_VALIDATION
340,700600,5006391,PRICE,2026-08-13 17:41:37,SYS_AP_VALIDATION,2026-08-19 09:23:55,BUYER.OMAR
341,700606,5006452,QTY REC,2025-03-05 15:23:07,SYS_AP_VALIDATION,2025-03-25 08:02:03,SYS_AP_VALIDATION
342,700611,5006501,PRICE,2025-12-26 10:51:59,SYS_AP_VALIDATION,2025-12-30 08:15:23,BUYER.JAMES
343,700611,5006501,QTY REC,2025-12-26 10:51:59,SYS_AP_VALIDATION,2025-12-30 10:13:03,SYS_AP_VALIDATION
344,700613,5006511,QTY REC,2026-04-17 16:43:18,SYS_AP_VALIDATION,2026-04-21 10:35:26,SYS_AP_VALIDATION
345,700613,5006512,QTY REC,2026-04-17 16:43:18,SYS_AP_VALIDATION,2026-04-28 11:23:21,SYS_AP_VALIDATION
346,700615,5006521,PRICE,2024-11-08 16:13:34,SYS_AP_VALIDATION,2024-11-11 16:07:31,BUYER.PRIYA
347,700616,5006531,QTY REC,2026-08-24 10:09:55,SYS_AP_VALIDATION,2026-08-26 16:31:49,SYS_AP_VALIDATION
348,700617,5006542,QTY REC,2025-01-20 09:52:32,SYS_AP_VALIDATION,2025-01-24 16:52:06,SYS_AP_VALIDATION
349,700619,,VAT MISMATCH,2026-03-10 15:39:07,SYS_AP_VALIDATION,2026-03-13 10:19:41,AP.ANNA
350,700620,5006571,QTY REC,2026-09-24 15:49:49,SYS_AP_VALIDATION,,
351,700621,5006581,QTY REC,2026-09-08 08:06:26,SYS_AP_VALIDATION,2026-09-14 11:22:36,SYS_AP_VALIDATION
352,700626,5006631,PRICE,2025-03-13 15:47:41,SYS_AP_VALIDATION,2025-03-14 13:15:22,BUYER.SARA
353,700632,5006682,QTY REC,2024-12-12 10:18:03,SYS_AP_VALIDATION,2024-12-30 10:42:17,SYS_AP_VALIDATION
354,700633,5006691,PRICE,2025-08-01 10:45:40,SYS_AP_VALIDATION,2025-08-11 10:26:55,BUYER.PRIYA
355,700633,5006691,QTY REC,2025-08-01 10:45:40,SYS_AP_VALIDATION,2025-08-05 10:42:58,SYS_AP_VALIDATION
357,700639,5006751,QTY REC,2026-09-03 08:57:43,SYS_AP_VALIDATION,2026-09-04 12:47:30,SYS_AP_VALIDATION
358,700642,5006781,QTY REC,2025-10-13 15:29:30,SYS_AP_VALIDATION,2025-10-27 09:49:56,SYS_AP_VALIDATION
359,700643,5006791,PRICE,2026-06-01 15:57:09,SYS_AP_VALIDATION,2026-06-04 10:09:24,BUYER.SARA
360,700644,5006802,QTY REC,2025-08-18 11:32:45,SYS_AP_VALIDATION,2025-08-19 12:38:49,SYS_AP_VALIDATION
361,700645,5006812,QTY REC,2025-08-26 10:24:17,SYS_AP_VALIDATION,2025-09-01 14:00:12,SYS_AP_VALIDATION
362,700649,5006851,QTY REC,2025-09-05 09:50:32,SYS_AP_VALIDATION,2025-09-08 08:15:05,SYS_AP_VALIDATION
363,700651,5006883,QTY REC,2025-09-11 11:13:16,SYS_AP_VALIDATION,2025-09-12 13:57:33,SYS_AP_VALIDATION
364,700653,5006901,PRICE,2025-02-24 13:53:40,SYS_AP_VALIDATION,2025-02-25 10:56:20,BUYER.PRIYA
365,700654,5006911,PRICE,2024-10-30 14:02:10,SYS_AP_VALIDATION,2024-11-04 09:22:08,BUYER.OMAR
366,700654,5006911,QTY REC,2024-10-30 14:02:10,SYS_AP_VALIDATION,2024-11-19 09:39:15,SYS_AP_VALIDATION
367,700656,5006931,PRICE,2026-08-13 11:44:34,SYS_AP_VALIDATION,2026-08-17 14:36:18,BUYER.PRIYA
368,700657,5006941,PRICE,2025-01-13 17:28:15,SYS_AP_VALIDATION,2025-01-21 08:34:57,BUYER.OMAR
369,700657,5006941,QTY REC,2025-01-13 17:28:15,SYS_AP_VALIDATION,2025-01-30 14:21:53,SYS_AP_VALIDATION
370,700657,,VAT MISMATCH,2025-01-13 17:28:15,SYS_AP_VALIDATION,2025-01-14 13:48:42,AP.MONA
371,700658,5006961,QTY REC,2025-01-17 09:02:52,SYS_AP_VALIDATION,2025-01-20 10:39:43,SYS_AP_VALIDATION
372,700659,5006972,QTY REC,2026-08-26 08:10:50,SYS_AP_VALIDATION,2026-08-27 10:01:39,SYS_AP_VALIDATION
373,700660,5006981,PRICE,2025-01-14 09:50:55,SYS_AP_VALIDATION,2025-01-21 08:12:06,BUYER.PRIYA
374,700660,5006981,QTY REC,2025-01-14 09:50:55,SYS_AP_VALIDATION,2025-01-20 09:09:07,SYS_AP_VALIDATION
375,700660,5006982,QTY REC,2025-01-14 09:50:55,SYS_AP_VALIDATION,2025-01-20 11:15:16,SYS_AP_VALIDATION
376,700662,5007001,PRICE,2026-02-03 17:34:05,SYS_AP_VALIDATION,2026-02-11 08:24:46,BUYER.SARA
377,700662,5007001,QTY REC,2026-02-03 17:34:05,SYS_AP_VALIDATION,2026-02-10 09:18:23,SYS_AP_VALIDATION
378,700664,5007032,QTY REC,2026-02-18 08:09:09,SYS_AP_VALIDATION,2026-02-20 15:06:13,SYS_AP_VALIDATION
379,700667,5007061,PRICE,2026-08-11 10:41:18,SYS_AP_VALIDATION,2026-08-17 09:50:32,BUYER.JAMES
380,700672,5007111,QTY REC,2026-05-07 11:24:03,SYS_AP_VALIDATION,2026-05-12 09:59:40,SYS_AP_VALIDATION
381,700673,5007131,QTY REC,2025-09-09 08:04:28,SYS_AP_VALIDATION,2025-09-22 09:24:58,SYS_AP_VALIDATION
382,700675,5007151,PRICE,2026-05-11 09:19:05,SYS_AP_VALIDATION,2026-05-18 08:21:46,BUYER.SARA
383,700676,5007161,PRICE,2025-09-26 12:16:42,SYS_AP_VALIDATION,2025-09-29 09:34:02,BUYER.SARA
384,700677,5007171,QTY REC,2025-02-14 09:23:58,SYS_AP_VALIDATION,2025-02-17 09:07:56,SYS_AP_VALIDATION
385,700678,5007181,QTY REC,2026-09-07 08:52:51,SYS_AP_VALIDATION,2026-09-11 15:41:24,SYS_AP_VALIDATION
386,700679,5007191,QTY REC,2025-05-05 08:44:34,SYS_AP_VALIDATION,2025-05-07 17:31:53,SYS_AP_VALIDATION
387,700681,5007211,QTY REC,2025-02-25 14:54:13,SYS_AP_VALIDATION,2025-03-17 13:10:40,SYS_AP_VALIDATION
388,700681,5007212,QTY REC,2025-02-25 14:54:13,SYS_AP_VALIDATION,2025-03-03 11:28:53,SYS_AP_VALIDATION
389,700681,5007213,QTY REC,2025-02-25 14:54:13,SYS_AP_VALIDATION,2025-03-18 08:15:39,SYS_AP_VALIDATION
390,700686,5007261,QTY REC,2024-11-01 09:57:08,SYS_AP_VALIDATION,2024-11-05 08:36:37,SYS_AP_VALIDATION
391,700688,5007281,PRICE,2026-08-19 09:03:28,SYS_AP_VALIDATION,2026-08-21 10:14:28,BUYER.SARA
392,700688,5007282,QTY REC,2026-08-19 09:03:28,SYS_AP_VALIDATION,2026-08-25 09:40:47,SYS_AP_VALIDATION
393,700688,5007283,QTY REC,2026-08-19 09:03:28,SYS_AP_VALIDATION,2026-08-28 12:53:08,SYS_AP_VALIDATION
394,700689,5007291,PRICE,2025-09-26 08:47:08,SYS_AP_VALIDATION,2025-10-01 10:01:47,BUYER.JAMES
395,700689,5007291,QTY REC,2025-09-26 08:47:08,SYS_AP_VALIDATION,2025-10-06 15:41:03,SYS_AP_VALIDATION
396,700691,5007311,QTY REC,2024-11-20 15:24:30,SYS_AP_VALIDATION,2024-11-28 09:50:49,SYS_AP_VALIDATION
397,700696,5007361,PRICE,2024-12-05 08:32:11,SYS_AP_VALIDATION,2024-12-09 08:50:08,BUYER.OMAR
398,700700,5007401,QTY REC,2025-03-14 13:41:24,SYS_AP_VALIDATION,2025-03-17 11:50:27,SYS_AP_VALIDATION
399,700700,5007402,QTY REC,2025-03-14 13:41:24,SYS_AP_VALIDATION,2025-03-17 17:57:07,SYS_AP_VALIDATION
400,700701,5007411,PRICE,2025-08-15 12:50:52,SYS_AP_VALIDATION,2025-08-25 10:01:06,BUYER.SARA
401,700702,5007421,QTY REC,2025-05-05 14:55:03,SYS_AP_VALIDATION,2025-05-12 08:33:02,SYS_AP_VALIDATION
402,700702,5007422,QTY REC,2025-05-05 14:55:03,SYS_AP_VALIDATION,2025-05-06 17:29:01,SYS_AP_VALIDATION
403,700704,5007441,PRICE,2026-07-06 11:28:13,SYS_AP_VALIDATION,2026-07-13 08:51:42,BUYER.JAMES
404,700705,5007451,QTY REC,2025-12-18 11:52:14,SYS_AP_VALIDATION,2025-12-22 09:15:36,SYS_AP_VALIDATION
405,700706,5007461,QTY REC,2026-07-16 09:48:31,SYS_AP_VALIDATION,2026-07-20 11:40:48,SYS_AP_VALIDATION
406,700707,5007471,QTY REC,2025-01-02 13:54:53,SYS_AP_VALIDATION,2025-01-08 08:18:37,SYS_AP_VALIDATION
407,700710,5007501,QTY REC,2026-05-01 14:10:47,SYS_AP_VALIDATION,2026-05-11 17:31:00,SYS_AP_VALIDATION
408,700714,,VAT MISMATCH,2025-04-09 15:44:41,SYS_AP_VALIDATION,2025-04-18 10:51:23,AP.MONA
409,700716,5007561,QTY REC,2025-11-11 11:40:10,SYS_AP_VALIDATION,2025-11-13 17:40:29,SYS_AP_VALIDATION
410,700719,5007591,QTY REC,2026-01-20 08:45:59,SYS_AP_VALIDATION,2026-01-21 09:53:53,SYS_AP_VALIDATION
411,700724,5007641,QTY REC,2025-02-04 15:26:15,SYS_AP_VALIDATION,2025-02-20 12:49:06,SYS_AP_VALIDATION
412,700727,5007671,PRICE,2026-05-06 13:02:47,SYS_AP_VALIDATION,2026-05-18 09:48:23,BUYER.SARA
413,700727,5007671,QTY REC,2026-05-06 13:02:47,SYS_AP_VALIDATION,2026-05-08 10:31:58,SYS_AP_VALIDATION
414,700729,5007691,QTY REC,2026-05-04 15:03:10,SYS_AP_VALIDATION,2026-05-07 10:06:00,SYS_AP_VALIDATION
415,700730,5007701,PRICE,2024-12-31 10:24:47,SYS_AP_VALIDATION,2025-01-02 09:43:41,BUYER.OMAR
416,700730,5007701,QTY REC,2024-12-31 10:24:47,SYS_AP_VALIDATION,2025-01-01 11:19:30,SYS_AP_VALIDATION
417,700730,5007702,QTY REC,2024-12-31 10:24:47,SYS_AP_VALIDATION,2025-01-01 10:33:26,SYS_AP_VALIDATION
418,700732,5007731,QTY REC,2025-10-31 16:47:59,SYS_AP_VALIDATION,2025-11-04 13:30:14,SYS_AP_VALIDATION
419,700732,5007732,QTY REC,2025-10-31 16:47:59,SYS_AP_VALIDATION,2025-11-04 09:11:08,SYS_AP_VALIDATION
420,700736,5007771,PRICE,2026-03-11 15:44:23,SYS_AP_VALIDATION,2026-03-12 11:36:53,BUYER.SARA
421,700737,5007781,PRICE,2025-02-14 08:07:33,SYS_AP_VALIDATION,2025-02-18 12:00:37,BUYER.OMAR
422,700740,5007811,QTY REC,2025-05-14 10:15:57,SYS_AP_VALIDATION,2025-05-26 14:16:00,SYS_AP_VALIDATION
423,700743,5007841,QTY REC,2026-06-17 08:54:54,SYS_AP_VALIDATION,2026-06-18 15:49:51,SYS_AP_VALIDATION
424,700743,5007843,QTY REC,2026-06-17 08:54:54,SYS_AP_VALIDATION,2026-06-17 16:26:58,SYS_AP_VALIDATION
425,700748,5007901,PRICE,2024-11-26 10:04:24,SYS_AP_VALIDATION,2024-12-04 17:00:36,BUYER.SARA
426,700750,5007921,PRICE,2025-03-26 15:19:38,SYS_AP_VALIDATION,2025-04-14 09:13:22,BUYER.OMAR
427,700750,,VAT MISMATCH,2025-03-26 15:19:38,SYS_AP_VALIDATION,2025-04-03 09:07:03,AP.ANNA
428,700753,,VAT MISMATCH,2025-02-21 13:58:38,SYS_AP_VALIDATION,2025-02-28 09:19:38,AP.RAVI
429,700758,5008021,PRICE,2025-01-13 09:49:10,SYS_AP_VALIDATION,2025-01-20 14:32:36,BUYER.PRIYA
430,700759,5008031,QTY REC,2025-05-01 15:12:32,SYS_AP_VALIDATION,2025-05-02 15:40:01,SYS_AP_VALIDATION
431,700759,5008032,QTY REC,2025-05-01 15:12:32,SYS_AP_VALIDATION,2025-05-02 13:51:31,SYS_AP_VALIDATION
432,700761,5008051,QTY REC,2026-05-14 10:41:17,SYS_AP_VALIDATION,2026-05-15 08:04:03,SYS_AP_VALIDATION
433,700762,5008061,QTY REC,2026-01-06 08:35:20,SYS_AP_VALIDATION,2026-01-06 16:38:06,SYS_AP_VALIDATION
434,700762,5008062,QTY REC,2026-01-06 08:35:20,SYS_AP_VALIDATION,2026-01-09 11:35:31,SYS_AP_VALIDATION
435,700769,,VAT MISMATCH,2025-04-25 08:36:23,SYS_AP_VALIDATION,2025-05-05 08:40:03,AP.ANNA
436,700770,5008141,PRICE,2025-01-13 13:10:39,SYS_AP_VALIDATION,2025-01-17 15:49:34,BUYER.JAMES
437,700770,5008141,QTY REC,2025-01-13 13:10:39,SYS_AP_VALIDATION,2025-01-16 16:30:07,SYS_AP_VALIDATION
438,700771,5008151,PRICE,2026-02-03 08:53:57,SYS_AP_VALIDATION,2026-02-16 10:32:15,BUYER.OMAR
439,700771,,VAT MISMATCH,2026-02-03 08:53:57,SYS_AP_VALIDATION,2026-02-23 10:35:42,AP.RAVI
440,700772,,VAT MISMATCH,2026-01-21 14:17:43,SYS_AP_VALIDATION,2026-02-02 08:11:39,AP.RAVI
441,700774,5008181,PRICE,2026-01-05 13:29:09,SYS_AP_VALIDATION,2026-01-12 09:51:42,BUYER.SARA
442,700778,5008231,QTY REC,2025-08-25 17:53:17,SYS_AP_VALIDATION,2025-08-28 14:09:48,SYS_AP_VALIDATION
443,700784,5008291,QTY REC,2025-11-27 12:53:29,SYS_AP_VALIDATION,2025-12-04 12:08:53,SYS_AP_VALIDATION
444,700787,5008321,PRICE,2026-03-06 10:04:31,SYS_AP_VALIDATION,2026-03-09 10:30:19,BUYER.SARA
445,700787,5008321,QTY REC,2026-03-06 10:04:31,SYS_AP_VALIDATION,2026-03-11 14:13:09,SYS_AP_VALIDATION
446,700789,5008341,QTY REC,2025-01-13 17:55:51,SYS_AP_VALIDATION,2025-01-20 17:19:01,SYS_AP_VALIDATION
447,700789,5008342,QTY REC,2025-01-13 17:55:51,SYS_AP_VALIDATION,2025-01-15 08:52:24,SYS_AP_VALIDATION
448,700791,5008361,PRICE,2025-10-13 15:24:19,SYS_AP_VALIDATION,2025-10-14 10:41:35,BUYER.OMAR
449,700792,5008371,QTY REC,2025-03-24 11:58:09,SYS_AP_VALIDATION,2025-03-31 14:13:04,SYS_AP_VALIDATION
450,700794,5008391,QTY REC,2025-11-11 17:32:20,SYS_AP_VALIDATION,2025-11-14 10:29:36,SYS_AP_VALIDATION
451,700795,5008401,PRICE,2026-05-07 10:04:11,SYS_AP_VALIDATION,2026-05-11 17:03:15,BUYER.PRIYA
452,700799,5008441,QTY REC,2025-04-16 08:39:46,SYS_AP_VALIDATION,2025-04-22 16:06:00,SYS_AP_VALIDATION
453,700803,,VAT MISMATCH,2024-12-30 15:00:40,SYS_AP_VALIDATION,2025-01-09 10:22:26,AP.RAVI
454,700806,5008511,QTY REC,2025-11-03 08:55:42,SYS_AP_VALIDATION,2025-11-10 10:01:13,SYS_AP_VALIDATION
455,700807,5008531,QTY REC,2026-09-29 15:08:39,SYS_AP_VALIDATION,,
456,700812,5008581,QTY REC,2025-06-02 09:35:13,SYS_AP_VALIDATION,2025-06-03 12:10:12,SYS_AP_VALIDATION
457,700815,5008611,PRICE,2026-04-03 09:52:25,SYS_AP_VALIDATION,2026-04-08 09:28:16,BUYER.SARA
458,700816,5008621,PRICE,2025-01-07 08:31:39,SYS_AP_VALIDATION,2025-01-13 09:27:52,BUYER.JAMES
459,700817,5008631,PRICE,2026-03-26 11:58:17,SYS_AP_VALIDATION,2026-03-31 17:35:58,BUYER.JAMES
460,700817,5008631,QTY REC,2026-03-26 11:58:17,SYS_AP_VALIDATION,2026-03-30 15:56:38,SYS_AP_VALIDATION
461,700818,5008641,QTY REC,2025-07-29 13:06:37,SYS_AP_VALIDATION,2025-07-30 11:10:50,SYS_AP_VALIDATION
462,700818,5008642,QTY REC,2025-07-29 13:06:37,SYS_AP_VALIDATION,2025-07-30 10:41:59,SYS_AP_VALIDATION
463,700821,5008671,PRICE,2024-12-30 15:00:47,SYS_AP_VALIDATION,2025-01-13 09:26:01,BUYER.PRIYA
464,700821,5008671,QTY REC,2024-12-30 15:00:47,SYS_AP_VALIDATION,2025-01-02 16:24:12,SYS_AP_VALIDATION
465,700821,5008672,QTY REC,2024-12-30 15:00:47,SYS_AP_VALIDATION,2025-01-16 08:30:11,SYS_AP_VALIDATION
466,700822,5008681,QTY REC,2024-10-28 17:11:16,SYS_AP_VALIDATION,2024-10-30 17:47:55,SYS_AP_VALIDATION
467,700822,5008682,QTY REC,2024-10-28 17:11:16,SYS_AP_VALIDATION,2024-10-30 10:06:49,SYS_AP_VALIDATION
468,700822,5008683,QTY REC,2024-10-28 17:11:16,SYS_AP_VALIDATION,2024-10-31 08:42:28,SYS_AP_VALIDATION
469,700823,,VAT MISMATCH,2025-07-31 12:56:51,SYS_AP_VALIDATION,2025-08-11 09:58:48,AP.RAVI
470,700829,5008742,QTY REC,2026-05-26 09:44:35,SYS_AP_VALIDATION,2026-05-28 14:43:34,SYS_AP_VALIDATION
471,700831,5008771,QTY REC,2026-05-08 13:35:03,SYS_AP_VALIDATION,2026-05-12 13:38:20,SYS_AP_VALIDATION
472,700836,5008821,PRICE,2025-08-07 16:20:50,SYS_AP_VALIDATION,2025-08-13 17:17:47,BUYER.OMAR
473,700838,5008852,QTY REC,2025-06-09 13:00:34,SYS_AP_VALIDATION,2025-06-12 16:17:15,SYS_AP_VALIDATION
474,700839,5008861,QTY REC,2026-06-09 13:55:50,SYS_AP_VALIDATION,2026-06-12 11:24:28,SYS_AP_VALIDATION
475,700839,5008862,QTY REC,2026-06-09 13:55:50,SYS_AP_VALIDATION,2026-06-19 13:10:41,SYS_AP_VALIDATION
476,700840,5008871,PRICE,2026-08-26 13:16:31,SYS_AP_VALIDATION,2026-08-28 08:15:55,BUYER.SARA
477,700840,5008871,QTY REC,2026-08-26 13:16:31,SYS_AP_VALIDATION,2026-09-02 08:47:27,SYS_AP_VALIDATION
478,700840,5008872,QTY REC,2026-08-26 13:16:31,SYS_AP_VALIDATION,2026-09-08 10:41:04,SYS_AP_VALIDATION
479,700841,5008881,PRICE,2026-05-26 09:25:10,SYS_AP_VALIDATION,2026-05-28 10:34:30,BUYER.SARA
480,700841,5008881,QTY REC,2026-05-26 09:25:10,SYS_AP_VALIDATION,2026-06-10 10:59:13,SYS_AP_VALIDATION
481,700853,5009011,QTY REC,2026-01-02 09:11:29,SYS_AP_VALIDATION,2026-01-07 08:50:13,SYS_AP_VALIDATION
482,700855,5009032,QTY REC,2026-04-23 08:53:17,SYS_AP_VALIDATION,2026-04-28 08:12:09,SYS_AP_VALIDATION
483,700856,5009042,QTY REC,2024-12-30 10:44:44,SYS_AP_VALIDATION,2025-01-02 17:49:04,SYS_AP_VALIDATION
484,700857,5009051,QTY REC,2024-12-23 13:19:04,SYS_AP_VALIDATION,2025-01-13 16:43:43,SYS_AP_VALIDATION
485,700858,5009062,QTY REC,2025-04-25 11:57:57,SYS_AP_VALIDATION,2025-04-28 13:42:10,SYS_AP_VALIDATION
486,700860,5009081,PRICE,2025-12-31 16:27:05,SYS_AP_VALIDATION,2026-01-02 16:31:13,BUYER.JAMES
487,700867,5009151,PRICE,2025-08-22 09:33:37,SYS_AP_VALIDATION,2025-08-29 17:40:50,BUYER.SARA
488,700867,5009151,QTY REC,2025-08-22 09:33:37,SYS_AP_VALIDATION,2025-08-22 17:41:28,SYS_AP_VALIDATION
489,700870,5009181,PRICE,2025-09-22 16:20:20,SYS_AP_VALIDATION,2025-09-23 11:29:31,BUYER.SARA
490,700870,5009182,QTY REC,2025-09-22 16:20:20,SYS_AP_VALIDATION,2025-09-23 13:02:06,SYS_AP_VALIDATION
491,700870,5009183,QTY REC,2025-09-22 16:20:20,SYS_AP_VALIDATION,2025-10-03 09:34:39,SYS_AP_VALIDATION
492,700874,5009221,PRICE,2026-02-06 10:41:17,SYS_AP_VALIDATION,2026-02-16 08:01:45,BUYER.PRIYA
493,700876,5009241,QTY REC,2025-02-04 11:37:40,SYS_AP_VALIDATION,2025-02-07 08:22:46,SYS_AP_VALIDATION
494,700878,5009261,QTY REC,2026-08-06 08:38:22,SYS_AP_VALIDATION,2026-08-10 09:41:08,SYS_AP_VALIDATION
495,700878,5009262,QTY REC,2026-08-06 08:38:22,SYS_AP_VALIDATION,2026-08-07 16:48:51,SYS_AP_VALIDATION
496,700879,5009271,QTY REC,2025-07-31 16:24:45,SYS_AP_VALIDATION,2025-08-04 11:45:44,SYS_AP_VALIDATION
497,700879,5009272,QTY REC,2025-07-31 16:24:45,SYS_AP_VALIDATION,2025-08-04 10:06:40,SYS_AP_VALIDATION
498,700881,5009293,QTY REC,2026-08-10 14:14:46,SYS_AP_VALIDATION,2026-08-19 09:59:35,SYS_AP_VALIDATION
499,700884,5009321,PRICE,2026-06-08 13:38:51,SYS_AP_VALIDATION,2026-06-16 09:06:04,BUYER.JAMES
500,700884,5009322,QTY REC,2026-06-08 13:38:51,SYS_AP_VALIDATION,2026-06-15 14:50:36,SYS_AP_VALIDATION
501,700886,5009351,PRICE,2026-01-12 08:33:22,SYS_AP_VALIDATION,2026-01-15 09:38:32,BUYER.PRIYA
502,700886,5009351,QTY REC,2026-01-12 08:33:22,SYS_AP_VALIDATION,2026-01-13 10:19:01,SYS_AP_VALIDATION
503,700886,5009352,QTY REC,2026-01-12 08:33:22,SYS_AP_VALIDATION,2026-01-12 15:11:36,SYS_AP_VALIDATION
504,700892,5009421,QTY REC,2025-02-11 08:51:59,SYS_AP_VALIDATION,2025-02-17 17:26:46,SYS_AP_VALIDATION
505,700893,5009431,QTY REC,2026-03-10 17:59:29,SYS_AP_VALIDATION,2026-03-13 10:06:58,SYS_AP_VALIDATION
506,700894,,VAT MISMATCH,2026-01-13 08:12:42,SYS_AP_VALIDATION,2026-01-22 10:18:51,AP.MONA
507,700898,5009481,QTY REC,2024-10-28 14:24:24,SYS_AP_VALIDATION,2024-10-29 10:39:36,SYS_AP_VALIDATION
508,700902,5009531,PRICE,2025-11-25 08:13:57,SYS_AP_VALIDATION,2025-11-26 09:04:25,BUYER.OMAR
509,700903,5009542,QTY REC,2025-12-10 14:19:51,SYS_AP_VALIDATION,2025-12-11 11:49:10,SYS_AP_VALIDATION
510,700908,5009602,QTY REC,2026-07-28 10:13:51,SYS_AP_VALIDATION,2026-07-31 17:46:40,SYS_AP_VALIDATION
511,700909,5009612,QTY REC,2025-09-16 13:07:24,SYS_AP_VALIDATION,2025-09-23 10:42:19,SYS_AP_VALIDATION
512,700910,5009621,QTY REC,2025-06-13 08:21:21,SYS_AP_VALIDATION,2025-06-24 16:44:24,SYS_AP_VALIDATION
513,700912,5009641,PRICE,2026-07-16 17:37:57,SYS_AP_VALIDATION,2026-07-27 10:17:52,BUYER.PRIYA
514,700913,5009651,QTY REC,2026-07-27 16:22:33,SYS_AP_VALIDATION,2026-08-21 10:05:29,SYS_AP_VALIDATION
515,700913,,VAT MISMATCH,2026-07-27 16:22:33,SYS_AP_VALIDATION,2026-08-07 15:45:59,AP.ANNA
516,700914,5009661,QTY REC,2025-10-15 15:59:25,SYS_AP_VALIDATION,2025-10-17 10:18:56,SYS_AP_VALIDATION
517,700915,5009671,QTY REC,2024-12-04 16:15:35,SYS_AP_VALIDATION,2024-12-09 13:01:28,SYS_AP_VALIDATION
518,700917,5009691,QTY REC,2026-02-25 08:24:01,SYS_AP_VALIDATION,2026-03-02 10:45:35,SYS_AP_VALIDATION
519,700919,5009711,PRICE,2024-11-05 09:54:14,SYS_AP_VALIDATION,2024-11-14 10:44:52,BUYER.SARA
520,700919,5009712,QTY REC,2024-11-05 09:54:14,SYS_AP_VALIDATION,2024-11-11 12:46:50,SYS_AP_VALIDATION
521,700921,5009731,PRICE,2025-07-28 09:10:42,SYS_AP_VALIDATION,2025-08-04 11:33:20,BUYER.OMAR
522,700923,5009751,QTY REC,2024-10-21 09:32:55,SYS_AP_VALIDATION,2024-10-22 09:37:05,SYS_AP_VALIDATION
523,700923,5009752,QTY REC,2024-10-21 09:32:55,SYS_AP_VALIDATION,2024-10-22 08:08:46,SYS_AP_VALIDATION
524,700924,5009761,PRICE,2025-08-27 12:39:41,SYS_AP_VALIDATION,2025-09-09 10:49:32,BUYER.OMAR
525,700924,5009761,QTY REC,2025-08-27 12:39:41,SYS_AP_VALIDATION,2025-08-29 10:37:09,SYS_AP_VALIDATION
526,700928,5009802,QTY REC,2025-01-31 09:15:48,SYS_AP_VALIDATION,2025-02-03 09:57:53,SYS_AP_VALIDATION
527,700930,5009821,PRICE,2024-11-12 12:19:43,SYS_AP_VALIDATION,2024-11-18 10:35:11,BUYER.SARA
528,700934,5009861,QTY REC,2025-01-06 10:10:43,SYS_AP_VALIDATION,2025-01-14 08:37:09,SYS_AP_VALIDATION
529,700935,5009872,QTY REC,2026-05-12 08:49:18,SYS_AP_VALIDATION,2026-05-15 15:06:53,SYS_AP_VALIDATION
530,700935,,VAT MISMATCH,2026-05-12 08:49:18,SYS_AP_VALIDATION,2026-05-21 09:18:25,AP.MONA
531,700936,5009881,QTY REC,2025-05-05 14:19:49,SYS_AP_VALIDATION,2025-05-08 14:58:29,SYS_AP_VALIDATION
532,700937,5009891,PRICE,2024-11-27 08:52:35,SYS_AP_VALIDATION,2024-11-29 08:35:20,BUYER.JAMES
533,700937,5009891,QTY REC,2024-11-27 08:52:35,SYS_AP_VALIDATION,2024-11-27 15:37:41,SYS_AP_VALIDATION
534,700938,5009901,PRICE,2026-01-27 16:45:57,SYS_AP_VALIDATION,2026-01-28 09:01:29,BUYER.OMAR
535,700939,5009911,QTY REC,2024-10-22 14:28:50,SYS_AP_VALIDATION,2024-10-25 08:01:12,SYS_AP_VALIDATION
536,700940,5009921,PRICE,2025-06-16 10:19:35,SYS_AP_VALIDATION,2025-06-19 10:01:28,BUYER.PRIYA
537,700944,5009961,QTY REC,2026-07-06 14:53:35,SYS_AP_VALIDATION,2026-07-08 10:45:16,SYS_AP_VALIDATION
538,700944,5009962,QTY REC,2026-07-06 14:53:35,SYS_AP_VALIDATION,2026-07-09 08:31:18,SYS_AP_VALIDATION
539,700945,5009971,QTY REC,2024-11-01 09:38:16,SYS_AP_VALIDATION,2024-11-01 16:32:40,SYS_AP_VALIDATION
540,700949,5010011,QTY REC,2025-01-06 09:24:10,SYS_AP_VALIDATION,2025-01-07 10:40:23,SYS_AP_VALIDATION
541,700951,5010031,QTY REC,2025-12-30 10:12:24,SYS_AP_VALIDATION,2026-01-02 10:35:48,SYS_AP_VALIDATION
542,700958,5010141,QTY REC,2026-06-25 17:25:59,SYS_AP_VALIDATION,2026-06-29 09:16:19,SYS_AP_VALIDATION
543,700963,5010211,PRICE,2024-12-02 13:51:09,SYS_AP_VALIDATION,2024-12-06 09:02:45,BUYER.SARA
544,700964,5010222,QTY REC,2024-11-20 09:41:38,SYS_AP_VALIDATION,2024-11-26 08:25:52,SYS_AP_VALIDATION
545,700965,,VAT MISMATCH,2025-06-02 13:44:34,SYS_AP_VALIDATION,2025-06-04 09:43:25,AP.MONA
546,700966,5010251,QTY REC,2025-10-22 10:17:23,SYS_AP_VALIDATION,2025-11-03 14:07:40,SYS_AP_VALIDATION
547,700966,5010252,QTY REC,2025-10-22 10:17:23,SYS_AP_VALIDATION,2025-10-23 17:17:51,SYS_AP_VALIDATION
548,700969,5010281,PRICE,2025-10-20 09:20:51,SYS_AP_VALIDATION,2025-10-22 08:08:29,BUYER.PRIYA
549,700970,,VAT MISMATCH,2026-03-23 09:55:27,SYS_AP_VALIDATION,2026-03-30 08:23:10,AP.RAVI
550,700971,,VAT MISMATCH,2025-07-21 12:00:50,SYS_AP_VALIDATION,2025-07-28 10:18:10,AP.MONA
551,700973,5010331,QTY REC,2026-09-08 09:54:43,SYS_AP_VALIDATION,2026-09-15 09:14:40,SYS_AP_VALIDATION
552,700984,,VAT MISMATCH,2025-05-05 16:09:59,SYS_AP_VALIDATION,2025-05-14 08:51:11,AP.MONA
553,700989,5010491,QTY REC,2025-09-10 08:52:56,SYS_AP_VALIDATION,2025-09-15 08:23:16,SYS_AP_VALIDATION
554,700989,5010493,QTY REC,2025-09-10 08:52:56,SYS_AP_VALIDATION,2025-09-16 10:41:54,SYS_AP_VALIDATION
555,700990,5010503,QTY REC,2026-06-16 10:36:03,SYS_AP_VALIDATION,2026-06-22 12:52:03,SYS_AP_VALIDATION
556,700991,5010511,QTY REC,2025-04-24 08:04:58,SYS_AP_VALIDATION,2025-04-24 13:39:19,SYS_AP_VALIDATION
557,700991,5010512,QTY REC,2025-04-24 08:04:58,SYS_AP_VALIDATION,2025-04-25 10:24:37,SYS_AP_VALIDATION
558,700993,5010531,QTY REC,2026-05-18 13:41:58,SYS_AP_VALIDATION,2026-05-25 13:24:44,SYS_AP_VALIDATION
559,700994,5010541,QTY REC,2026-05-15 08:41:58,SYS_AP_VALIDATION,2026-05-26 13:43:02,SYS_AP_VALIDATION
560,700994,5010542,QTY REC,2026-05-15 08:41:58,SYS_AP_VALIDATION,2026-05-18 13:28:11,SYS_AP_VALIDATION
561,700995,5010551,PRICE,2025-04-22 12:02:38,SYS_AP_VALIDATION,2025-04-24 09:24:42,BUYER.JAMES
562,700995,5010551,QTY REC,2025-04-22 12:02:38,SYS_AP_VALIDATION,2025-04-23 14:04:49,SYS_AP_VALIDATION
563,700995,5010552,QTY REC,2025-04-22 12:02:38,SYS_AP_VALIDATION,2025-04-23 14:32:29,SYS_AP_VALIDATION
564,700997,5010572,QTY REC,2026-07-27 10:08:20,SYS_AP_VALIDATION,2026-07-30 10:53:12,SYS_AP_VALIDATION
565,701004,5010661,PRICE,2026-05-15 16:07:23,SYS_AP_VALIDATION,2026-05-18 09:50:45,BUYER.OMAR
566,701004,5010662,QTY REC,2026-05-15 16:07:23,SYS_AP_VALIDATION,2026-05-25 08:21:44,SYS_AP_VALIDATION
569,701010,,VAT MISMATCH,2026-07-30 09:52:16,SYS_AP_VALIDATION,2026-08-05 10:14:57,AP.RAVI
570,701012,5010741,PRICE,2025-10-20 12:35:42,SYS_AP_VALIDATION,2025-10-23 13:37:42,BUYER.PRIYA
571,701013,5010751,QTY REC,2025-04-09 15:14:30,SYS_AP_VALIDATION,2025-04-10 10:30:12,SYS_AP_VALIDATION
572,701014,5010761,PRICE,2026-02-23 17:30:56,SYS_AP_VALIDATION,2026-02-27 14:49:29,BUYER.OMAR
573,701020,5010821,QTY REC,2025-10-22 08:35:22,SYS_AP_VALIDATION,2025-10-24 15:06:30,SYS_AP_VALIDATION
574,701020,,VAT MISMATCH,2025-10-22 08:35:22,SYS_AP_VALIDATION,2025-10-23 09:44:37,AP.MONA
575,701024,5010871,PRICE,2025-01-28 08:57:42,SYS_AP_VALIDATION,2025-02-13 16:03:03,BUYER.OMAR
576,701026,5010891,QTY REC,2024-10-31 09:02:19,SYS_AP_VALIDATION,2024-10-31 13:35:47,SYS_AP_VALIDATION
577,701026,5010892,QTY REC,2024-10-31 09:02:19,SYS_AP_VALIDATION,2024-11-01 09:58:10,SYS_AP_VALIDATION
578,701026,5010893,QTY REC,2024-10-31 09:02:19,SYS_AP_VALIDATION,2024-11-01 12:12:24,SYS_AP_VALIDATION
579,701030,5010942,QTY REC,2025-02-14 13:59:02,SYS_AP_VALIDATION,2025-02-24 08:14:48,SYS_AP_VALIDATION
580,701032,5010961,QTY REC,2024-11-19 09:48:34,SYS_AP_VALIDATION,2024-11-19 13:54:06,SYS_AP_VALIDATION
581,701032,5010962,QTY REC,2024-11-19 09:48:34,SYS_AP_VALIDATION,2024-11-26 10:00:27,SYS_AP_VALIDATION
582,701034,5010991,QTY REC,2025-02-07 10:24:10,SYS_AP_VALIDATION,2025-02-11 09:30:50,SYS_AP_VALIDATION
583,701034,,VAT MISMATCH,2025-02-07 10:24:10,SYS_AP_VALIDATION,2025-02-13 08:38:32,AP.MONA
