INVOICE_PAYMENT_ID,INVOICE_ID,AMOUNT,PAYMENT_DATE,CREATED_BY
1,700001,3987.03,2026-03-26 10:00:00,SYS_PAYMENT_RUN
2,700002,280505.77,2026-05-07 10:00:00,SYS_PAYMENT_RUN
3,700003,467413.56,2025-09-01 16:36:16,AP.RAVI
4,700004,14628.68,2026-07-09 10:00:00,SYS_PAYMENT_RUN
5,700005,3467.34,2025-04-03 10:00:00,SYS_PAYMENT_RUN
6,700006,101355.14,2025-04-03 10:00:00,SYS_PAYMENT_RUN
7,700007,12125.52,2025-06-12 10:00:00,SYS_PAYMENT_RUN
8,700008,66962.66,2025-05-22 10:00:00,SYS_PAYMENT_RUN
9,700009,66228.27,2025-04-24 10:00:00,SYS_PAYMENT_RUN
10,700010,7978.57,2024-12-12 10:00:00,SYS_PAYMENT_RUN
11,700011,78538.12,2026-05-21 10:00:00,SYS_PAYMENT_RUN
12,700012,56988.51,2026-04-06 08:51:24,AP.RAVI
13,700013,38611.56,2026-02-26 10:00:00,SYS_PAYMENT_RUN
14,700014,42386.94,2026-07-23 10:00:00,SYS_PAYMENT_RUN
15,700015,11432.23,2025-04-17 10:00:00,SYS_PAYMENT_RUN
16,700016,247048.71,2026-06-04 10:00:00,SYS_PAYMENT_RUN
17,700017,47863.25,2025-05-29 10:00:00,SYS_PAYMENT_RUN
18,700018,168990.01,2026-07-16 10:00:00,SYS_PAYMENT_RUN
19,700019,80112.6,2025-04-10 10:00:00,SYS_PAYMENT_RUN
20,700020,90.53,2025-09-26 08:50:52,AP.MONA
21,700021,311596.83,2025-11-20 10:00:00,SYS_PAYMENT_RUN
22,700022,104256.37,2026-05-14 10:00:00,SYS_PAYMENT_RUN
23,700023,7054.11,2025-12-25 10:00:00,SYS_PAYMENT_RUN
24,700024,66330.51,2026-09-10 10:00:00,SYS_PAYMENT_RUN
25,700025,50216.23,2025-12-04 10:00:00,SYS_PAYMENT_RUN
26,700026,3505.27,2025-10-16 10:00:00,SYS_PAYMENT_RUN
27,700027,10067.67,2026-08-06 10:00:00,SYS_PAYMENT_RUN
28,700028,110379.3,2025-12-25 10:00:00,SYS_PAYMENT_RUN
29,700029,200703.81,2026-07-02 10:00:00,SYS_PAYMENT_RUN
30,700030,284479.11,2026-02-12 10:00:00,SYS_PAYMENT_RUN
31,700031,45655.26,2026-06-04 10:00:00,SYS_PAYMENT_RUN
34,700034,133739.06,2025-09-04 10:00:00,SYS_PAYMENT_RUN
36,700036,206231.26,2025-01-09 10:00:00,SYS_PAYMENT_RUN
37,700037,94284.33,2026-01-01 10:00:00,SYS_PAYMENT_RUN
38,700038,655501.86,2025-06-19 10:00:00,SYS_PAYMENT_RUN
39,700039,80292.03,2025-05-22 10:00:00,SYS_PAYMENT_RUN
40,700040,93401.86,2025-12-01 09:06:25,AP.ANNA
41,700041,84842.99,2025-08-21 10:00:00,SYS_PAYMENT_RUN
42,700042,67856.9,2026-06-11 10:00:00,SYS_PAYMENT_RUN
43,700043,78553.91,2026-01-01 10:00:00,SYS_PAYMENT_RUN
44,700044,29964.82,2025-05-06 10:32:54,AP.MONA
45,700045,110832.47,2025-12-04 10:00:00,SYS_PAYMENT_RUN
46,700046,17846.73,2025-07-10 10:00:00,SYS_PAYMENT_RUN
47,700047,26888.31,2026-07-09 10:00:00,SYS_PAYMENT_RUN
48,700048,44371.37,2026-08-06 10:00:00,SYS_PAYMENT_RUN
49,700049,516.41,2024-12-26 10:00:00,SYS_PAYMENT_RUN
50,700050,83942.67,2026-01-08 10:00:00,SYS_PAYMENT_RUN
51,700051,108128.79,2025-02-13 10:00:00,SYS_PAYMENT_RUN
52,700052,13569.15,2025-01-09 10:00:00,SYS_PAYMENT_RUN
53,700053,659.46,2026-09-10 10:00:00,SYS_PAYMENT_RUN
54,700054,32317.67,2025-07-03 10:00:00,SYS_PAYMENT_RUN
55,700055,82948.04,2026-01-08 10:00:00,SYS_PAYMENT_RUN
57,700057,450886.18,2026-08-06 10:00:00,SYS_PAYMENT_RUN
58,700058,34865.24,2025-11-27 10:00:00,SYS_PAYMENT_RUN
60,700060,26658.84,2025-01-16 10:00:00,SYS_PAYMENT_RUN
61,700061,90545.07,2025-11-27 10:00:00,SYS_PAYMENT_RUN
63,700063,56227.95,2026-09-17 10:00:00,SYS_PAYMENT_RUN
64,700064,192619.99,2025-03-06 10:00:00,SYS_PAYMENT_RUN
65,700065,6456.15,2026-07-09 10:00:00,SYS_PAYMENT_RUN
66,700066,456060.36,2026-04-02 10:00:00,SYS_PAYMENT_RUN
69,700069,32511.21,2025-09-25 10:00:00,SYS_PAYMENT_RUN
70,700070,4588.58,2025-04-17 10:00:00,SYS_PAYMENT_RUN
71,700071,5312.66,2026-02-26 10:00:00,SYS_PAYMENT_RUN
72,700072,140159.03,2025-10-09 10:00:00,SYS_PAYMENT_RUN
73,700073,7411.95,2026-04-23 11:46:23,AP.RAVI
74,700074,7831.93,2026-03-19 10:00:00,SYS_PAYMENT_RUN
75,700075,123281.17,2025-09-25 10:00:00,SYS_PAYMENT_RUN
76,700076,204600.82,2025-05-08 10:00:00,SYS_PAYMENT_RUN
77,700077,193436.82,2025-01-09 10:00:00,SYS_PAYMENT_RUN
78,700078,110399.12,2026-02-19 10:00:00,SYS_PAYMENT_RUN
79,700079,44370.81,2025-01-09 10:00:00,SYS_PAYMENT_RUN
80,700080,12030.11,2025-10-02 10:00:00,SYS_PAYMENT_RUN
81,700081,246770.77,2025-03-06 10:00:00,SYS_PAYMENT_RUN
82,700082,20063.73,2025-06-19 10:00:00,SYS_PAYMENT_RUN
83,700083,43618.86,2025-04-10 10:00:00,SYS_PAYMENT_RUN
84,700084,24156.35,2026-01-22 10:00:00,SYS_PAYMENT_RUN
85,700085,6360.46,2025-03-06 10:00:00,SYS_PAYMENT_RUN
86,700086,104751.94,2026-04-02 10:00:00,SYS_PAYMENT_RUN
87,700087,8337.48,2026-03-19 10:00:00,SYS_PAYMENT_RUN
88,700088,5641.23,2026-05-28 10:00:00,SYS_PAYMENT_RUN
89,700089,53295.06,2026-05-28 10:00:00,SYS_PAYMENT_RUN
90,700090,181414.37,2024-11-14 10:00:00,SYS_PAYMENT_RUN
91,700091,1066527.27,2026-07-30 10:00:00,SYS_PAYMENT_RUN
92,700092,22727.22,2026-05-14 10:00:00,SYS_PAYMENT_RUN
93,700093,2470.29,2024-12-26 10:00:00,SYS_PAYMENT_RUN
94,700094,24234.06,2025-03-13 10:00:00,SYS_PAYMENT_RUN
95,700095,66738.32,2026-06-04 10:00:00,SYS_PAYMENT_RUN
96,700096,41586.91,2025-03-06 10:00:00,SYS_PAYMENT_RUN
97,700097,403668.87,2025-01-23 10:00:00,SYS_PAYMENT_RUN
98,700098,268843.94,2025-06-19 10:00:00,SYS_PAYMENT_RUN
99,700099,3284.06,2026-03-26 10:00:00,SYS_PAYMENT_RUN
100,700100,33720.23,2025-09-08 09:39:38,AP.ANNA
101,700101,114782.36,2026-07-02 10:00:00,SYS_PAYMENT_RUN
102,700102,153239.48,2025-10-30 10:00:00,SYS_PAYMENT_RUN
103,700103,71291.6,2025-10-23 10:00:00,SYS_PAYMENT_RUN
104,700104,327984.93,2026-02-26 10:00:00,SYS_PAYMENT_RUN
105,700105,51133.95,2026-07-30 10:00:00,SYS_PAYMENT_RUN
106,700106,2270.77,2026-01-22 10:00:00,SYS_PAYMENT_RUN
107,700107,785811.03,2026-09-03 10:00:00,SYS_PAYMENT_RUN
108,700108,276719.52,2026-03-19 10:00:00,SYS_PAYMENT_RUN
109,700109,8235.7,2025-05-01 10:00:00,SYS_PAYMENT_RUN
110,700110,8065.53,2025-11-06 10:00:00,SYS_PAYMENT_RUN
111,700111,157312.33,2025-10-15 09:09:30,AP.RAVI
112,700112,227916.8,2025-05-22 10:00:00,SYS_PAYMENT_RUN
113,700113,85390.84,2026-07-23 10:00:00,SYS_PAYMENT_RUN
114,700114,7146.8,2026-03-26 10:00:00,SYS_PAYMENT_RUN
115,700115,8604.97,2025-04-03 10:00:00,SYS_PAYMENT_RUN
116,700116,81072.4,2026-07-23 10:00:00,SYS_PAYMENT_RUN
117,700117,174650.21,2025-04-10 10:00:00,SYS_PAYMENT_RUN
118,700118,418733.63,2026-06-25 10:00:00,SYS_PAYMENT_RUN
119,700119,43346.03,2025-04-17 10:00:00,SYS_PAYMENT_RUN
120,700120,110808.79,2026-02-05 10:00:00,SYS_PAYMENT_RUN
121,700121,64342.63,2025-09-08 13:40:56,AP.MONA
122,700122,102036.42,2026-03-05 10:00:00,SYS_PAYMENT_RUN
123,700123,10738.95,2025-12-18 10:00:00,SYS_PAYMENT_RUN
124,700124,17236.02,2026-06-18 10:00:00,SYS_PAYMENT_RUN
125,700125,34829.7,2025-08-21 10:00:00,SYS_PAYMENT_RUN
126,700126,18707.11,2026-07-30 10:00:00,SYS_PAYMENT_RUN
127,700127,30862.78,2026-02-19 10:00:00,SYS_PAYMENT_RUN
128,700128,7558.38,2025-06-11 10:18:19,AP.MONA
129,700129,137155.83,2025-08-21 10:00:00,SYS_PAYMENT_RUN
130,700130,70.78,2025-08-14 10:00:00,SYS_PAYMENT_RUN
131,700131,100912.9,2026-01-08 10:00:00,SYS_PAYMENT_RUN
132,700132,118676.97,2025-01-02 10:00:00,SYS_PAYMENT_RUN
133,700133,4783.92,2025-03-20 10:00:00,SYS_PAYMENT_RUN
134,700134,82401.9,2026-05-14 10:00:00,SYS_PAYMENT_RUN
135,700135,73642.4,2026-03-12 10:00:00,SYS_PAYMENT_RUN
136,700136,4221.31,2025-10-30 10:00:00,SYS_PAYMENT_RUN
137,700137,150121.08,2026-09-17 10:00:00,SYS_PAYMENT_RUN
138,700138,15614.27,2025-10-23 10:00:00,SYS_PAYMENT_RUN
139,700139,1419.05,2026-05-18 10:03:49,AP.ANNA
140,700140,145005.74,2026-04-09 10:00:00,SYS_PAYMENT_RUN
141,700141,25256.3,2025-01-23 10:00:00,SYS_PAYMENT_RUN
143,700143,15239.84,2026-09-03 10:00:00,SYS_PAYMENT_RUN
144,700144,30732.74,2025-08-21 10:00:00,SYS_PAYMENT_RUN
145,700145,127545.27,2026-03-19 10:00:00,SYS_PAYMENT_RUN
146,700146,13889.44,2025-07-03 10:00:00,SYS_PAYMENT_RUN
147,700147,283768.1,2026-06-18 10:00:00,SYS_PAYMENT_RUN
148,700148,97070.15,2026-04-16 10:00:00,SYS_PAYMENT_RUN
149,700149,26776.8,2026-07-09 10:00:00,SYS_PAYMENT_RUN
150,700150,306770.09,2026-01-08 10:00:00,SYS_PAYMENT_RUN
151,700151,425800.59,2025-09-04 10:00:00,SYS_PAYMENT_RUN
152,700152,110064.78,2025-08-28 10:00:00,SYS_PAYMENT_RUN
153,700153,247246.27,2026-04-30 10:00:00,SYS_PAYMENT_RUN
154,700154,168612.0,2026-09-10 10:00:00,SYS_PAYMENT_RUN
155,700155,421912.33,2026-09-17 10:00:00,SYS_PAYMENT_RUN
156,700156,701.69,2025-07-03 10:00:00,SYS_PAYMENT_RUN
157,700157,438816.35,2025-06-19 10:00:00,SYS_PAYMENT_RUN
159,700160,2914.74,2026-01-22 10:00:00,SYS_PAYMENT_RUN
160,700161,18125.79,2025-03-20 10:00:00,SYS_PAYMENT_RUN
161,700162,19930.18,2025-09-04 10:00:00,SYS_PAYMENT_RUN
162,700163,93313.56,2025-10-09 10:00:00,SYS_PAYMENT_RUN
163,700164,19977.31,2025-07-07 14:35:14,AP.ANNA
164,700165,447476.04,2025-07-17 10:00:00,SYS_PAYMENT_RUN
165,700166,27606.66,2024-12-19 10:00:00,SYS_PAYMENT_RUN
166,700167,4382.58,2026-02-12 10:00:00,SYS_PAYMENT_RUN
167,700168,114719.36,2025-04-03 10:00:00,SYS_PAYMENT_RUN
168,700169,444753.38,2025-07-03 10:00:00,SYS_PAYMENT_RUN
169,700170,7662.82,2026-06-11 10:00:00,SYS_PAYMENT_RUN
170,700171,105115.56,2025-07-01 15:16:47,AP.ANNA
171,700172,52764.39,2025-05-08 10:00:00,SYS_PAYMENT_RUN
172,700173,200947.48,2026-04-30 10:00:00,SYS_PAYMENT_RUN
173,700174,10360.37,2026-08-06 10:00:00,SYS_PAYMENT_RUN
174,700175,68870.79,2025-09-11 10:00:00,SYS_PAYMENT_RUN
175,700176,137295.9,2026-04-23 10:00:00,SYS_PAYMENT_RUN
176,700177,9415.71,2025-09-11 10:00:00,SYS_PAYMENT_RUN
177,700178,44535.58,2026-05-21 10:00:00,SYS_PAYMENT_RUN
179,700180,106030.92,2025-09-11 10:00:00,SYS_PAYMENT_RUN
180,700181,11407.57,2026-09-03 10:00:00,SYS_PAYMENT_RUN
181,700182,69532.48,2026-07-30 10:00:00,SYS_PAYMENT_RUN
182,700183,27056.42,2025-02-27 10:00:00,SYS_PAYMENT_RUN
183,700184,16463.6,2025-06-05 16:37:30,AP.RAVI
185,700186,452856.29,2026-05-21 10:00:00,SYS_PAYMENT_RUN
186,700187,185806.81,2025-10-02 10:00:00,SYS_PAYMENT_RUN
187,700188,19231.05,2025-11-17 08:49:02,AP.MONA
188,700189,12815.88,2025-04-17 10:00:00,SYS_PAYMENT_RUN
189,700190,137443.8,2026-06-25 10:00:00,SYS_PAYMENT_RUN
190,700191,133735.42,2026-08-06 10:00:00,SYS_PAYMENT_RUN
191,700192,1857.93,2025-06-26 10:00:00,SYS_PAYMENT_RUN
192,700193,126401.41,2025-10-09 10:00:00,SYS_PAYMENT_RUN
193,700194,127200.32,2026-08-13 10:00:00,SYS_PAYMENT_RUN
194,700195,33647.87,2026-02-05 10:00:00,SYS_PAYMENT_RUN
195,700196,173159.18,2026-04-09 10:00:00,SYS_PAYMENT_RUN
196,700197,147983.58,2025-08-25 08:38:41,AP.RAVI
197,700198,662038.02,2026-07-17 08:24:50,AP.MONA
198,700199,2479.85,2026-09-24 10:00:00,SYS_PAYMENT_RUN
199,700200,194151.3,2025-12-25 10:00:00,SYS_PAYMENT_RUN
200,700201,659485.74,2025-08-07 10:00:00,SYS_PAYMENT_RUN
202,700203,258136.77,2026-06-04 10:00:00,SYS_PAYMENT_RUN
203,700204,31575.51,2025-09-18 10:00:00,SYS_PAYMENT_RUN
204,700205,31615.24,2026-04-09 10:00:00,SYS_PAYMENT_RUN
205,700206,30199.87,2025-11-20 10:00:00,SYS_PAYMENT_RUN
206,700207,35604.27,2025-08-21 10:00:00,SYS_PAYMENT_RUN
207,700208,155578.59,2026-01-01 10:00:00,SYS_PAYMENT_RUN
208,700209,30162.94,2025-08-28 10:00:00,SYS_PAYMENT_RUN
209,700210,107048.22,2025-08-21 10:00:00,SYS_PAYMENT_RUN
210,700211,377666.62,2025-10-23 10:00:00,SYS_PAYMENT_RUN
211,700212,316051.26,2024-12-12 10:00:00,SYS_PAYMENT_RUN
212,700213,48647.59,2025-04-24 10:00:51,SYS_PAYMENT_RUN
213,700214,11315.08,2025-04-03 10:00:00,SYS_PAYMENT_RUN
214,700216,69632.27,2026-05-14 10:00:00,SYS_PAYMENT_RUN
215,700217,38097.05,2026-03-05 10:00:00,SYS_PAYMENT_RUN
216,700218,57131.78,2025-09-04 10:00:00,SYS_PAYMENT_RUN
217,700219,46875.73,2025-09-04 10:00:00,SYS_PAYMENT_RUN
218,700220,233129.97,2025-07-17 10:00:00,SYS_PAYMENT_RUN
219,700221,10315.26,2026-05-14 10:00:00,SYS_PAYMENT_RUN
220,700222,4887.25,2025-07-03 10:00:00,SYS_PAYMENT_RUN
221,700223,550753.24,2025-11-20 10:00:00,SYS_PAYMENT_RUN
222,700224,36158.91,2025-05-22 10:00:00,SYS_PAYMENT_RUN
223,700225,155442.58,2025-04-10 10:00:00,SYS_PAYMENT_RUN
224,700226,189551.25,2025-08-21 10:00:00,SYS_PAYMENT_RUN
225,700227,58920.93,2026-02-12 10:00:00,SYS_PAYMENT_RUN
226,700228,1238757.44,2026-01-29 10:00:00,SYS_PAYMENT_RUN
227,700229,424084.08,2024-12-19 10:00:00,SYS_PAYMENT_RUN
228,700230,154384.18,2025-05-01 10:00:00,SYS_PAYMENT_RUN
229,700231,230675.69,2025-09-11 10:00:00,SYS_PAYMENT_RUN
230,700232,41290.03,2025-07-24 10:00:00,SYS_PAYMENT_RUN
231,700233,210462.52,2026-04-02 10:00:00,SYS_PAYMENT_RUN
232,700234,41548.41,2025-10-30 10:00:00,SYS_PAYMENT_RUN
233,700235,15311.35,2025-11-06 10:00:00,SYS_PAYMENT_RUN
234,700236,14845.89,2025-01-24 09:11:54,AP.ANNA
235,700237,332082.75,2025-06-13 10:50:25,AP.RAVI
236,700238,344826.32,2025-08-21 10:00:00,SYS_PAYMENT_RUN
237,700239,32483.6,2025-07-24 10:00:00,SYS_PAYMENT_RUN
238,700240,30963.18,2026-05-21 10:00:00,SYS_PAYMENT_RUN
239,700241,109323.92,2026-07-16 10:00:00,SYS_PAYMENT_RUN
240,700242,26049.99,2025-10-09 10:00:00,SYS_PAYMENT_RUN
241,700243,476382.19,2025-04-10 10:00:00,SYS_PAYMENT_RUN
242,700244,23958.73,2025-07-10 10:00:00,SYS_PAYMENT_RUN
243,700245,233381.61,2025-08-21 10:00:00,SYS_PAYMENT_RUN
244,700246,12247.69,2024-12-26 10:00:00,SYS_PAYMENT_RUN
245,700247,468486.43,2024-12-12 10:00:46,SYS_PAYMENT_RUN
246,700248,226549.6,2025-05-29 10:00:00,SYS_PAYMENT_RUN
247,700249,3603.22,2025-04-17 10:00:00,SYS_PAYMENT_RUN
248,700250,49001.19,2025-04-24 10:00:00,SYS_PAYMENT_RUN
249,700251,160414.88,2026-09-10 10:00:00,SYS_PAYMENT_RUN
250,700252,35883.58,2026-08-06 10:00:00,SYS_PAYMENT_RUN
251,700253,117740.1,2026-04-30 10:00:00,SYS_PAYMENT_RUN
252,700254,5008.82,2025-02-13 10:00:00,SYS_PAYMENT_RUN
253,700255,32063.91,2025-02-27 10:00:00,SYS_PAYMENT_RUN
254,700256,679488.21,2026-02-26 10:00:00,SYS_PAYMENT_RUN
255,700257,11376.21,2025-03-06 10:00:00,SYS_PAYMENT_RUN
256,700258,53595.36,2025-03-27 10:00:00,SYS_PAYMENT_RUN
258,700260,5231.62,2025-03-13 10:00:00,SYS_PAYMENT_RUN
259,700261,4881.93,2026-02-12 10:00:50,SYS_PAYMENT_RUN
260,700263,16061.76,2026-06-25 10:00:00,SYS_PAYMENT_RUN
261,700264,18127.12,2025-11-27 10:00:00,SYS_PAYMENT_RUN
262,700265,91859.64,2025-02-20 10:00:00,SYS_PAYMENT_RUN
263,700266,98056.07,2026-06-25 10:00:00,SYS_PAYMENT_RUN
264,700267,575.59,2025-10-16 10:00:00,SYS_PAYMENT_RUN
265,700268,18013.71,2024-12-05 10:00:00,SYS_PAYMENT_RUN
266,700269,38864.8,2026-06-15 08:27:07,AP.ANNA
267,700270,163466.91,2026-03-05 10:00:00,SYS_PAYMENT_RUN
268,700271,69835.66,2025-11-06 10:00:00,SYS_PAYMENT_RUN
269,700272,211102.58,2025-07-10 10:00:00,SYS_PAYMENT_RUN
270,700273,3416.78,2025-05-15 10:00:00,SYS_PAYMENT_RUN
271,700274,261510.99,2026-07-02 10:00:00,SYS_PAYMENT_RUN
272,700275,32679.85,2025-02-06 10:00:00,SYS_PAYMENT_RUN
273,700276,10597.59,2026-06-04 10:00:00,SYS_PAYMENT_RUN
274,700277,21964.8,2026-04-02 10:00:00,SYS_PAYMENT_RUN
275,700278,38249.94,2025-04-17 10:00:00,SYS_PAYMENT_RUN
276,700279,251279.78,2025-06-19 10:00:00,SYS_PAYMENT_RUN
277,700280,1049.71,2026-07-02 10:00:00,SYS_PAYMENT_RUN
278,700281,16081.02,2026-02-19 10:00:00,SYS_PAYMENT_RUN
279,700282,39040.68,2026-07-21 11:30:33,AP.ANNA
280,700283,183849.0,2026-04-09 10:00:00,SYS_PAYMENT_RUN
281,700284,68428.34,2026-02-19 10:00:00,SYS_PAYMENT_RUN
282,700285,23201.96,2026-08-20 10:00:54,SYS_PAYMENT_RUN
283,700287,145555.31,2025-03-06 10:00:00,SYS_PAYMENT_RUN
284,700288,1651.67,2025-01-23 10:00:00,SYS_PAYMENT_RUN
285,700289,13983.26,2026-08-27 10:00:00,SYS_PAYMENT_RUN
286,700290,19475.68,2026-02-12 09:45:05,AP.ANNA
287,700291,210524.16,2025-01-30 10:00:00,SYS_PAYMENT_RUN
288,700292,10055.59,2025-02-20 10:00:00,SYS_PAYMENT_RUN
289,700293,12227.53,2025-01-09 10:00:00,SYS_PAYMENT_RUN
290,700294,225127.77,2026-04-09 10:00:00,SYS_PAYMENT_RUN
291,700295,124515.45,2025-09-11 10:00:00,SYS_PAYMENT_RUN
292,700296,253988.48,2026-07-09 10:00:00,SYS_PAYMENT_RUN
293,700297,14250.48,2026-03-05 10:00:00,SYS_PAYMENT_RUN
294,700298,33531.08,2025-06-26 10:00:00,SYS_PAYMENT_RUN
295,700299,109385.92,2026-03-12 10:00:00,SYS_PAYMENT_RUN
296,700300,28292.1,2026-04-23 10:00:00,SYS_PAYMENT_RUN
297,700301,94603.17,2026-07-09 10:00:00,SYS_PAYMENT_RUN
298,700302,114889.96,2025-09-11 10:00:00,SYS_PAYMENT_RUN
299,700303,38141.78,2026-07-30 10:00:00,SYS_PAYMENT_RUN
300,700304,23038.61,2025-06-05 10:00:00,SYS_PAYMENT_RUN
301,700305,30537.14,2025-07-17 10:00:00,SYS_PAYMENT_RUN
302,700306,22062.92,2026-09-10 10:00:00,SYS_PAYMENT_RUN
303,700307,5959.21,2025-09-11 10:00:00,SYS_PAYMENT_RUN
304,700308,43016.32,2026-08-13 10:00:00,SYS_PAYMENT_RUN
305,700309,38689.56,2026-01-22 10:00:00,SYS_PAYMENT_RUN
307,700311,147968.95,2026-02-05 10:00:00,SYS_PAYMENT_RUN
308,700312,54231.1,2024-12-12 10:00:00,SYS_PAYMENT_RUN
309,700313,211430.65,2025-07-31 10:00:00,SYS_PAYMENT_RUN
310,700314,517495.24,2025-09-11 10:00:00,SYS_PAYMENT_RUN
311,700315,157523.59,2026-07-09 10:00:00,SYS_PAYMENT_RUN
312,700316,113462.65,2026-09-10 10:00:00,SYS_PAYMENT_RUN
313,700317,33700.86,2025-03-27 10:00:00,SYS_PAYMENT_RUN
314,700318,195812.56,2025-09-11 10:00:00,SYS_PAYMENT_RUN
315,700319,158530.52,2026-08-20 10:00:00,SYS_PAYMENT_RUN
316,700320,562944.03,2025-11-27 10:00:00,SYS_PAYMENT_RUN
317,700321,97751.31,2025-05-29 10:00:00,SYS_PAYMENT_RUN
319,700323,371924.38,2025-10-16 10:00:00,SYS_PAYMENT_RUN
320,700324,81646.8,2025-05-15 10:00:00,SYS_PAYMENT_RUN
321,700325,100255.85,2025-06-19 10:00:00,SYS_PAYMENT_RUN
322,700326,2718.79,2025-07-03 10:00:00,SYS_PAYMENT_RUN
323,700327,203549.64,2025-06-05 10:00:00,SYS_PAYMENT_RUN
324,700328,176108.57,2025-01-23 10:00:00,SYS_PAYMENT_RUN
325,700329,168511.25,2025-06-26 10:00:00,SYS_PAYMENT_RUN
326,700330,37152.15,2025-04-10 10:00:00,SYS_PAYMENT_RUN
327,700331,45914.58,2025-06-19 10:00:00,SYS_PAYMENT_RUN
328,700332,16524.48,2026-06-25 10:00:00,SYS_PAYMENT_RUN
329,700333,13079.82,2026-01-22 10:00:00,SYS_PAYMENT_RUN
330,700334,61537.67,2026-04-09 10:00:00,SYS_PAYMENT_RUN
331,700335,200580.1,2026-08-06 10:00:00,SYS_PAYMENT_RUN
332,700336,46520.38,2026-01-23 08:01:39,AP.MONA
333,700337,40716.14,2025-08-07 10:00:00,SYS_PAYMENT_RUN
334,700338,8924.98,2025-06-19 10:00:00,SYS_PAYMENT_RUN
335,700339,8889.69,2026-04-16 10:00:00,SYS_PAYMENT_RUN
336,700340,72017.43,2025-04-10 10:00:00,SYS_PAYMENT_RUN
337,700341,52506.66,2025-10-09 10:00:00,SYS_PAYMENT_RUN
338,700342,6634.31,2026-06-25 10:00:00,SYS_PAYMENT_RUN
339,700343,50946.79,2025-03-06 10:00:00,SYS_PAYMENT_RUN
340,700344,14084.83,2025-07-17 10:00:00,SYS_PAYMENT_RUN
341,700345,12325.58,2026-06-04 10:00:00,SYS_PAYMENT_RUN
342,700346,196018.26,2026-09-24 10:00:00,SYS_PAYMENT_RUN
343,700347,150848.47,2026-09-10 10:00:00,SYS_PAYMENT_RUN
344,700348,17061.35,2025-03-13 10:00:34,SYS_PAYMENT_RUN
345,700349,28208.06,2026-04-02 10:00:00,SYS_PAYMENT_RUN
346,700350,72694.57,2025-09-25 10:00:00,SYS_PAYMENT_RUN
347,700351,191108.48,2025-05-15 10:00:00,SYS_PAYMENT_RUN
348,700352,9799.6,2026-07-02 10:00:00,SYS_PAYMENT_RUN
349,700353,17803.74,2025-10-23 10:00:00,SYS_PAYMENT_RUN
350,700354,322147.43,2024-11-27 10:09:08,AP.RAVI
351,700355,18657.2,2025-04-03 10:00:00,SYS_PAYMENT_RUN
353,700357,319708.78,2026-07-09 10:00:00,SYS_PAYMENT_RUN
354,700358,2713.41,2025-08-28 10:00:00,SYS_PAYMENT_RUN
355,700359,46776.94,2025-08-07 10:00:00,SYS_PAYMENT_RUN
356,700360,82041.37,2025-06-26 10:00:00,SYS_PAYMENT_RUN
357,700361,18937.28,2026-05-21 10:00:00,SYS_PAYMENT_RUN
358,700362,6390.47,2025-09-11 10:00:00,SYS_PAYMENT_RUN
359,700363,124944.26,2026-08-13 10:00:00,SYS_PAYMENT_RUN
360,700364,56357.88,2025-04-10 10:00:00,SYS_PAYMENT_RUN
361,700365,50589.47,2026-04-23 10:00:00,SYS_PAYMENT_RUN
362,700366,38216.81,2025-09-04 10:00:00,SYS_PAYMENT_RUN
363,700367,41066.7,2025-06-12 10:00:00,SYS_PAYMENT_RUN
364,700368,90445.11,2025-02-13 10:00:00,SYS_PAYMENT_RUN
365,700369,146679.12,2026-01-15 10:00:00,SYS_PAYMENT_RUN
366,700370,75480.43,2025-11-06 10:39:39,AP.MONA
367,700371,53845.52,2025-04-24 10:00:00,SYS_PAYMENT_RUN
368,700372,281106.42,2024-12-26 10:00:00,SYS_PAYMENT_RUN
369,700373,27970.68,2025-12-11 10:00:00,SYS_PAYMENT_RUN
370,700374,112113.26,2026-02-26 10:00:00,SYS_PAYMENT_RUN
371,700375,689862.17,2026-06-04 10:00:00,SYS_PAYMENT_RUN
372,700376,222880.64,2025-11-07 09:51:00,AP.MONA
373,700377,34752.52,2024-12-12 10:00:00,SYS_PAYMENT_RUN
374,700378,114428.37,2025-11-13 10:00:00,SYS_PAYMENT_RUN
375,700379,41514.5,2026-05-28 10:00:00,SYS_PAYMENT_RUN
376,700380,230149.38,2025-06-05 10:00:00,SYS_PAYMENT_RUN
377,700381,121787.17,2025-01-23 10:00:00,SYS_PAYMENT_RUN
378,700382,112350.82,2026-06-11 10:00:00,SYS_PAYMENT_RUN
379,700383,1760.25,2026-04-16 10:00:00,SYS_PAYMENT_RUN
380,700384,241656.35,2026-03-19 10:00:00,SYS_PAYMENT_RUN
381,700385,89947.91,2026-01-15 10:00:00,SYS_PAYMENT_RUN
382,700386,5828.09,2025-06-19 10:00:00,SYS_PAYMENT_RUN
383,700387,577177.53,2025-07-31 10:00:00,SYS_PAYMENT_RUN
384,700388,165646.7,2025-12-11 10:00:00,SYS_PAYMENT_RUN
385,700389,483464.54,2026-04-30 10:00:00,SYS_PAYMENT_RUN
386,700390,18651.16,2026-01-08 10:00:00,SYS_PAYMENT_RUN
387,700391,373711.47,2026-04-02 10:00:00,SYS_PAYMENT_RUN
389,700393,39800.36,2026-05-14 10:00:00,SYS_PAYMENT_RUN
390,700394,6997.16,2026-03-26 10:00:00,SYS_PAYMENT_RUN
391,700395,216019.29,2025-10-16 10:00:00,SYS_PAYMENT_RUN
392,700396,212466.05,2025-10-23 10:00:00,SYS_PAYMENT_RUN
393,700397,455458.22,2025-12-18 10:00:00,SYS_PAYMENT_RUN
394,700398,82966.18,2026-04-30 10:00:00,SYS_PAYMENT_RUN
395,700399,48379.05,2024-11-28 10:00:00,SYS_PAYMENT_RUN
396,700400,66034.24,2025-08-01 10:52:35,AP.ANNA
397,700401,28597.8,2026-06-25 10:00:00,SYS_PAYMENT_RUN
398,700402,13026.17,2026-06-25 10:00:00,SYS_PAYMENT_RUN
399,700403,7687.51,2025-06-05 10:00:00,SYS_PAYMENT_RUN
400,700404,5182.98,2025-01-23 10:00:00,SYS_PAYMENT_RUN
401,700405,42163.55,2025-04-10 10:00:00,SYS_PAYMENT_RUN
402,700406,15364.39,2025-06-05 10:00:00,SYS_PAYMENT_RUN
403,700407,99622.69,2025-10-30 10:00:00,SYS_PAYMENT_RUN
404,700408,13846.1,2026-02-05 10:00:00,SYS_PAYMENT_RUN
405,700409,1608.22,2026-08-13 10:00:00,SYS_PAYMENT_RUN
406,700410,6071.83,2025-02-13 10:00:00,SYS_PAYMENT_RUN
407,700411,220983.41,2024-12-26 10:00:00,SYS_PAYMENT_RUN
408,700412,33194.26,2026-02-26 10:00:00,SYS_PAYMENT_RUN
409,700413,84220.83,2025-01-23 10:00:00,SYS_PAYMENT_RUN
411,700415,7703.79,2026-06-25 10:00:00,SYS_PAYMENT_RUN
412,700416,523.53,2026-07-30 10:00:00,SYS_PAYMENT_RUN
414,700418,247067.26,2025-04-03 10:00:00,SYS_PAYMENT_RUN
415,700419,7839.68,2026-05-07 10:00:00,SYS_PAYMENT_RUN
416,700420,13439.95,2025-09-04 10:00:00,SYS_PAYMENT_RUN
417,700421,39382.69,2026-04-02 10:00:00,SYS_PAYMENT_RUN
418,700422,44057.65,2025-05-07 13:24:58,AP.MONA
419,700423,6836.87,2024-12-26 10:00:00,SYS_PAYMENT_RUN
420,700424,30098.45,2025-11-26 09:19:27,AP.RAVI
421,700425,121309.45,2024-11-21 10:00:00,SYS_PAYMENT_RUN
422,700426,947874.67,2026-03-26 10:00:00,SYS_PAYMENT_RUN
423,700427,24838.92,2026-04-09 10:00:00,SYS_PAYMENT_RUN
424,700429,24383.94,2024-12-26 10:00:00,SYS_PAYMENT_RUN
425,700430,307849.04,2026-09-17 10:00:00,SYS_PAYMENT_RUN
426,700431,3203.59,2025-10-16 10:00:00,SYS_PAYMENT_RUN
427,700432,267406.23,2024-12-12 10:00:00,SYS_PAYMENT_RUN
428,700433,86300.1,2026-06-24 10:33:40,AP.MONA
429,700434,276772.61,2026-08-13 10:00:00,SYS_PAYMENT_RUN
430,700435,78225.7,2025-07-03 10:00:00,SYS_PAYMENT_RUN
431,700436,41017.95,2026-02-05 10:00:00,SYS_PAYMENT_RUN
432,700437,39403.1,2026-02-12 10:00:00,SYS_PAYMENT_RUN
433,700438,89880.39,2024-12-19 10:00:00,SYS_PAYMENT_RUN
434,700439,8054.63,2025-08-21 10:00:00,SYS_PAYMENT_RUN
435,700440,5635.39,2026-02-04 10:23:01,AP.ANNA
436,700441,1289.48,2024-11-21 10:00:00,SYS_PAYMENT_RUN
437,700442,42006.35,2026-04-23 10:00:00,SYS_PAYMENT_RUN
438,700443,74135.83,2026-04-30 10:00:00,SYS_PAYMENT_RUN
439,700444,99783.31,2025-09-11 10:00:00,SYS_PAYMENT_RUN
440,700445,35915.53,2025-05-01 10:00:00,SYS_PAYMENT_RUN
441,700446,177280.76,2025-03-20 12:29:16,AP.RAVI
442,700447,194695.28,2025-06-05 10:00:00,SYS_PAYMENT_RUN
443,700448,53504.75,2025-04-03 10:00:00,SYS_PAYMENT_RUN
444,700449,30982.51,2025-04-10 10:00:00,SYS_PAYMENT_RUN
445,700450,89717.41,2026-01-01 10:00:00,SYS_PAYMENT_RUN
446,700451,9953.24,2026-08-27 10:00:00,SYS_PAYMENT_RUN
447,700452,39062.54,2025-10-09 10:00:00,SYS_PAYMENT_RUN
448,700453,16422.35,2025-03-13 10:00:00,SYS_PAYMENT_RUN
449,700454,475078.11,2025-02-06 10:00:00,SYS_PAYMENT_RUN
450,700455,19503.55,2024-12-19 10:00:00,SYS_PAYMENT_RUN
451,700456,136009.8,2025-06-12 10:00:00,SYS_PAYMENT_RUN
452,700457,26164.16,2025-08-07 10:00:00,SYS_PAYMENT_RUN
454,700459,4939.55,2026-02-12 10:00:00,SYS_PAYMENT_RUN
455,700460,6711.23,2025-01-16 10:00:00,SYS_PAYMENT_RUN
456,700461,387003.15,2025-01-30 10:00:00,SYS_PAYMENT_RUN
457,700462,304303.89,2025-08-28 10:00:00,SYS_PAYMENT_RUN
458,700463,236987.9,2026-02-09 10:52:45,AP.RAVI
459,700464,803994.42,2026-05-07 10:00:00,SYS_PAYMENT_RUN
460,700465,55039.88,2026-03-19 10:00:00,SYS_PAYMENT_RUN
461,700466,60953.99,2026-02-26 10:00:00,SYS_PAYMENT_RUN
462,700467,23372.34,2025-07-17 10:00:00,SYS_PAYMENT_RUN
463,700468,29014.79,2025-02-06 10:00:00,SYS_PAYMENT_RUN
464,700469,226508.68,2026-06-18 10:00:00,SYS_PAYMENT_RUN
465,700470,9096.51,2026-06-25 10:00:00,SYS_PAYMENT_RUN
466,700471,90703.22,2026-07-30 10:00:00,SYS_PAYMENT_RUN
468,700473,12816.97,2025-12-04 10:00:00,SYS_PAYMENT_RUN
469,700474,575459.55,2025-01-09 10:00:00,SYS_PAYMENT_RUN
470,700475,12641.83,2025-08-21 10:00:00,SYS_PAYMENT_RUN
471,700476,835.93,2025-08-14 10:00:00,SYS_PAYMENT_RUN
473,700478,4691.95,2026-04-16 10:00:00,SYS_PAYMENT_RUN
474,700479,84880.95,2025-03-13 10:00:00,SYS_PAYMENT_RUN
475,700480,10367.84,2026-06-25 10:00:00,SYS_PAYMENT_RUN
476,700481,4134.9,2025-02-27 10:00:00,SYS_PAYMENT_RUN
477,700482,44737.21,2025-05-15 10:00:00,SYS_PAYMENT_RUN
478,700483,33655.62,2025-12-22 09:45:48,AP.ANNA
479,700484,125624.92,2026-08-06 10:00:00,SYS_PAYMENT_RUN
480,700485,449508.74,2025-07-24 10:00:00,SYS_PAYMENT_RUN
481,700486,4042.17,2025-06-26 10:00:00,SYS_PAYMENT_RUN
482,700487,683223.84,2026-01-29 10:00:00,SYS_PAYMENT_RUN
483,700488,44580.71,2026-04-09 10:00:00,SYS_PAYMENT_RUN
484,700489,29227.03,2024-12-19 10:00:00,SYS_PAYMENT_RUN
485,700490,80124.4,2026-01-15 10:00:01,SYS_PAYMENT_RUN
486,700491,864316.53,2025-10-09 10:00:00,SYS_PAYMENT_RUN
487,700492,63857.5,2025-12-04 10:00:00,SYS_PAYMENT_RUN
488,700493,269121.39,2025-10-23 10:00:00,SYS_PAYMENT_RUN
489,700494,83310.56,2026-05-07 10:00:00,SYS_PAYMENT_RUN
490,700495,13419.89,2025-06-05 10:00:00,SYS_PAYMENT_RUN
491,700496,77919.19,2026-06-25 10:00:00,SYS_PAYMENT_RUN
492,700497,140158.48,2025-03-13 10:00:00,SYS_PAYMENT_RUN
493,700498,23209.95,2024-11-28 10:00:00,SYS_PAYMENT_RUN
494,700499,128953.03,2026-09-10 10:00:00,SYS_PAYMENT_RUN
497,700502,155026.59,2025-05-29 10:00:00,SYS_PAYMENT_RUN
498,700503,307805.95,2025-07-03 10:00:00,SYS_PAYMENT_RUN
499,700504,19941.21,2026-03-26 10:00:00,SYS_PAYMENT_RUN
500,700505,841.17,2025-03-20 10:00:00,SYS_PAYMENT_RUN
501,700506,77965.97,2026-04-23 10:00:00,SYS_PAYMENT_RUN
502,700507,6423.92,2026-05-21 10:00:00,SYS_PAYMENT_RUN
503,700508,460091.1,2025-06-19 10:00:00,SYS_PAYMENT_RUN
504,700509,18842.21,2025-01-09 10:00:00,SYS_PAYMENT_RUN
505,700510,29309.69,2026-09-10 10:00:00,SYS_PAYMENT_RUN
506,700511,25501.4,2025-11-20 10:00:00,SYS_PAYMENT_RUN
507,700512,75869.43,2025-05-08 10:00:00,SYS_PAYMENT_RUN
508,700513,8629.36,2025-04-14 08:44:07,AP.RAVI
509,700514,10097.37,2025-02-10 08:21:35,AP.ANNA
510,700515,221056.2,2025-06-26 10:00:00,SYS_PAYMENT_RUN
512,700517,8014.05,2026-08-17 17:10:53,AP.ANNA
513,700518,51314.29,2025-08-07 10:00:00,SYS_PAYMENT_RUN
514,700519,132381.02,2025-06-19 10:00:00,SYS_PAYMENT_RUN
515,700520,6108.65,2025-07-31 10:00:00,SYS_PAYMENT_RUN
517,700522,244022.06,2025-08-28 10:00:00,SYS_PAYMENT_RUN
518,700523,112188.2,2024-11-14 10:00:00,SYS_PAYMENT_RUN
520,700525,4471.26,2026-01-08 10:00:00,SYS_PAYMENT_RUN
521,700526,37851.04,2026-09-03 10:00:00,SYS_PAYMENT_RUN
522,700527,107632.67,2025-07-31 10:00:00,SYS_PAYMENT_RUN
523,700528,24855.27,2025-12-01 15:47:10,AP.RAVI
524,700529,267862.64,2026-02-12 10:00:00,SYS_PAYMENT_RUN
525,700530,110016.31,2025-01-23 10:00:00,SYS_PAYMENT_RUN
526,700531,32300.28,2025-12-25 10:00:00,SYS_PAYMENT_RUN
527,700532,14128.58,2025-06-05 10:00:00,SYS_PAYMENT_RUN
528,700533,377756.2,2025-12-04 10:00:00,SYS_PAYMENT_RUN
529,700534,76017.12,2026-03-26 10:00:00,SYS_PAYMENT_RUN
530,700535,102196.0,2025-12-29 08:45:55,AP.RAVI
531,700536,103765.11,2025-12-11 10:00:00,SYS_PAYMENT_RUN
532,700537,36941.44,2025-07-24 10:00:00,SYS_PAYMENT_RUN
533,700538,244307.05,2025-04-17 10:00:00,SYS_PAYMENT_RUN
534,700539,205092.53,2025-04-03 10:00:00,SYS_PAYMENT_RUN
535,700540,494564.31,2025-07-10 10:00:00,SYS_PAYMENT_RUN
536,700541,171159.74,2026-08-13 10:00:00,SYS_PAYMENT_RUN
537,700542,71095.38,2025-03-20 10:00:00,SYS_PAYMENT_RUN
538,700543,104150.53,2026-04-02 10:00:00,SYS_PAYMENT_RUN
539,700544,24131.24,2025-11-06 10:00:00,SYS_PAYMENT_RUN
540,700545,81094.92,2025-05-08 10:00:00,SYS_PAYMENT_RUN
541,700546,2617.07,2025-08-14 10:00:00,SYS_PAYMENT_RUN
542,700547,100587.38,2025-04-24 10:00:00,SYS_PAYMENT_RUN
543,700548,8534.66,2025-09-11 10:00:00,SYS_PAYMENT_RUN
544,700549,21337.21,2025-09-16 12:09:47,AP.RAVI
546,700551,40587.68,2026-03-12 10:00:00,SYS_PAYMENT_RUN
547,700552,10279.44,2026-01-27 16:54:41,AP.ANNA
548,700553,71254.43,2026-08-06 10:00:00,SYS_PAYMENT_RUN
550,700556,89562.76,2026-02-26 10:00:00,SYS_PAYMENT_RUN
551,700557,157943.98,2026-02-19 10:00:00,SYS_PAYMENT_RUN
552,700558,40596.94,2025-11-20 10:00:00,SYS_PAYMENT_RUN
553,700559,2992.16,2026-07-02 10:00:00,SYS_PAYMENT_RUN
554,700560,6611.1,2026-07-02 10:00:00,SYS_PAYMENT_RUN
555,700561,350570.23,2025-01-16 10:00:00,SYS_PAYMENT_RUN
556,700562,140149.61,2026-09-10 10:00:00,SYS_PAYMENT_RUN
557,700563,116624.21,2025-10-30 10:00:00,SYS_PAYMENT_RUN
558,700564,35203.86,2026-08-06 10:00:00,SYS_PAYMENT_RUN
559,700565,56130.64,2025-08-07 10:00:00,SYS_PAYMENT_RUN
560,700566,101628.21,2026-01-01 10:00:00,SYS_PAYMENT_RUN
562,700568,10387.47,2026-07-16 10:00:00,SYS_PAYMENT_RUN
563,700569,73984.32,2025-08-14 10:00:00,SYS_PAYMENT_RUN
564,700570,32191.11,2026-01-01 10:00:00,SYS_PAYMENT_RUN
565,700571,51791.63,2026-07-09 10:00:00,SYS_PAYMENT_RUN
566,700572,4298.28,2025-01-30 10:00:00,SYS_PAYMENT_RUN
567,700573,1799.1,2025-04-24 10:00:00,SYS_PAYMENT_RUN
568,700574,14247.56,2025-01-30 10:00:00,SYS_PAYMENT_RUN
569,700575,3726.04,2025-04-10 10:00:00,SYS_PAYMENT_RUN
570,700576,72185.04,2026-08-06 10:00:00,SYS_PAYMENT_RUN
572,700579,56207.71,2025-02-27 10:00:00,SYS_PAYMENT_RUN
573,700580,369362.73,2025-01-30 10:00:00,SYS_PAYMENT_RUN
574,700581,59002.77,2026-06-18 10:00:00,SYS_PAYMENT_RUN
575,700582,33122.63,2026-07-23 10:00:00,SYS_PAYMENT_RUN
576,700583,2132.38,2026-07-23 10:00:00,SYS_PAYMENT_RUN
577,700584,47831.24,2026-07-09 10:00:00,SYS_PAYMENT_RUN
578,700585,53646.87,2025-11-27 10:00:00,SYS_PAYMENT_RUN
579,700586,1206382.22,2026-08-20 10:00:00,SYS_PAYMENT_RUN
580,700588,223299.63,2025-06-12 10:00:00,SYS_PAYMENT_RUN
581,700589,278831.45,2026-03-05 10:00:00,SYS_PAYMENT_RUN
582,700590,21076.98,2025-06-12 10:00:00,SYS_PAYMENT_RUN
583,700591,28917.93,2025-05-01 10:00:00,SYS_PAYMENT_RUN
584,700592,206986.84,2026-08-20 10:00:00,SYS_PAYMENT_RUN
585,700593,215753.14,2026-06-18 10:00:00,SYS_PAYMENT_RUN
586,700594,16684.03,2025-02-06 10:00:00,SYS_PAYMENT_RUN
587,700595,10237.67,2026-08-13 10:00:00,SYS_PAYMENT_RUN
588,700596,303031.39,2026-04-02 10:00:00,SYS_PAYMENT_RUN
589,700597,117692.32,2025-01-30 10:00:00,SYS_PAYMENT_RUN
590,700598,226273.55,2025-03-13 10:00:00,SYS_PAYMENT_RUN
591,700599,3043.35,2026-08-13 14:08:04,AP.ANNA
593,700601,13217.59,2026-01-15 10:00:00,SYS_PAYMENT_RUN
594,700602,40128.27,2025-05-29 10:00:00,SYS_PAYMENT_RUN
595,700603,274560.7,2025-01-02 10:00:00,SYS_PAYMENT_RUN
596,700604,11579.62,2025-06-05 10:00:00,SYS_PAYMENT_RUN
597,700605,345451.18,2025-12-18 10:00:00,SYS_PAYMENT_RUN
598,700606,18323.82,2025-05-01 10:00:00,SYS_PAYMENT_RUN
599,700607,289829.32,2025-10-30 10:00:00,SYS_PAYMENT_RUN
600,700608,94197.23,2025-10-02 10:00:00,SYS_PAYMENT_RUN
601,700609,49828.5,2026-03-19 10:00:00,SYS_PAYMENT_RUN
603,700611,551830.98,2026-01-22 10:00:00,SYS_PAYMENT_RUN
604,700613,65757.53,2026-05-07 10:00:00,SYS_PAYMENT_RUN
605,700615,46203.33,2025-01-02 10:00:00,SYS_PAYMENT_RUN
606,700616,34194.73,2026-09-17 10:00:00,SYS_PAYMENT_RUN
607,700617,16665.98,2025-02-06 10:00:00,SYS_PAYMENT_RUN
608,700618,55004.41,2025-01-23 10:00:00,SYS_PAYMENT_RUN
609,700619,153312.19,2026-05-07 10:00:00,SYS_PAYMENT_RUN
611,700621,16869.81,2026-09-18 09:02:27,AP.ANNA
612,700622,58636.87,2026-02-12 10:00:00,SYS_PAYMENT_RUN
613,700623,51655.77,2025-04-14 16:07:54,AP.ANNA
614,700624,3142.18,2025-08-07 10:00:00,SYS_PAYMENT_RUN
615,700625,152870.83,2026-04-09 10:00:00,SYS_PAYMENT_RUN
616,700626,9167.01,2025-05-08 10:00:00,SYS_PAYMENT_RUN
617,700627,77779.73,2025-11-06 10:00:00,SYS_PAYMENT_RUN
618,700628,28897.0,2026-04-02 10:00:00,SYS_PAYMENT_RUN
619,700629,30892.37,2026-02-05 10:00:00,SYS_PAYMENT_RUN
620,700630,11608.09,2025-09-11 10:00:00,SYS_PAYMENT_RUN
621,700632,37857.93,2025-01-02 10:00:00,SYS_PAYMENT_RUN
622,700633,71672.15,2025-08-28 10:00:00,SYS_PAYMENT_RUN
623,700634,1286.24,2026-09-17 10:00:00,SYS_PAYMENT_RUN
624,700635,44041.11,2025-02-13 10:00:00,SYS_PAYMENT_RUN
626,700637,227894.1,2025-08-21 10:00:00,SYS_PAYMENT_RUN
627,700638,160266.32,2025-04-24 10:00:00,SYS_PAYMENT_RUN
629,700640,5614.26,2025-03-17 15:16:04,AP.ANNA
630,700641,28768.49,2025-11-20 10:00:00,SYS_PAYMENT_RUN
631,700642,367144.11,2025-11-06 10:00:00,SYS_PAYMENT_RUN
632,700643,275980.23,2026-06-25 10:00:00,SYS_PAYMENT_RUN
633,700644,725782.14,2025-09-11 10:00:00,SYS_PAYMENT_RUN
634,700645,148598.99,2025-09-03 10:18:34,AP.RAVI
635,700646,5509.08,2025-04-10 10:00:00,SYS_PAYMENT_RUN
636,700647,49784.87,2025-10-23 09:46:15,AP.MONA
637,700648,134413.86,2026-02-12 10:00:00,SYS_PAYMENT_RUN
638,700649,57743.56,2025-10-30 10:00:00,SYS_PAYMENT_RUN
639,700650,4354.56,2025-04-17 10:00:00,SYS_PAYMENT_RUN
640,700651,113006.96,2025-11-06 10:00:00,SYS_PAYMENT_RUN
641,700652,28618.84,2026-06-18 10:00:00,SYS_PAYMENT_RUN
642,700653,59186.01,2025-03-20 10:00:00,SYS_PAYMENT_RUN
643,700654,139539.08,2024-11-22 14:36:23,AP.MONA
644,700655,14426.9,2024-12-12 10:00:00,SYS_PAYMENT_RUN
646,700657,150627.16,2025-03-20 10:00:00,SYS_PAYMENT_RUN
647,700658,430978.65,2025-02-06 10:00:00,SYS_PAYMENT_RUN
649,700660,212076.65,2025-02-20 10:00:00,SYS_PAYMENT_RUN
650,700661,32700.74,2025-10-30 10:00:00,SYS_PAYMENT_RUN
651,700662,19453.75,2026-03-05 10:00:00,SYS_PAYMENT_RUN
652,700663,143225.04,2025-06-12 10:00:00,SYS_PAYMENT_RUN
653,700664,98938.61,2026-04-16 10:00:00,SYS_PAYMENT_RUN
654,700665,29230.3,2026-04-08 09:25:38,AP.RAVI
655,700666,69617.62,2025-03-06 10:00:00,SYS_PAYMENT_RUN
656,700667,88641.57,2026-09-24 10:00:00,SYS_PAYMENT_RUN
657,700668,37424.71,2025-07-24 10:00:00,SYS_PAYMENT_RUN
658,700669,187504.04,2026-06-11 10:00:00,SYS_PAYMENT_RUN
659,700670,2091.67,2025-07-24 10:00:00,SYS_PAYMENT_RUN
660,700671,165278.03,2025-11-13 10:00:00,SYS_PAYMENT_RUN
661,700672,65163.32,2026-07-09 10:00:00,SYS_PAYMENT_RUN
662,700673,25239.11,2025-10-02 10:00:00,SYS_PAYMENT_RUN
663,700674,267843.51,2026-06-04 10:00:00,SYS_PAYMENT_RUN
664,700675,15295.08,2026-06-04 10:00:00,SYS_PAYMENT_RUN
665,700676,10897.67,2025-10-30 10:00:00,SYS_PAYMENT_RUN
666,700677,84948.32,2025-02-27 10:00:00,SYS_PAYMENT_RUN
668,700679,32415.21,2025-05-29 10:00:00,SYS_PAYMENT_RUN
669,700680,2195.15,2025-05-15 10:00:00,SYS_PAYMENT_RUN
670,700681,184693.11,2025-03-20 10:00:39,SYS_PAYMENT_RUN
671,700682,114318.32,2026-09-24 10:00:00,SYS_PAYMENT_RUN
672,700683,357149.79,2025-07-17 10:00:00,SYS_PAYMENT_RUN
673,700684,155587.53,2026-07-16 10:00:00,SYS_PAYMENT_RUN
674,700685,39410.58,2025-05-01 10:00:00,SYS_PAYMENT_RUN
675,700686,209520.92,2024-12-19 10:00:00,SYS_PAYMENT_RUN
676,700687,33946.93,2026-05-21 10:00:00,SYS_PAYMENT_RUN
677,700688,619020.58,2026-09-10 10:00:00,SYS_PAYMENT_RUN
678,700689,370467.18,2025-10-23 10:00:00,SYS_PAYMENT_RUN
679,700690,38428.91,2026-01-29 10:00:00,SYS_PAYMENT_RUN
680,700691,132707.86,2024-12-19 10:00:00,SYS_PAYMENT_RUN
681,700692,117465.86,2025-01-30 10:28:02,AP.MONA
682,700693,65447.05,2026-04-16 10:00:00,SYS_PAYMENT_RUN
683,700694,12661.36,2025-09-04 10:00:00,SYS_PAYMENT_RUN
684,700695,13372.0,2026-06-08 09:38:48,AP.MONA
685,700696,145481.01,2025-01-30 10:00:00,SYS_PAYMENT_RUN
686,700697,177461.61,2025-05-22 10:00:00,SYS_PAYMENT_RUN
688,700699,77449.09,2026-09-10 10:00:00,SYS_PAYMENT_RUN
689,700700,602063.29,2025-04-10 10:00:00,SYS_PAYMENT_RUN
690,700701,148594.93,2025-09-11 10:00:00,SYS_PAYMENT_RUN
691,700702,93966.78,2025-05-29 10:00:00,SYS_PAYMENT_RUN
693,700704,127608.16,2026-07-30 10:00:00,SYS_PAYMENT_RUN
694,700705,57663.69,2026-01-22 10:00:00,SYS_PAYMENT_RUN
695,700706,74472.41,2026-08-06 10:00:00,SYS_PAYMENT_RUN
696,700707,2068.42,2025-02-06 10:00:00,SYS_PAYMENT_RUN
697,700708,198.67,2025-09-25 10:00:00,SYS_PAYMENT_RUN
698,700709,133224.83,2026-08-13 10:00:00,SYS_PAYMENT_RUN
699,700710,42183.16,2026-06-25 10:00:00,SYS_PAYMENT_RUN
700,700711,22322.77,2026-03-12 10:00:00,SYS_PAYMENT_RUN
701,700712,4819.46,2025-01-02 10:00:00,SYS_PAYMENT_RUN
702,700713,156196.13,2026-01-01 10:00:00,SYS_PAYMENT_RUN
703,700714,16229.22,2025-06-05 10:00:00,SYS_PAYMENT_RUN
704,700715,376269.08,2025-09-11 10:00:00,SYS_PAYMENT_RUN
705,700716,528293.6,2026-01-08 10:00:00,SYS_PAYMENT_RUN
706,700717,2926.55,2025-01-23 10:00:00,SYS_PAYMENT_RUN
707,700718,13502.38,2025-07-17 10:00:00,SYS_PAYMENT_RUN
708,700719,122909.22,2026-01-22 10:00:00,SYS_PAYMENT_RUN
709,700720,54252.33,2025-11-20 10:00:00,SYS_PAYMENT_RUN
710,700721,322167.04,2025-07-10 10:00:00,SYS_PAYMENT_RUN
711,700722,317996.34,2026-09-28 13:18:52,AP.MONA
712,700723,152348.45,2026-01-14 10:13:53,AP.ANNA
713,700724,15105.66,2025-02-27 10:00:00,SYS_PAYMENT_RUN
714,700725,8818.77,2026-03-05 10:00:00,SYS_PAYMENT_RUN
715,700726,47205.73,2026-05-07 10:00:00,SYS_PAYMENT_RUN
716,700727,62284.62,2026-07-02 10:00:00,SYS_PAYMENT_RUN
717,700728,83651.95,2024-12-19 10:00:00,SYS_PAYMENT_RUN
718,700729,176739.68,2026-05-28 10:00:00,SYS_PAYMENT_RUN
719,700730,4992.31,2025-01-23 10:00:00,SYS_PAYMENT_RUN
720,700731,51998.75,2026-04-02 10:00:00,SYS_PAYMENT_RUN
721,700732,9571.64,2025-12-25 10:00:00,SYS_PAYMENT_RUN
722,700733,14256.69,2025-07-31 10:00:00,SYS_PAYMENT_RUN
723,700734,23819.08,2025-09-18 10:00:00,SYS_PAYMENT_RUN
724,700735,485893.06,2025-04-24 10:00:00,SYS_PAYMENT_RUN
725,700736,102328.76,2026-05-07 10:00:00,SYS_PAYMENT_RUN
726,700737,40695.46,2025-02-20 09:24:29,AP.ANNA
727,700738,56042.26,2025-02-06 10:00:00,SYS_PAYMENT_RUN
728,700739,2388.94,2025-02-13 10:00:00,SYS_PAYMENT_RUN
729,700740,16798.85,2025-06-12 10:00:00,SYS_PAYMENT_RUN
730,700741,43204.22,2025-10-23 10:00:00,SYS_PAYMENT_RUN
731,700742,130539.56,2025-09-18 10:00:00,SYS_PAYMENT_RUN
732,700743,156263.67,2026-06-25 10:00:00,SYS_PAYMENT_RUN
733,700744,275698.42,2026-02-26 10:00:00,SYS_PAYMENT_RUN
734,700745,37697.23,2025-03-27 10:00:00,SYS_PAYMENT_RUN
735,700746,117719.64,2026-04-16 10:00:00,SYS_PAYMENT_RUN
736,700747,181855.06,2025-07-10 10:00:00,SYS_PAYMENT_RUN
737,700748,34195.31,2025-01-16 10:00:00,SYS_PAYMENT_RUN
738,700749,37295.84,2025-04-17 10:00:00,SYS_PAYMENT_RUN
739,700750,480192.05,2025-05-22 10:00:00,SYS_PAYMENT_RUN
740,700751,153646.28,2026-04-23 10:00:00,SYS_PAYMENT_RUN
741,700752,26452.81,2026-06-15 11:59:44,AP.RAVI
742,700753,2662.68,2025-04-17 10:00:00,SYS_PAYMENT_RUN
743,700754,238869.54,2025-03-13 10:00:00,SYS_PAYMENT_RUN
744,700755,15585.57,2025-02-06 10:00:00,SYS_PAYMENT_RUN
745,700756,6583.08,2025-02-20 10:00:00,SYS_PAYMENT_RUN
746,700757,437841.44,2025-04-10 10:00:00,SYS_PAYMENT_RUN
747,700758,13380.33,2025-01-30 10:00:00,SYS_PAYMENT_RUN
748,700759,383132.94,2025-06-05 10:00:00,SYS_PAYMENT_RUN
749,700760,43636.15,2025-01-23 10:00:00,SYS_PAYMENT_RUN
750,700761,14842.85,2026-05-21 10:00:00,SYS_PAYMENT_RUN
751,700762,88481.53,2026-01-29 10:00:00,SYS_PAYMENT_RUN
752,700763,35564.26,2025-10-02 10:00:00,SYS_PAYMENT_RUN
753,700764,17949.77,2026-09-17 10:00:00,SYS_PAYMENT_RUN
754,700765,388749.06,2026-06-11 10:00:00,SYS_PAYMENT_RUN
755,700766,240924.32,2025-09-18 10:00:00,SYS_PAYMENT_RUN
756,700767,320886.63,2025-07-24 10:00:00,SYS_PAYMENT_RUN
757,700768,4629.96,2025-10-02 10:00:00,SYS_PAYMENT_RUN
758,700769,50703.81,2025-06-19 10:00:00,SYS_PAYMENT_RUN
759,700770,305.11,2025-01-20 10:55:55,AP.RAVI
760,700771,243620.5,2026-02-26 10:00:42,SYS_PAYMENT_RUN
761,700772,15730.89,2026-02-12 10:00:00,SYS_PAYMENT_RUN
762,700773,247597.35,2025-03-06 10:00:00,SYS_PAYMENT_RUN
763,700774,112783.0,2026-02-26 10:00:00,SYS_PAYMENT_RUN
765,700776,152758.05,2025-11-20 10:00:00,SYS_PAYMENT_RUN
766,700777,3630.72,2025-10-23 10:00:00,SYS_PAYMENT_RUN
767,700778,64041.31,2025-10-16 10:00:00,SYS_PAYMENT_RUN
768,700779,6010.41,2025-07-18 09:34:06,AP.RAVI
769,700780,227289.43,2026-07-20 10:13:59,AP.ANNA
770,700781,290781.87,2026-01-15 10:00:00,SYS_PAYMENT_RUN
771,700782,1072.99,2026-01-15 10:00:00,SYS_PAYMENT_RUN
772,700783,446134.95,2026-09-03 10:00:00,SYS_PAYMENT_RUN
773,700784,14528.76,2026-01-01 10:00:00,SYS_PAYMENT_RUN
774,700785,41315.49,2026-01-22 10:00:00,SYS_PAYMENT_RUN
775,700786,2152.73,2025-07-17 10:00:00,SYS_PAYMENT_RUN
776,700787,154885.4,2026-04-02 10:00:00,SYS_PAYMENT_RUN
777,700788,353625.34,2024-12-26 10:00:00,SYS_PAYMENT_RUN
778,700789,46787.7,2025-02-13 10:00:00,SYS_PAYMENT_RUN
779,700790,654771.93,2026-09-02 10:33:15,AP.ANNA
780,700791,92329.65,2025-11-06 10:00:00,SYS_PAYMENT_RUN
781,700792,34293.68,2025-04-17 10:00:00,SYS_PAYMENT_RUN
782,700793,17439.31,2025-08-07 10:00:00,SYS_PAYMENT_RUN
783,700794,4195.38,2025-12-25 10:00:00,SYS_PAYMENT_RUN
784,700795,109156.29,2026-06-18 10:00:00,SYS_PAYMENT_RUN
785,700796,22835.06,2026-05-28 10:00:00,SYS_PAYMENT_RUN
786,700797,4970.86,2025-11-06 10:00:00,SYS_PAYMENT_RUN
787,700798,247817.98,2025-05-08 10:00:00,SYS_PAYMENT_RUN
788,700799,80233.15,2025-04-24 10:10:49,AP.MONA
789,700800,109595.14,2026-03-26 10:00:00,SYS_PAYMENT_RUN
790,700801,291386.9,2026-02-18 14:53:28,AP.MONA
791,700802,117492.42,2026-02-26 10:00:00,SYS_PAYMENT_RUN
792,700803,83952.04,2025-01-23 10:00:00,SYS_PAYMENT_RUN
794,700805,427165.77,2026-04-17 09:16:00,AP.ANNA
795,700806,28405.14,2025-11-13 16:28:01,AP.RAVI
797,700808,81711.84,2026-07-09 10:00:00,SYS_PAYMENT_RUN
798,700809,29545.26,2025-10-02 10:00:00,SYS_PAYMENT_RUN
799,700810,37314.21,2026-03-19 10:00:00,SYS_PAYMENT_RUN
800,700811,520.49,2025-04-10 10:00:00,SYS_PAYMENT_RUN
801,700812,42055.86,2025-06-26 10:00:00,SYS_PAYMENT_RUN
802,700813,165727.38,2026-09-17 10:00:00,SYS_PAYMENT_RUN
804,700815,65563.46,2026-05-28 10:00:00,SYS_PAYMENT_RUN
805,700816,154480.97,2025-01-30 10:00:00,SYS_PAYMENT_RUN
806,700817,61267.49,2026-05-21 10:00:00,SYS_PAYMENT_RUN
807,700818,163021.76,2025-08-14 10:00:00,SYS_PAYMENT_RUN
808,700819,325.02,2025-04-17 10:00:00,SYS_PAYMENT_RUN
809,700820,36683.33,2025-02-20 10:00:00,SYS_PAYMENT_RUN
810,700821,41358.05,2025-01-23 10:00:00,SYS_PAYMENT_RUN
811,700822,484084.5,2024-11-07 10:00:00,SYS_PAYMENT_RUN
812,700823,4882.9,2025-08-14 12:11:28,AP.ANNA
813,700824,152659.83,2025-04-03 10:00:00,SYS_PAYMENT_RUN
815,700826,291782.83,2025-10-23 10:00:00,SYS_PAYMENT_RUN
816,700827,157774.32,2025-03-06 10:00:00,SYS_PAYMENT_RUN
817,700829,207622.96,2026-07-02 10:00:00,SYS_PAYMENT_RUN
818,700830,44393.86,2025-06-12 10:00:00,SYS_PAYMENT_RUN
819,700831,48825.32,2026-06-18 10:00:00,SYS_PAYMENT_RUN
820,700832,22878.01,2026-01-01 10:00:00,SYS_PAYMENT_RUN
821,700833,154996.93,2026-03-26 10:00:00,SYS_PAYMENT_RUN
823,700835,38362.25,2026-06-18 10:00:00,SYS_PAYMENT_RUN
824,700836,1021973.47,2025-10-02 10:00:00,SYS_PAYMENT_RUN
825,700837,8793.15,2026-06-25 10:00:00,SYS_PAYMENT_RUN
826,700838,349703.76,2025-07-10 10:00:00,SYS_PAYMENT_RUN
827,700839,44859.43,2026-08-06 10:00:00,SYS_PAYMENT_RUN
828,700840,23628.22,2026-09-10 12:06:37,AP.MONA
829,700841,226922.74,2026-06-18 10:00:00,SYS_PAYMENT_RUN
830,700842,317753.16,2026-09-03 10:00:00,SYS_PAYMENT_RUN
831,700843,52791.13,2025-05-01 10:00:00,SYS_PAYMENT_RUN
832,700844,115701.0,2026-05-25 09:14:50,AP.ANNA
833,700845,35841.83,2026-06-04 10:00:00,SYS_PAYMENT_RUN
834,700846,2565.56,2024-11-13 11:11:49,AP.MONA
835,700847,14120.54,2025-01-02 10:00:00,SYS_PAYMENT_RUN
836,700848,126307.04,2026-02-19 10:00:00,SYS_PAYMENT_RUN
837,700849,203917.37,2025-03-07 10:09:22,AP.RAVI
838,700850,11741.31,2025-02-07 17:36:53,AP.ANNA
839,700851,7704.9,2026-01-15 10:00:00,SYS_PAYMENT_RUN
840,700852,77113.92,2026-06-25 10:00:00,SYS_PAYMENT_RUN
841,700853,11971.89,2026-01-22 10:00:00,SYS_PAYMENT_RUN
842,700854,370.66,2026-04-09 10:00:00,SYS_PAYMENT_RUN
843,700855,43143.82,2026-05-14 10:00:00,SYS_PAYMENT_RUN
844,700856,13873.68,2025-01-23 10:00:00,SYS_PAYMENT_RUN
845,700857,84547.46,2025-02-13 10:00:00,SYS_PAYMENT_RUN
846,700858,30542.36,2025-06-19 10:00:00,SYS_PAYMENT_RUN
847,700859,289143.15,2025-09-11 10:00:00,SYS_PAYMENT_RUN
848,700860,81725.61,2026-01-29 10:00:00,SYS_PAYMENT_RUN
849,700861,281123.7,2026-05-28 10:00:00,SYS_PAYMENT_RUN
850,700862,19078.41,2026-06-17 08:00:48,AP.MONA
851,700863,244515.98,2026-01-29 10:00:00,SYS_PAYMENT_RUN
852,700864,137120.92,2026-09-03 10:00:00,SYS_PAYMENT_RUN
853,700865,113806.83,2025-12-18 10:00:00,SYS_PAYMENT_RUN
854,700866,238816.62,2025-02-13 10:00:00,SYS_PAYMENT_RUN
855,700867,139644.74,2025-09-01 14:14:59,AP.RAVI
857,700869,20305.48,2026-02-05 10:00:00,SYS_PAYMENT_RUN
858,700870,21792.64,2025-11-20 10:00:00,SYS_PAYMENT_RUN
859,700871,12161.14,2026-04-23 10:00:00,SYS_PAYMENT_RUN
861,700873,14736.6,2026-07-02 10:00:00,SYS_PAYMENT_RUN
862,700874,112509.0,2026-04-02 10:00:00,SYS_PAYMENT_RUN
863,700875,112999.03,2025-05-29 10:00:00,SYS_PAYMENT_RUN
864,700876,32353.79,2025-02-13 10:00:46,SYS_PAYMENT_RUN
865,700877,40330.27,2025-07-10 10:00:00,SYS_PAYMENT_RUN
866,700878,14911.92,2026-08-12 08:54:10,AP.MONA
867,700879,207908.52,2025-08-28 10:00:00,SYS_PAYMENT_RUN
868,700880,73408.61,2025-01-23 10:00:00,SYS_PAYMENT_RUN
870,700882,19211.55,2025-05-29 10:00:00,SYS_PAYMENT_RUN
871,700883,1284.41,2026-03-04 17:35:42,AP.ANNA
872,700884,63386.18,2026-07-02 10:00:00,SYS_PAYMENT_RUN
873,700885,4509.62,2026-04-30 10:00:00,SYS_PAYMENT_RUN
874,700886,33190.41,2026-01-22 10:00:00,SYS_PAYMENT_RUN
875,700887,25687.99,2026-02-26 10:00:00,SYS_PAYMENT_RUN
876,700888,8812.19,2025-04-24 10:00:00,SYS_PAYMENT_RUN
877,700889,62947.48,2025-02-20 10:00:00,SYS_PAYMENT_RUN
878,700890,156958.64,2026-07-02 10:00:00,SYS_PAYMENT_RUN
879,700891,32835.87,2026-06-25 10:00:00,SYS_PAYMENT_RUN
880,700892,11917.76,2025-03-06 10:00:00,SYS_PAYMENT_RUN
881,700893,135176.5,2026-03-26 10:00:00,SYS_PAYMENT_RUN
882,700894,337994.76,2026-03-12 10:00:00,SYS_PAYMENT_RUN
883,700895,123182.14,2025-05-01 10:00:00,SYS_PAYMENT_RUN
884,700896,125104.88,2026-09-24 10:00:00,SYS_PAYMENT_RUN
885,700897,3531.15,2026-02-19 10:00:00,SYS_PAYMENT_RUN
886,700898,22940.48,2024-11-28 10:00:00,SYS_PAYMENT_RUN
887,700899,6033.3,2026-04-09 10:00:00,SYS_PAYMENT_RUN
888,700900,90116.81,2026-08-27 10:00:00,SYS_PAYMENT_RUN
889,700901,187343.51,2026-01-15 10:00:00,SYS_PAYMENT_RUN
890,700902,16931.53,2026-01-15 10:00:00,SYS_PAYMENT_RUN
891,700903,496646.07,2026-02-05 10:00:00,SYS_PAYMENT_RUN
892,700904,5633.21,2026-06-25 10:00:00,SYS_PAYMENT_RUN
893,700905,150212.6,2026-05-28 10:00:00,SYS_PAYMENT_RUN
894,700906,206244.23,2025-02-27 10:00:00,SYS_PAYMENT_RUN
895,700907,615301.1,2026-07-30 10:00:00,SYS_PAYMENT_RUN
897,700909,163815.16,2025-11-06 10:00:00,SYS_PAYMENT_RUN
898,700910,55988.56,2025-07-03 10:00:00,SYS_PAYMENT_RUN
899,700911,116520.88,2026-09-10 10:00:00,SYS_PAYMENT_RUN
900,700912,35192.03,2026-09-03 10:00:00,SYS_PAYMENT_RUN
901,700913,10330.87,2026-09-24 10:00:00,SYS_PAYMENT_RUN
902,700914,14901.94,2025-10-23 10:00:00,SYS_PAYMENT_RUN
903,700915,27278.14,2025-01-09 10:00:00,SYS_PAYMENT_RUN
904,700916,95826.83,2025-12-18 10:00:00,SYS_PAYMENT_RUN
905,700917,141663.66,2026-03-19 10:00:00,SYS_PAYMENT_RUN
906,700918,4504.25,2025-04-17 10:00:00,SYS_PAYMENT_RUN
907,700919,128929.46,2024-11-28 10:00:00,SYS_PAYMENT_RUN
908,700920,4804.16,2025-07-24 10:00:00,SYS_PAYMENT_RUN
909,700921,144943.68,2025-08-21 10:00:00,SYS_PAYMENT_RUN
910,700922,9698.81,2025-09-18 10:00:00,SYS_PAYMENT_RUN
911,700923,51051.05,2024-12-05 10:00:00,SYS_PAYMENT_RUN
912,700924,168717.18,2025-09-15 10:36:56,AP.ANNA
913,700925,459099.58,2025-05-15 10:00:00,SYS_PAYMENT_RUN
914,700926,11488.31,2026-04-30 10:00:00,SYS_PAYMENT_RUN
915,700927,339793.91,2026-05-07 10:00:00,SYS_PAYMENT_RUN
916,700928,54788.03,2025-03-20 10:00:00,SYS_PAYMENT_RUN
917,700929,34180.56,2025-03-27 10:00:00,SYS_PAYMENT_RUN
918,700930,87081.37,2024-12-12 10:00:00,SYS_PAYMENT_RUN
919,700931,205861.95,2025-05-15 10:00:00,SYS_PAYMENT_RUN
920,700932,31152.15,2025-08-07 10:00:00,SYS_PAYMENT_RUN
921,700933,132136.48,2025-04-17 10:00:00,SYS_PAYMENT_RUN
922,700934,232627.58,2025-01-30 10:00:00,SYS_PAYMENT_RUN
923,700935,258305.89,2026-07-02 10:00:00,SYS_PAYMENT_RUN
924,700936,8538.36,2025-06-26 10:00:00,SYS_PAYMENT_RUN
925,700937,25711.02,2024-12-19 10:00:00,SYS_PAYMENT_RUN
926,700938,9505.21,2026-04-02 10:00:00,SYS_PAYMENT_RUN
927,700939,4211.02,2024-12-12 10:00:00,SYS_PAYMENT_RUN
928,700940,122238.47,2025-07-24 10:00:00,SYS_PAYMENT_RUN
929,700941,178039.37,2025-02-13 10:00:00,SYS_PAYMENT_RUN
931,700943,2316.21,2025-06-19 10:00:00,SYS_PAYMENT_RUN
932,700944,8531.69,2026-07-30 10:00:00,SYS_PAYMENT_RUN
933,700945,332677.8,2024-11-21 10:00:00,SYS_PAYMENT_RUN
934,700946,12151.63,2026-04-16 10:00:00,SYS_PAYMENT_RUN
935,700947,135423.15,2026-05-04 10:43:28,AP.MONA
936,700948,17389.54,2025-03-13 10:00:00,SYS_PAYMENT_RUN
937,700949,25466.79,2025-01-23 10:00:00,SYS_PAYMENT_RUN
938,700950,19373.68,2026-08-27 10:00:00,SYS_PAYMENT_RUN
939,700951,117366.8,2026-01-22 10:00:00,SYS_PAYMENT_RUN
940,700952,199925.46,2026-06-25 10:00:00,SYS_PAYMENT_RUN
941,700953,59910.53,2026-06-25 10:00:00,SYS_PAYMENT_RUN
942,700954,11081.64,2025-01-16 10:00:00,SYS_PAYMENT_RUN
943,700955,26095.0,2025-03-20 10:00:00,SYS_PAYMENT_RUN
944,700956,4535.37,2025-07-17 10:00:00,SYS_PAYMENT_RUN
945,700957,48398.43,2026-05-28 10:00:00,SYS_PAYMENT_RUN
946,700958,319043.74,2026-08-06 10:00:00,SYS_PAYMENT_RUN
947,700959,343688.22,2024-11-08 08:56:16,AP.MONA
948,700960,3220.73,2025-05-01 10:00:00,SYS_PAYMENT_RUN
949,700961,10001.24,2025-06-05 10:00:00,SYS_PAYMENT_RUN
950,700962,52171.42,2025-03-06 10:00:00,SYS_PAYMENT_RUN
951,700963,32731.22,2025-01-23 10:00:00,SYS_PAYMENT_RUN
952,700964,70520.36,2024-12-12 10:00:00,SYS_PAYMENT_RUN
953,700965,29825.22,2025-08-07 10:00:00,SYS_PAYMENT_RUN
954,700966,462228.54,2025-11-13 10:00:00,SYS_PAYMENT_RUN
955,700967,804569.92,2025-02-20 10:00:00,SYS_PAYMENT_RUN
956,700968,45764.27,2024-12-19 10:00:00,SYS_PAYMENT_RUN
957,700969,249688.14,2025-10-27 10:30:43,AP.ANNA
958,700970,41529.47,2026-04-16 10:00:00,SYS_PAYMENT_RUN
959,700971,46653.0,2025-08-14 10:00:00,SYS_PAYMENT_RUN
960,700972,53836.02,2025-09-18 10:00:00,SYS_PAYMENT_RUN
962,700974,96306.53,2026-08-27 10:00:00,SYS_PAYMENT_RUN
963,700975,139326.09,2025-01-16 10:00:00,SYS_PAYMENT_RUN
964,700976,43120.41,2026-03-12 10:00:00,SYS_PAYMENT_RUN
965,700977,189837.19,2026-09-17 10:00:00,SYS_PAYMENT_RUN
966,700978,52910.15,2025-12-11 10:00:00,SYS_PAYMENT_RUN
968,700980,54513.87,2026-06-04 10:00:00,SYS_PAYMENT_RUN
969,700981,112280.32,2025-04-17 10:00:00,SYS_PAYMENT_RUN
970,700982,233193.24,2026-04-02 10:00:00,SYS_PAYMENT_RUN
971,700983,1758.83,2025-07-24 10:00:00,SYS_PAYMENT_RUN
972,700984,10610.75,2025-05-29 10:00:00,SYS_PAYMENT_RUN
973,700985,408134.55,2025-07-17 10:00:00,SYS_PAYMENT_RUN
974,700986,504885.01,2025-05-15 10:00:00,SYS_PAYMENT_RUN
975,700987,955.58,2024-12-05 10:00:00,SYS_PAYMENT_RUN
976,700988,382059.03,2025-05-08 10:00:00,SYS_PAYMENT_RUN
977,700989,215490.0,2025-10-02 10:00:00,SYS_PAYMENT_RUN
978,700990,292130.4,2026-08-13 10:00:00,SYS_PAYMENT_RUN
979,700991,83685.38,2025-05-08 10:00:00,SYS_PAYMENT_RUN
980,700992,62636.94,2025-08-28 10:00:00,SYS_PAYMENT_RUN
981,700993,22035.38,2026-07-09 10:00:00,SYS_PAYMENT_RUN
982,700994,77446.15,2026-06-25 10:00:00,SYS_PAYMENT_RUN
983,700995,111079.17,2025-05-08 10:00:00,SYS_PAYMENT_RUN
984,700996,14845.15,2026-07-30 10:00:00,SYS_PAYMENT_RUN
985,700997,26192.17,2026-09-17 10:00:00,SYS_PAYMENT_RUN
987,700999,11870.46,2026-03-12 10:00:00,SYS_PAYMENT_RUN
988,701000,93764.0,2026-01-22 09:29:14,AP.MONA
989,701001,1940.83,2026-01-15 10:00:00,SYS_PAYMENT_RUN
990,701002,4310.06,2026-01-29 10:00:00,SYS_PAYMENT_RUN
991,701003,191377.5,2025-01-02 10:00:00,SYS_PAYMENT_RUN
992,701004,348401.77,2026-06-04 10:00:00,SYS_PAYMENT_RUN
994,701006,18158.27,2025-08-14 10:00:00,SYS_PAYMENT_RUN
995,701007,24757.89,2026-09-10 10:00:00,SYS_PAYMENT_RUN
996,701008,222062.42,2025-05-01 10:00:00,SYS_PAYMENT_RUN
997,701009,27599.11,2024-12-31 08:06:53,AP.ANNA
998,701010,60161.58,2026-09-24 10:00:00,SYS_PAYMENT_RUN
999,701011,4559.65,2025-03-06 10:00:00,SYS_PAYMENT_RUN
1000,701012,27485.67,2025-11-13 10:00:00,SYS_PAYMENT_RUN
1001,701013,26163.67,2025-04-24 10:00:00,SYS_PAYMENT_RUN
1002,701014,15322.45,2026-03-26 10:00:00,SYS_PAYMENT_RUN
1003,701015,313572.83,2026-02-26 10:00:00,SYS_PAYMENT_RUN
1004,701016,319743.96,2026-02-05 10:00:00,SYS_PAYMENT_RUN
1005,701017,75119.94,2025-03-20 10:00:00,SYS_PAYMENT_RUN
1006,701018,73694.89,2025-08-07 10:00:00,SYS_PAYMENT_RUN
1007,701019,177285.98,2026-01-29 10:00:00,SYS_PAYMENT_RUN
1008,701020,74609.43,2025-11-13 10:00:00,SYS_PAYMENT_RUN
1011,701023,3387.23,2024-12-12 10:00:00,SYS_PAYMENT_RUN
1012,701024,4896.28,2025-02-27 10:00:00,SYS_PAYMENT_RUN
1013,701025,73875.43,2025-01-16 10:00:00,SYS_PAYMENT_RUN
1014,701026,223215.08,2024-11-07 10:00:00,SYS_PAYMENT_RUN
1015,701027,207442.05,2026-08-06 10:00:00,SYS_PAYMENT_RUN
1016,701028,102367.21,2025-09-11 10:00:00,SYS_PAYMENT_RUN
1017,701029,6067.96,2025-08-28 10:00:00,SYS_PAYMENT_RUN
1018,701030,52776.62,2025-03-13 10:00:00,SYS_PAYMENT_RUN
1019,701031,183486.57,2026-07-15 08:02:37,AP.RAVI
1020,701032,71434.49,2024-12-12 10:00:00,SYS_PAYMENT_RUN
1021,701033,37014.6,2025-07-24 10:00:00,SYS_PAYMENT_RUN
1022,701034,16185.47,2025-03-20 10:00:00,SYS_PAYMENT_RUN
1023,701035,97992.57,2025-07-24 10:00:00,SYS_PAYMENT_RUN
1024,701036,6580.98,2025-06-24 08:04:16,SYS_PAYMENT_RUN
1025,701037,15234.82,2026-02-10 08:13:58,SYS_PAYMENT_RUN
1026,701038,4439.07,2025-11-21 10:31:54,SYS_PAYMENT_RUN
1027,701039,18110.27,2026-01-15 08:44:37,SYS_PAYMENT_RUN
1028,701040,19801.14,2026-06-30 08:05:05,SYS_PAYMENT_RUN
1029,701041,4902.64,2025-06-18 09:38:25,SYS_PAYMENT_RUN
1030,701042,7894.66,2024-12-27 08:08:41,SYS_PAYMENT_RUN
1031,701043,11195.87,2025-10-17 08:37:16,SYS_PAYMENT_RUN
1032,701044,20582.54,2026-05-12 15:44:07,SYS_PAYMENT_RUN
1033,701045,6285.04,2026-01-29 08:00:46,SYS_PAYMENT_RUN
1034,701046,12980.29,2026-08-06 09:59:39,SYS_PAYMENT_RUN
1035,701047,5216.13,2024-12-16 08:22:58,SYS_PAYMENT_RUN
1036,701048,2408.22,2026-03-18 08:19:17,SYS_PAYMENT_RUN
1037,701049,6582.51,2025-07-24 08:52:05,SYS_PAYMENT_RUN
1038,701050,2302.68,2025-12-29 10:55:35,SYS_PAYMENT_RUN
1039,701051,4679.32,2026-07-27 10:37:20,SYS_PAYMENT_RUN
1040,701052,8139.25,2026-08-27 08:00:45,SYS_PAYMENT_RUN
1041,701053,20825.13,2026-04-24 15:22:05,SYS_PAYMENT_RUN
1042,701054,5794.13,2025-03-14 08:01:43,SYS_PAYMENT_RUN
1043,701055,4148.43,2026-08-11 08:24:28,SYS_PAYMENT_RUN
1044,701056,3245.11,2026-09-24 10:30:18,SYS_PAYMENT_RUN
1045,701057,15510.36,2025-05-14 10:11:23,SYS_PAYMENT_RUN
1046,701058,2117.71,2025-04-04 09:55:05,SYS_PAYMENT_RUN
1047,701059,20093.21,2025-11-20 13:16:50,SYS_PAYMENT_RUN
1048,701060,16074.85,2026-01-22 12:34:06,SYS_PAYMENT_RUN
1049,701061,8384.0,2026-01-27 09:56:46,SYS_PAYMENT_RUN
1050,701062,6800.08,2025-05-12 08:12:34,SYS_PAYMENT_RUN
1051,701063,11200.26,2026-01-12 11:14:06,SYS_PAYMENT_RUN
1052,701064,10685.03,2025-11-14 09:19:01,SYS_PAYMENT_RUN
1053,701065,4815.29,2026-08-24 14:22:35,SYS_PAYMENT_RUN
1054,701066,3007.23,2025-08-11 09:08:14,SYS_PAYMENT_RUN
1055,701067,2434.95,2026-03-09 10:35:02,SYS_PAYMENT_RUN
1056,701068,1202.58,2025-08-01 14:37:31,SYS_PAYMENT_RUN
1057,701069,15068.66,2025-04-30 09:23:52,SYS_PAYMENT_RUN
1058,701070,8758.59,2024-10-21 08:48:53,SYS_PAYMENT_RUN
1059,701071,1627.63,2026-05-22 08:07:51,SYS_PAYMENT_RUN
1060,701072,19948.5,2025-05-05 16:02:45,SYS_PAYMENT_RUN
1061,701073,20830.25,2026-02-06 08:48:03,SYS_PAYMENT_RUN
1062,701074,8847.59,2024-10-22 15:55:16,SYS_PAYMENT_RUN
1063,701075,17608.29,2024-12-23 09:21:50,SYS_PAYMENT_RUN
1064,701076,3494.87,2026-05-01 08:27:08,SYS_PAYMENT_RUN
1065,701077,2430.1,2026-07-31 10:51:25,SYS_PAYMENT_RUN
1066,701078,19899.77,2025-06-30 14:05:45,SYS_PAYMENT_RUN
1067,701079,6474.93,2025-05-21 09:54:28,SYS_PAYMENT_RUN
1068,701080,5126.57,2024-11-20 08:01:20,SYS_PAYMENT_RUN
1069,701081,2716.06,2026-04-02 11:12:29,SYS_PAYMENT_RUN
1070,701082,16773.87,2026-01-05 08:06:58,SYS_PAYMENT_RUN
1071,701083,10753.77,2025-11-21 17:33:56,SYS_PAYMENT_RUN
1072,701084,12493.68,2025-09-04 09:56:26,SYS_PAYMENT_RUN
1073,701085,12304.08,2025-08-27 10:21:32,SYS_PAYMENT_RUN
1074,701086,998.39,2026-03-16 15:16:14,SYS_PAYMENT_RUN
1075,701087,17075.3,2026-01-14 08:25:30,SYS_PAYMENT_RUN
1076,701088,11941.03,2026-05-07 11:39:34,SYS_PAYMENT_RUN
1077,701089,11480.93,2025-07-21 09:07:54,SYS_PAYMENT_RUN
1078,701090,8792.33,2025-12-30 11:08:56,SYS_PAYMENT_RUN
1079,701091,6471.42,2025-11-19 08:48:26,SYS_PAYMENT_RUN
1080,701092,14578.24,2026-09-16 11:25:48,SYS_PAYMENT_RUN
1081,701093,2471.95,2025-12-23 09:01:49,SYS_PAYMENT_RUN
1082,701094,7642.96,2024-12-24 09:10:43,SYS_PAYMENT_RUN
1083,701095,11155.04,2025-03-03 16:07:06,SYS_PAYMENT_RUN
1084,701096,6575.24,2025-02-25 10:56:37,SYS_PAYMENT_RUN
1085,701097,19041.13,2026-03-26 08:31:26,SYS_PAYMENT_RUN
1086,701098,2956.98,2025-03-19 15:55:16,SYS_PAYMENT_RUN
1087,701099,9633.96,2025-02-24 09:56:11,SYS_PAYMENT_RUN
1088,701100,10716.76,2026-01-26 11:56:28,SYS_PAYMENT_RUN
1089,701101,17437.76,2026-05-18 08:45:57,SYS_PAYMENT_RUN
1090,701102,5855.77,2025-11-26 08:28:32,SYS_PAYMENT_RUN
1091,701103,1964.59,2026-05-04 12:40:17,SYS_PAYMENT_RUN
1092,701104,15986.3,2024-10-29 10:59:29,SYS_PAYMENT_RUN
1093,701105,12365.63,2025-11-04 09:30:01,SYS_PAYMENT_RUN
1094,701106,3968.84,2026-06-17 12:08:03,SYS_PAYMENT_RUN
1095,701107,19432.98,2024-12-26 08:01:29,SYS_PAYMENT_RUN
1096,701108,10184.1,2026-09-17 12:06:29,SYS_PAYMENT_RUN
1097,701109,14172.22,2026-06-01 10:13:52,SYS_PAYMENT_RUN
1098,701110,11050.73,2026-02-16 08:01:33,SYS_PAYMENT_RUN
1099,701111,11801.1,2025-01-17 10:25:40,SYS_PAYMENT_RUN
1100,701112,11875.78,2025-07-07 10:50:30,SYS_PAYMENT_RUN
1101,701113,9520.53,2025-08-04 16:22:26,SYS_PAYMENT_RUN
1102,701114,17246.21,2025-07-30 11:56:36,SYS_PAYMENT_RUN
1103,701115,16533.96,2026-08-14 10:34:26,SYS_PAYMENT_RUN
1104,701116,16774.89,2026-07-31 09:42:05,SYS_PAYMENT_RUN
1105,701117,3738.95,2026-06-08 10:57:06,SYS_PAYMENT_RUN
1106,701118,1605.66,2025-01-14 09:46:57,SYS_PAYMENT_RUN
1107,701119,10127.21,2024-12-10 09:04:10,SYS_PAYMENT_RUN
1108,701120,3202.9,2026-07-29 09:00:12,SYS_PAYMENT_RUN
1109,701121,8521.95,2026-06-09 09:06:45,SYS_PAYMENT_RUN
1110,701122,6198.18,2025-03-21 08:33:06,SYS_PAYMENT_RUN
1111,701123,19248.27,2025-11-28 09:18:16,SYS_PAYMENT_RUN
1112,701124,12334.27,2026-03-26 15:07:28,SYS_PAYMENT_RUN
1113,701125,5730.73,2026-02-24 10:49:03,SYS_PAYMENT_RUN
1114,701126,20296.3,2026-07-28 14:53:47,SYS_PAYMENT_RUN
1115,701127,11123.18,2024-10-21 08:02:45,SYS_PAYMENT_RUN
1116,701128,10546.82,2026-03-30 08:20:44,SYS_PAYMENT_RUN
1117,701129,15355.22,2026-05-18 09:32:34,SYS_PAYMENT_RUN
1118,701130,3863.2,2025-06-26 10:45:11,SYS_PAYMENT_RUN
1119,701131,8883.75,2025-09-01 10:02:17,SYS_PAYMENT_RUN
1120,701132,19369.7,2025-01-20 09:22:12,SYS_PAYMENT_RUN
1121,701133,6118.47,2026-01-01 09:31:52,SYS_PAYMENT_RUN
1122,701134,9557.94,2025-08-14 15:25:10,SYS_PAYMENT_RUN
1123,701135,20704.44,2024-12-26 08:10:59,SYS_PAYMENT_RUN
1124,701136,14891.28,2025-09-01 09:12:24,SYS_PAYMENT_RUN
1125,701137,13520.3,2026-03-18 09:36:02,SYS_PAYMENT_RUN
1126,701138,17655.23,2025-02-24 10:12:54,SYS_PAYMENT_RUN
1127,701139,16159.82,2025-06-23 11:07:48,SYS_PAYMENT_RUN
1128,701140,8975.81,2025-11-07 11:18:17,SYS_PAYMENT_RUN
1129,701141,20805.44,2025-05-26 16:22:05,SYS_PAYMENT_RUN
1130,701142,1731.29,2025-06-30 08:13:54,SYS_PAYMENT_RUN
1131,701143,1290.08,2026-09-09 10:52:09,SYS_PAYMENT_RUN
1132,701144,12010.22,2026-02-27 09:21:53,SYS_PAYMENT_RUN
1133,701145,19222.34,2025-07-24 08:18:39,SYS_PAYMENT_RUN
1134,701146,9522.21,2025-12-23 08:24:57,SYS_PAYMENT_RUN
1135,701147,2291.18,2025-01-16 08:44:11,SYS_PAYMENT_RUN
1136,701148,1974.66,2025-03-24 08:52:59,SYS_PAYMENT_RUN
1137,701149,6903.98,2026-01-19 15:31:17,SYS_PAYMENT_RUN
1138,701150,8200.87,2025-02-17 16:38:07,SYS_PAYMENT_RUN
1139,701151,8659.15,2025-05-27 15:05:18,SYS_PAYMENT_RUN
1140,701152,18902.29,2025-01-02 09:24:05,SYS_PAYMENT_RUN
1141,701153,12905.17,2025-02-17 08:21:25,SYS_PAYMENT_RUN
1142,701154,20065.48,2026-01-05 08:21:13,SYS_PAYMENT_RUN
1143,701155,5803.18,2025-04-28 08:01:51,SYS_PAYMENT_RUN
