REQUISITION_HEADER_ID,REQUISITION_NUMBER,PREPARER,REQ_BU,CREATION_DATE
300001,REQ200001,S.HASSAN,AD_HQ,2026-02-16 10:44:11
300003,REQ200003,L.NAIR,AD_HQ,2025-08-08 09:00:18
300004,REQ200004,N.SAEED,AD_HQ,2026-05-01 08:38:54
300005,REQ200005,N.SAEED,AD_FACILITIES,2026-06-01 17:02:17
300006,REQ200006,A.KHAN,AD_FACILITIES,2025-01-03 16:57:17
300009,REQ200009,R.MENON,AD_HQ,2025-05-06 08:27:38
300010,REQ200010,M.RAHMAN,AD_OPERATIONS,2025-03-21 09:04:32
300011,REQ200011,N.SAEED,AD_HQ,2025-03-03 08:05:25
300013,REQ200013,M.RAHMAN,AD_OPERATIONS,2026-02-16 08:18:47
300017,REQ200017,L.NAIR,AD_FACILITIES,2025-03-10 15:51:47
300018,REQ200018,F.ALI,AD_OPERATIONS,2026-04-13 09:21:26
300019,REQ200019,A.KHAN,AD_FACILITIES,2025-03-19 14:26:59
300020,REQ200020,R.MENON,AD_HQ,2026-04-29 09:05:26
300022,REQ200022,R.MENON,AD_FACILITIES,2025-09-08 11:19:46
300023,REQ200023,J.THOMAS,AD_OPERATIONS,2025-09-11 08:22:12
300024,REQ200024,N.SAEED,AD_HQ,2026-03-31 09:00:03
300025,REQ200025,F.ALI,AD_HQ,2025-11-10 10:28:03
300026,REQ200026,F.ALI,AD_OPERATIONS,2026-06-17 09:28:44
300027,REQ200027,S.HASSAN,AD_HQ,2025-10-13 08:52:35
300028,REQ200028,S.HASSAN,AD_HQ,2025-07-28 10:29:22
300030,REQ200030,M.RAHMAN,AD_FACILITIES,2025-10-14 13:31:53
300033,REQ200033,S.HASSAN,AD_FACILITIES,2025-08-05 09:46:13
300035,REQ200035,N.SAEED,AD_FACILITIES,2026-08-27 10:36:44
300036,REQ200036,N.SAEED,AD_FACILITIES,2026-07-30 14:17:54
300038,REQ200038,J.THOMAS,AD_HQ,2026-08-14 09:37:15
300039,REQ200039,A.KHAN,AD_OPERATIONS,2024-11-11 08:32:37
300040,REQ200040,R.MENON,AD_FACILITIES,2025-08-18 10:45:43
300041,REQ200041,R.MENON,AD_HQ,2025-11-03 10:56:58
300042,REQ200042,F.ALI,AD_FACILITIES,2025-04-21 09:17:44
300043,REQ200043,N.SAEED,AD_HQ,2025-03-31 11:29:46
300044,REQ200044,L.NAIR,AD_FACILITIES,2025-11-10 09:43:07
300045,REQ200045,A.KHAN,AD_OPERATIONS,2025-06-11 08:38:09
300046,REQ200046,J.THOMAS,AD_OPERATIONS,2026-04-13 09:24:48
300047,REQ200047,L.NAIR,AD_OPERATIONS,2025-10-07 10:44:10
300048,REQ200048,N.SAEED,AD_FACILITIES,2025-04-07 13:59:03
300050,REQ200050,M.RAHMAN,AD_HQ,2025-04-28 10:17:41
300051,REQ200051,N.SAEED,AD_OPERATIONS,2026-05-22 08:07:33
300052,REQ200052,N.SAEED,AD_FACILITIES,2026-07-06 08:48:05
300053,REQ200053,N.SAEED,AD_HQ,2024-11-13 09:32:44
300054,REQ200054,M.RAHMAN,AD_OPERATIONS,2025-11-10 09:10:57
300056,REQ200056,A.KHAN,AD_OPERATIONS,2026-02-23 11:27:39
300057,REQ200057,L.NAIR,AD_HQ,2025-04-04 08:01:44
300058,REQ200058,J.THOMAS,AD_FACILITIES,2024-12-02 17:18:06
300059,REQ200059,F.ALI,AD_HQ,2026-07-20 08:51:54
300060,REQ200060,M.RAHMAN,AD_FACILITIES,2025-05-26 08:15:00
300061,REQ200061,R.MENON,AD_HQ,2025-10-22 10:18:08
300062,REQ200062,N.SAEED,AD_FACILITIES,2026-09-07 08:51:16
300064,REQ200064,R.MENON,AD_HQ,2025-09-29 10:59:06
300065,REQ200065,A.KHAN,AD_OPERATIONS,2026-09-07 16:16:27
300066,REQ200066,R.MENON,AD_OPERATIONS,2024-11-08 09:05:47
300067,REQ200067,R.MENON,AD_HQ,2025-10-08 10:21:56
300068,REQ200068,J.THOMAS,AD_HQ,2026-08-28 09:45:03
300069,REQ200069,N.SAEED,AD_HQ,2026-07-14 12:39:04
300071,REQ200071,N.SAEED,AD_HQ,2026-06-02 08:29:19
300072,REQ200072,F.ALI,AD_FACILITIES,2026-02-04 10:08:59
300073,REQ200073,J.THOMAS,AD_HQ,2026-07-14 17:06:22
300074,REQ200074,F.ALI,AD_FACILITIES,2026-07-09 17:09:33
300075,REQ200075,L.NAIR,AD_FACILITIES,2025-08-11 09:52:21
300076,REQ200076,L.NAIR,AD_FACILITIES,2025-02-17 08:26:07
300077,REQ200077,L.NAIR,AD_OPERATIONS,2026-01-19 10:43:46
300078,REQ200078,L.NAIR,AD_OPERATIONS,2025-08-11 12:39:42
300079,REQ200079,N.SAEED,AD_OPERATIONS,2026-03-03 09:59:43
300080,REQ200080,A.KHAN,AD_FACILITIES,2026-01-12 09:16:34
300081,REQ200081,S.HASSAN,AD_OPERATIONS,2025-08-11 08:54:37
300083,REQ200083,A.KHAN,AD_HQ,2024-10-09 10:49:50
300084,REQ200084,A.KHAN,AD_HQ,2025-12-08 10:36:04
300085,REQ200085,N.SAEED,AD_FACILITIES,2024-11-15 14:40:39
300086,REQ200086,R.MENON,AD_FACILITIES,2024-10-21 10:17:00
300087,REQ200087,R.MENON,AD_FACILITIES,2025-07-23 08:11:49
300088,REQ200088,M.RAHMAN,AD_FACILITIES,2025-01-22 09:46:20
300089,REQ200089,F.ALI,AD_HQ,2025-04-29 17:18:08
300090,REQ200090,S.HASSAN,AD_HQ,2025-02-27 09:59:44
300091,REQ200091,A.KHAN,AD_OPERATIONS,2025-11-07 15:33:47
300092,REQ200092,A.KHAN,AD_FACILITIES,2025-01-15 09:05:34
300093,REQ200093,J.THOMAS,AD_HQ,2026-02-09 08:19:33
300094,REQ200094,J.THOMAS,AD_HQ,2026-01-13 16:56:56
300095,REQ200095,F.ALI,AD_FACILITIES,2026-04-13 13:49:06
300096,REQ200096,L.NAIR,AD_HQ,2026-04-07 09:29:51
300097,REQ200097,R.MENON,AD_HQ,2024-10-07 09:15:45
300098,REQ200098,R.MENON,AD_FACILITIES,2026-06-01 09:33:47
300099,REQ200099,A.KHAN,AD_FACILITIES,2026-04-13 09:01:19
300100,REQ200100,F.ALI,AD_OPERATIONS,2024-10-14 10:35:18
300101,REQ200101,S.HASSAN,AD_HQ,2025-02-10 10:21:19
300102,REQ200102,M.RAHMAN,AD_OPERATIONS,2026-04-06 12:15:08
300104,REQ200104,M.RAHMAN,AD_FACILITIES,2024-11-26 10:05:20
300105,REQ200105,F.ALI,AD_OPERATIONS,2025-03-20 09:46:40
300106,REQ200106,L.NAIR,AD_HQ,2026-01-13 10:36:54
300107,REQ200107,S.HASSAN,AD_OPERATIONS,2025-08-25 15:24:40
300109,REQ200109,F.ALI,AD_OPERATIONS,2025-09-23 10:04:18
300110,REQ200110,R.MENON,AD_HQ,2025-09-12 08:26:11
300111,REQ200111,S.HASSAN,AD_HQ,2026-05-04 10:52:07
300112,REQ200112,F.ALI,AD_FACILITIES,2025-12-15 10:50:16
300113,REQ200113,L.NAIR,AD_HQ,2026-06-18 14:52:56
300114,REQ200114,L.NAIR,AD_OPERATIONS,2025-11-07 08:42:51
300115,REQ200115,F.ALI,AD_OPERATIONS,2026-07-13 12:56:58
300116,REQ200116,F.ALI,AD_OPERATIONS,2026-01-05 08:07:30
300117,REQ200117,M.RAHMAN,AD_OPERATIONS,2025-03-10 08:50:27
300118,REQ200118,S.HASSAN,AD_FACILITIES,2025-09-24 10:39:11
300119,REQ200119,M.RAHMAN,AD_HQ,2025-09-17 12:41:09
300120,REQ200120,S.HASSAN,AD_HQ,2025-04-07 09:51:33
300121,REQ200121,S.HASSAN,AD_HQ,2026-06-10 10:32:13
300122,REQ200122,M.RAHMAN,AD_FACILITIES,2026-02-03 09:54:42
300123,REQ200123,F.ALI,AD_FACILITIES,2025-03-03 09:28:15
300124,REQ200124,L.NAIR,AD_HQ,2026-05-25 10:21:54
300125,REQ200125,R.MENON,AD_HQ,2025-01-30 15:18:31
300126,REQ200126,N.SAEED,AD_HQ,2026-03-20 08:00:47
300127,REQ200127,S.HASSAN,AD_HQ,2025-01-29 10:52:32
300128,REQ200128,J.THOMAS,AD_HQ,2025-12-08 12:17:36
300129,REQ200129,L.NAIR,AD_OPERATIONS,2025-08-18 17:06:21
300130,REQ200130,A.KHAN,AD_HQ,2025-08-08 14:07:48
300131,REQ200131,R.MENON,AD_FACILITIES,2026-01-06 09:44:44
300132,REQ200132,A.KHAN,AD_HQ,2025-11-07 09:16:05
300133,REQ200133,F.ALI,AD_HQ,2026-04-27 09:58:01
300134,REQ200134,J.THOMAS,AD_OPERATIONS,2025-07-07 10:47:20
300135,REQ200135,N.SAEED,AD_FACILITIES,2026-06-29 09:13:10
300136,REQ200136,N.SAEED,AD_OPERATIONS,2025-12-30 09:42:29
300137,REQ200137,F.ALI,AD_OPERATIONS,2025-05-08 08:35:19
300138,REQ200138,S.HASSAN,AD_HQ,2025-06-30 09:53:03
300142,REQ200142,L.NAIR,AD_OPERATIONS,2024-12-31 10:27:06
300144,REQ200144,L.NAIR,AD_FACILITIES,2025-12-30 08:48:46
300146,REQ200146,J.THOMAS,AD_FACILITIES,2025-10-31 09:46:39
300147,REQ200147,M.RAHMAN,AD_HQ,2026-07-16 10:55:15
300148,REQ200148,F.ALI,AD_FACILITIES,2025-08-15 16:45:14
300149,REQ200149,S.HASSAN,AD_HQ,2026-01-27 09:24:28
300150,REQ200150,A.KHAN,AD_FACILITIES,2026-05-04 10:42:34
300151,REQ200151,F.ALI,AD_FACILITIES,2026-01-28 16:46:22
300152,REQ200152,J.THOMAS,AD_HQ,2024-12-05 14:35:28
300153,REQ200153,N.SAEED,AD_HQ,2026-08-26 09:24:13
300154,REQ200154,L.NAIR,AD_OPERATIONS,2026-07-24 08:06:28
300155,REQ200155,N.SAEED,AD_OPERATIONS,2025-06-12 13:27:41
300156,REQ200156,L.NAIR,AD_OPERATIONS,2026-01-15 17:13:33
300157,REQ200157,A.KHAN,AD_HQ,2025-05-15 09:53:38
300158,REQ200158,L.NAIR,AD_OPERATIONS,2026-04-20 08:54:16
300159,REQ200159,N.SAEED,AD_FACILITIES,2026-02-09 08:50:08
300160,REQ200160,L.NAIR,AD_FACILITIES,2026-06-05 08:08:17
300161,REQ200161,N.SAEED,AD_OPERATIONS,2025-10-30 08:27:52
300162,REQ200162,M.RAHMAN,AD_HQ,2025-07-31 10:59:32
300163,REQ200163,M.RAHMAN,AD_OPERATIONS,2025-06-11 08:22:58
300164,REQ200164,N.SAEED,AD_OPERATIONS,2026-02-23 17:44:51
300165,REQ200165,N.SAEED,AD_HQ,2026-07-27 09:01:38
300168,REQ200168,J.THOMAS,AD_FACILITIES,2025-04-11 10:40:47
300169,REQ200169,M.RAHMAN,AD_OPERATIONS,2026-08-17 09:22:53
300170,REQ200170,M.RAHMAN,AD_OPERATIONS,2025-10-29 10:34:42
300171,REQ200171,R.MENON,AD_OPERATIONS,2025-02-03 08:00:10
300172,REQ200172,F.ALI,AD_HQ,2025-06-13 09:25:57
300173,REQ200173,F.ALI,AD_HQ,2025-08-22 08:59:10
300174,REQ200174,R.MENON,AD_OPERATIONS,2025-06-03 10:31:16
300175,REQ200175,N.SAEED,AD_FACILITIES,2026-07-06 08:31:32
300176,REQ200176,F.ALI,AD_OPERATIONS,2025-06-09 11:40:09
300177,REQ200177,F.ALI,AD_OPERATIONS,2024-10-21 09:53:43
300178,REQ200178,J.THOMAS,AD_FACILITIES,2025-12-29 15:23:15
300179,REQ200179,N.SAEED,AD_FACILITIES,2025-02-03 15:59:07
300180,REQ200180,N.SAEED,AD_FACILITIES,2025-05-19 08:03:00
300182,REQ200182,M.RAHMAN,AD_OPERATIONS,2025-06-18 09:55:38
300183,REQ200183,A.KHAN,AD_OPERATIONS,2025-03-07 10:17:59
300184,REQ200184,A.KHAN,AD_OPERATIONS,2026-01-19 17:09:33
300185,REQ200185,S.HASSAN,AD_HQ,2026-05-14 08:03:31
300187,REQ200187,L.NAIR,AD_FACILITIES,2026-03-16 09:40:40
300188,REQ200188,R.MENON,AD_OPERATIONS,2025-07-07 10:36:30
300189,REQ200189,N.SAEED,AD_HQ,2026-04-06 10:50:55
300190,REQ200190,R.MENON,AD_FACILITIES,2026-06-18 10:05:37
300191,REQ200191,M.RAHMAN,AD_HQ,2026-07-09 14:11:51
300192,REQ200192,S.HASSAN,AD_HQ,2025-08-05 12:48:25
300193,REQ200193,J.THOMAS,AD_OPERATIONS,2026-08-03 08:31:53
300194,REQ200194,S.HASSAN,AD_FACILITIES,2026-05-18 09:55:56
300196,REQ200196,F.ALI,AD_OPERATIONS,2025-04-28 08:58:27
300197,REQ200197,L.NAIR,AD_FACILITIES,2026-09-07 12:32:37
300198,REQ200198,M.RAHMAN,AD_HQ,2026-03-09 09:53:03
300199,REQ200199,S.HASSAN,AD_HQ,2025-08-21 10:32:35
300200,REQ200200,A.KHAN,AD_OPERATIONS,2025-10-24 12:58:20
300201,REQ200201,F.ALI,AD_OPERATIONS,2025-01-21 10:25:54
300202,REQ200202,S.HASSAN,AD_FACILITIES,2025-02-17 10:54:53
300204,REQ200204,L.NAIR,AD_OPERATIONS,2026-06-22 08:40:53
300205,REQ200205,F.ALI,AD_HQ,2025-04-07 08:08:34
300207,REQ200207,F.ALI,AD_HQ,2026-06-02 14:12:06
300208,REQ200208,L.NAIR,AD_HQ,2025-11-19 09:49:34
300209,REQ200209,M.RAHMAN,AD_FACILITIES,2026-01-29 09:02:05
300210,REQ200210,N.SAEED,AD_HQ,2025-07-14 09:57:06
300212,REQ200212,N.SAEED,AD_HQ,2026-08-11 12:09:30
300213,REQ200213,L.NAIR,AD_OPERATIONS,2025-11-03 17:23:46
300214,REQ200214,F.ALI,AD_HQ,2025-04-18 09:34:33
300215,REQ200215,F.ALI,AD_HQ,2026-08-27 13:20:19
300216,REQ200216,A.KHAN,AD_OPERATIONS,2026-03-26 09:18:12
300217,REQ200217,J.THOMAS,AD_FACILITIES,2025-06-30 14:36:35
300220,REQ200220,R.MENON,AD_FACILITIES,2025-07-11 08:54:41
300222,REQ200222,L.NAIR,AD_HQ,2025-05-27 10:45:15
300223,REQ200223,F.ALI,AD_HQ,2025-07-07 08:14:56
300224,REQ200224,J.THOMAS,AD_FACILITIES,2025-09-15 17:06:02
300225,REQ200225,M.RAHMAN,AD_OPERATIONS,2024-10-11 16:20:38
300227,REQ200227,S.HASSAN,AD_OPERATIONS,2025-02-20 10:22:57
300229,REQ200229,N.SAEED,AD_OPERATIONS,2026-01-20 08:49:05
300230,REQ200230,F.ALI,AD_HQ,2025-07-15 09:49:58
300232,REQ200232,A.KHAN,AD_HQ,2025-06-09 10:41:44
300233,REQ200233,M.RAHMAN,AD_HQ,2026-04-07 08:53:44
300234,REQ200234,M.RAHMAN,AD_HQ,2025-05-12 09:06:38
300235,REQ200235,N.SAEED,AD_FACILITIES,2025-10-20 08:19:10
300236,REQ200236,R.MENON,AD_OPERATIONS,2025-04-07 08:25:33
300237,REQ200237,M.RAHMAN,AD_OPERATIONS,2025-01-30 11:44:43
300238,REQ200238,J.THOMAS,AD_OPERATIONS,2025-05-30 12:40:15
300239,REQ200239,M.RAHMAN,AD_FACILITIES,2025-12-15 10:40:42
300240,REQ200240,A.KHAN,AD_FACILITIES,2025-11-10 09:05:46
300241,REQ200241,L.NAIR,AD_HQ,2024-10-17 10:48:28
300242,REQ200242,A.KHAN,AD_FACILITIES,2025-03-13 09:40:55
300243,REQ200243,N.SAEED,AD_OPERATIONS,2025-07-03 16:16:51
300244,REQ200244,R.MENON,AD_HQ,2025-05-22 08:58:09
300245,REQ200245,J.THOMAS,AD_OPERATIONS,2026-01-06 10:38:29
300246,REQ200246,L.NAIR,AD_FACILITIES,2025-10-02 10:45:56
300247,REQ200247,L.NAIR,AD_HQ,2025-09-17 09:32:24
300249,REQ200249,S.HASSAN,AD_HQ,2025-04-14 10:52:31
300250,REQ200250,R.MENON,AD_OPERATIONS,2025-06-09 09:44:56
300251,REQ200251,N.SAEED,AD_OPERATIONS,2025-05-12 12:24:03
300252,REQ200252,F.ALI,AD_FACILITIES,2026-03-16 08:30:56
300253,REQ200253,R.MENON,AD_FACILITIES,2026-05-04 09:58:00
300254,REQ200254,R.MENON,AD_FACILITIES,2025-08-29 09:19:30
300255,REQ200255,F.ALI,AD_HQ,2025-02-03 10:46:42
300256,REQ200256,J.THOMAS,AD_FACILITIES,2025-05-15 10:52:38
300257,REQ200257,N.SAEED,AD_HQ,2025-06-24 16:00:42
300258,REQ200258,L.NAIR,AD_OPERATIONS,2024-11-18 17:55:33
300261,REQ200261,R.MENON,AD_HQ,2025-03-06 08:47:08
300262,REQ200262,F.ALI,AD_HQ,2025-01-27 09:45:48
300263,REQ200263,N.SAEED,AD_HQ,2024-11-18 10:03:41
300264,REQ200264,L.NAIR,AD_HQ,2026-07-20 10:18:50
300266,REQ200266,F.ALI,AD_HQ,2026-03-02 08:39:36
300267,REQ200267,N.SAEED,AD_OPERATIONS,2024-11-25 09:58:26
300269,REQ200269,S.HASSAN,AD_FACILITIES,2026-01-05 09:46:11
300270,REQ200270,S.HASSAN,AD_HQ,2024-12-09 10:26:41
300271,REQ200271,M.RAHMAN,AD_OPERATIONS,2025-02-14 16:23:25
300272,REQ200272,M.RAHMAN,AD_FACILITIES,2026-06-23 08:18:15
300273,REQ200273,L.NAIR,AD_OPERATIONS,2026-07-10 08:49:48
300276,REQ200276,F.ALI,AD_HQ,2026-05-05 09:45:29
300277,REQ200277,M.RAHMAN,AD_HQ,2025-10-24 17:23:09
300278,REQ200278,M.RAHMAN,AD_FACILITIES,2025-01-15 10:36:44
300279,REQ200279,M.RAHMAN,AD_OPERATIONS,2026-04-27 10:12:44
300280,REQ200280,S.HASSAN,AD_OPERATIONS,2025-09-02 09:26:04
300281,REQ200281,F.ALI,AD_FACILITIES,2024-10-28 08:05:17
300282,REQ200282,J.THOMAS,AD_OPERATIONS,2026-05-04 10:40:36
300284,REQ200284,N.SAEED,AD_HQ,2025-08-21 09:37:55
300285,REQ200285,F.ALI,AD_HQ,2025-05-12 10:14:00
300286,REQ200286,N.SAEED,AD_OPERATIONS,2025-03-10 08:42:13
300287,REQ200287,J.THOMAS,AD_OPERATIONS,2026-04-10 08:25:58
300288,REQ200288,R.MENON,AD_OPERATIONS,2024-12-12 15:43:15
300289,REQ200289,F.ALI,AD_FACILITIES,2026-01-26 08:25:58
300290,REQ200290,N.SAEED,AD_HQ,2026-03-25 08:35:55
300291,REQ200291,R.MENON,AD_FACILITIES,2025-12-15 10:40:19
300292,REQ200292,L.NAIR,AD_OPERATIONS,2025-02-18 09:52:01
300293,REQ200293,M.RAHMAN,AD_OPERATIONS,2025-04-24 10:08:58
300294,REQ200294,F.ALI,AD_FACILITIES,2026-05-21 09:00:33
300295,REQ200295,M.RAHMAN,AD_HQ,2026-01-07 08:04:18
300296,REQ200296,S.HASSAN,AD_HQ,2026-06-22 10:00:28
300298,REQ200298,M.RAHMAN,AD_HQ,2025-11-13 09:55:36
300302,REQ200302,L.NAIR,AD_FACILITIES,2026-07-23 16:11:02
300303,REQ200303,A.KHAN,AD_OPERATIONS,2026-01-28 09:23:41
300304,REQ200304,N.SAEED,AD_HQ,2025-07-14 10:35:23
300305,REQ200305,R.MENON,AD_OPERATIONS,2026-09-16 08:38:35
300307,REQ200307,J.THOMAS,AD_FACILITIES,2025-01-15 09:18:41
300308,REQ200308,A.KHAN,AD_FACILITIES,2024-11-29 16:52:25
300309,REQ200309,F.ALI,AD_OPERATIONS,2026-02-23 09:57:06
300310,REQ200310,J.THOMAS,AD_OPERATIONS,2025-07-18 17:47:14
300311,REQ200311,M.RAHMAN,AD_HQ,2026-05-28 09:48:43
300312,REQ200312,S.HASSAN,AD_OPERATIONS,2026-01-16 08:07:50
300313,REQ200313,S.HASSAN,AD_OPERATIONS,2025-05-12 09:55:02
300314,REQ200314,M.RAHMAN,AD_OPERATIONS,2025-12-15 11:46:00
300315,REQ200315,F.ALI,AD_OPERATIONS,2026-02-11 10:24:44
300316,REQ200316,F.ALI,AD_HQ,2026-05-19 10:24:06
300318,REQ200318,J.THOMAS,AD_FACILITIES,2026-05-18 14:58:08
300319,REQ200319,R.MENON,AD_FACILITIES,2025-03-24 10:30:05
300320,REQ200320,A.KHAN,AD_FACILITIES,2025-05-20 14:39:22
300322,REQ200322,N.SAEED,AD_OPERATIONS,2025-11-03 10:18:15
300323,REQ200323,S.HASSAN,AD_HQ,2025-07-14 11:57:40
300324,REQ200324,S.HASSAN,AD_OPERATIONS,2026-06-22 10:23:15
300325,REQ200325,R.MENON,AD_HQ,2025-11-06 11:00:09
300326,REQ200326,F.ALI,AD_OPERATIONS,2025-07-14 08:36:02
300327,REQ200327,F.ALI,AD_FACILITIES,2026-09-14 17:17:56
300328,REQ200328,L.NAIR,AD_OPERATIONS,2025-12-15 14:28:28
300331,REQ200331,L.NAIR,AD_FACILITIES,2025-06-26 10:30:40
300333,REQ200333,A.KHAN,AD_OPERATIONS,2026-07-28 08:36:27
300334,REQ200334,M.RAHMAN,AD_HQ,2025-01-14 11:25:28
300335,REQ200335,S.HASSAN,AD_OPERATIONS,2025-08-05 09:08:53
300336,REQ200336,F.ALI,AD_FACILITIES,2026-07-09 08:34:27
300338,REQ200338,F.ALI,AD_HQ,2025-03-10 09:14:29
300339,REQ200339,L.NAIR,AD_FACILITIES,2026-09-09 10:36:03
300340,REQ200340,S.HASSAN,AD_FACILITIES,2025-08-19 08:44:43
300341,REQ200341,R.MENON,AD_HQ,2024-12-26 13:14:30
300342,REQ200342,A.KHAN,AD_OPERATIONS,2025-03-07 17:20:17
300343,REQ200343,J.THOMAS,AD_FACILITIES,2025-05-07 08:25:57
300344,REQ200344,J.THOMAS,AD_FACILITIES,2025-05-05 10:27:40
300345,REQ200345,J.THOMAS,AD_FACILITIES,2025-08-25 08:16:51
300347,REQ200347,S.HASSAN,AD_HQ,2026-02-09 10:57:50
300348,REQ200348,S.HASSAN,AD_OPERATIONS,2024-11-18 16:37:10
300350,REQ200350,A.KHAN,AD_OPERATIONS,2026-03-20 08:14:03
300351,REQ200351,A.KHAN,AD_OPERATIONS,2025-02-18 09:18:52
300353,REQ200353,M.RAHMAN,AD_HQ,2026-05-18 14:49:13
300354,REQ200354,M.RAHMAN,AD_FACILITIES,2025-12-11 12:26:15
300355,REQ200355,S.HASSAN,AD_OPERATIONS,2026-02-05 17:10:11
300356,REQ200356,A.KHAN,AD_FACILITIES,2026-07-06 16:20:02
300357,REQ200357,A.KHAN,AD_FACILITIES,2025-12-23 14:12:39
300358,REQ200358,R.MENON,AD_FACILITIES,2026-06-22 10:35:42
300359,REQ200359,S.HASSAN,AD_FACILITIES,2026-07-24 16:47:47
300360,REQ200360,J.THOMAS,AD_FACILITIES,2025-06-13 13:36:30
300361,REQ200361,F.ALI,AD_FACILITIES,2025-05-08 17:19:21
300362,REQ200362,M.RAHMAN,AD_FACILITIES,2026-01-22 08:43:45
300363,REQ200363,J.THOMAS,AD_HQ,2025-03-05 16:59:19
300364,REQ200364,S.HASSAN,AD_HQ,2026-07-13 08:39:49
300365,REQ200365,A.KHAN,AD_FACILITIES,2025-07-21 10:18:52
300366,REQ200366,L.NAIR,AD_OPERATIONS,2026-05-04 09:50:23
300367,REQ200367,L.NAIR,AD_OPERATIONS,2024-12-27 08:50:36
300368,REQ200368,S.HASSAN,AD_OPERATIONS,2025-06-06 08:06:11
300369,REQ200369,S.HASSAN,AD_FACILITIES,2026-04-24 09:31:29
300370,REQ200370,R.MENON,AD_FACILITIES,2026-08-19 16:29:52
300371,REQ200371,S.HASSAN,AD_FACILITIES,2026-07-23 08:55:23
300372,REQ200372,R.MENON,AD_OPERATIONS,2025-01-06 15:23:42
300374,REQ200374,M.RAHMAN,AD_OPERATIONS,2025-12-16 08:43:59
300376,REQ200376,M.RAHMAN,AD_HQ,2025-03-28 09:47:21
300378,REQ200378,A.KHAN,AD_FACILITIES,2026-03-30 09:26:15
300379,REQ200379,F.ALI,AD_FACILITIES,2025-07-28 08:25:36
300380,REQ200380,J.THOMAS,AD_HQ,2024-10-21 10:05:44
300381,REQ200381,L.NAIR,AD_HQ,2025-02-28 08:19:21
300382,REQ200382,A.KHAN,AD_OPERATIONS,2026-09-11 08:05:01
300383,REQ200383,L.NAIR,AD_FACILITIES,2026-01-27 08:05:11
300384,REQ200384,N.SAEED,AD_FACILITIES,2026-05-21 08:57:19
300385,REQ200385,J.THOMAS,AD_OPERATIONS,2025-06-18 10:33:26
300386,REQ200386,M.RAHMAN,AD_FACILITIES,2025-05-30 10:48:03
300387,REQ200387,R.MENON,AD_HQ,2025-05-08 10:19:43
300388,REQ200388,L.NAIR,AD_OPERATIONS,2026-04-10 09:00:25
300390,REQ200390,L.NAIR,AD_HQ,2026-06-29 10:00:09
300391,REQ200391,J.THOMAS,AD_FACILITIES,2025-01-31 17:26:10
300392,REQ200392,A.KHAN,AD_FACILITIES,2026-02-02 08:14:42
300393,REQ200393,J.THOMAS,AD_FACILITIES,2025-07-02 12:15:07
300395,REQ200395,A.KHAN,AD_HQ,2024-12-09 10:03:08
300396,REQ200396,M.RAHMAN,AD_OPERATIONS,2025-10-31 08:37:45
300397,REQ200397,M.RAHMAN,AD_FACILITIES,2025-10-14 09:31:21
300398,REQ200398,R.MENON,AD_OPERATIONS,2025-03-06 17:20:46
300399,REQ200399,M.RAHMAN,AD_HQ,2024-11-05 16:28:18
300400,REQ200400,S.HASSAN,AD_FACILITIES,2025-09-30 08:01:15
300401,REQ200401,N.SAEED,AD_OPERATIONS,2026-01-07 10:27:52
300403,REQ200403,S.HASSAN,AD_HQ,2025-07-23 09:02:22
300405,REQ200405,S.HASSAN,AD_HQ,2024-10-14 08:59:57
300406,REQ200406,L.NAIR,AD_FACILITIES,2025-09-12 11:46:05
300407,REQ200407,L.NAIR,AD_FACILITIES,2026-03-18 09:58:19
300408,REQ200408,S.HASSAN,AD_OPERATIONS,2025-04-07 15:04:56
300412,REQ200412,J.THOMAS,AD_FACILITIES,2026-02-12 08:57:49
300413,REQ200413,R.MENON,AD_HQ,2026-01-26 15:33:56
300414,REQ200414,S.HASSAN,AD_OPERATIONS,2025-11-28 12:59:12
300415,REQ200415,N.SAEED,AD_FACILITIES,2025-04-21 15:01:58
300416,REQ200416,N.SAEED,AD_HQ,2025-05-19 09:07:42
300417,REQ200417,L.NAIR,AD_OPERATIONS,2025-10-20 11:11:02
300418,REQ200418,S.HASSAN,AD_HQ,2026-03-09 08:59:36
300419,REQ200419,N.SAEED,AD_HQ,2025-12-02 16:22:21
300420,REQ200420,L.NAIR,AD_HQ,2026-02-10 16:47:21
300421,REQ200421,F.ALI,AD_OPERATIONS,2026-07-27 15:42:00
300423,REQ200423,A.KHAN,AD_HQ,2026-01-14 08:53:46
300424,REQ200424,R.MENON,AD_OPERATIONS,2025-07-28 09:18:42
300425,REQ200425,R.MENON,AD_OPERATIONS,2025-09-01 09:37:30
300426,REQ200426,L.NAIR,AD_OPERATIONS,2025-10-22 10:24:59
300427,REQ200427,S.HASSAN,AD_OPERATIONS,2026-03-13 11:49:33
300429,REQ200429,A.KHAN,AD_HQ,2025-07-07 10:07:58
300430,REQ200430,S.HASSAN,AD_HQ,2026-03-18 13:44:01
300431,REQ200431,A.KHAN,AD_FACILITIES,2026-03-27 10:11:26
300432,REQ200432,A.KHAN,AD_FACILITIES,2025-03-24 09:13:44
300433,REQ200433,N.SAEED,AD_HQ,2024-11-25 09:47:20
300435,REQ200435,L.NAIR,AD_OPERATIONS,2025-03-17 08:35:39
300436,REQ200436,J.THOMAS,AD_FACILITIES,2025-09-23 13:35:49
300437,REQ200437,M.RAHMAN,AD_HQ,2025-11-26 09:00:39
300438,REQ200438,A.KHAN,AD_FACILITIES,2026-06-11 10:58:29
300439,REQ200439,M.RAHMAN,AD_OPERATIONS,2024-11-27 09:06:40
300442,REQ200442,J.THOMAS,AD_HQ,2024-12-19 14:15:46
300443,REQ200443,A.KHAN,AD_FACILITIES,2025-10-13 08:08:54
300444,REQ200444,L.NAIR,AD_HQ,2026-09-14 16:50:13
300445,REQ200445,S.HASSAN,AD_FACILITIES,2026-05-22 17:09:41
300447,REQ200447,J.THOMAS,AD_HQ,2025-11-24 08:36:48
300449,REQ200449,M.RAHMAN,AD_OPERATIONS,2025-01-06 08:43:35
300451,REQ200451,F.ALI,AD_OPERATIONS,2025-08-01 11:45:57
300452,REQ200452,R.MENON,AD_HQ,2026-02-06 10:42:43
300453,REQ200453,L.NAIR,AD_OPERATIONS,2025-03-03 09:43:45
300454,REQ200454,M.RAHMAN,AD_FACILITIES,2024-11-14 08:04:20
300455,REQ200455,F.ALI,AD_OPERATIONS,2025-02-20 10:22:43
300458,REQ200458,N.SAEED,AD_OPERATIONS,2026-01-28 16:00:14
300459,REQ200459,R.MENON,AD_OPERATIONS,2026-01-29 08:51:31
300460,REQ200460,J.THOMAS,AD_OPERATIONS,2024-11-05 09:45:15
300462,REQ200462,L.NAIR,AD_HQ,2025-08-12 09:21:55
300463,REQ200463,N.SAEED,AD_HQ,2024-10-15 08:51:25
300464,REQ200464,L.NAIR,AD_FACILITIES,2026-06-05 10:59:39
300465,REQ200465,S.HASSAN,AD_FACILITIES,2026-05-28 10:20:37
300466,REQ200466,F.ALI,AD_HQ,2025-04-08 10:27:30
300470,REQ200470,F.ALI,AD_FACILITIES,2025-06-05 13:46:18
300471,REQ200471,F.ALI,AD_FACILITIES,2026-01-19 11:55:41
300472,REQ200472,M.RAHMAN,AD_FACILITIES,2024-10-07 14:09:47
300473,REQ200473,N.SAEED,AD_HQ,2026-02-26 09:42:45
300474,REQ200474,L.NAIR,AD_FACILITIES,2026-03-06 10:53:01
300475,REQ200475,M.RAHMAN,AD_HQ,2025-07-21 14:11:51
300476,REQ200476,J.THOMAS,AD_OPERATIONS,2025-03-10 14:08:46
300477,REQ200477,A.KHAN,AD_OPERATIONS,2025-02-12 08:07:33
300478,REQ200478,L.NAIR,AD_OPERATIONS,2025-09-08 08:34:55
300480,REQ200480,N.SAEED,AD_OPERATIONS,2025-02-03 09:24:42
300481,REQ200481,J.THOMAS,AD_OPERATIONS,2025-02-04 10:08:15
300482,REQ200482,S.HASSAN,AD_FACILITIES,2025-11-19 09:01:42
300483,REQ200483,S.HASSAN,AD_HQ,2026-07-06 09:07:07
300484,REQ200484,N.SAEED,AD_OPERATIONS,2025-07-30 09:19:54
300485,REQ200485,S.HASSAN,AD_OPERATIONS,2025-01-08 09:54:06
300486,REQ200486,F.ALI,AD_FACILITIES,2024-11-20 10:15:42
300487,REQ200487,N.SAEED,AD_FACILITIES,2024-10-14 09:42:36
300488,REQ200488,F.ALI,AD_OPERATIONS,2025-04-10 09:49:48
300489,REQ200489,S.HASSAN,AD_HQ,2025-06-23 12:46:42
300490,REQ200490,A.KHAN,AD_OPERATIONS,2026-08-28 10:37:33
300491,REQ200491,J.THOMAS,AD_OPERATIONS,2026-04-27 17:40:01
300492,REQ200492,R.MENON,AD_FACILITIES,2026-01-05 10:51:56
300493,REQ200493,J.THOMAS,AD_FACILITIES,2024-12-09 09:21:54
300494,REQ200494,F.ALI,AD_FACILITIES,2024-12-06 11:27:49
300496,REQ200496,J.THOMAS,AD_HQ,2026-01-12 08:11:01
300497,REQ200497,J.THOMAS,AD_FACILITIES,2026-03-02 16:45:26
300498,REQ200498,N.SAEED,AD_HQ,2025-12-15 10:50:40
300499,REQ200499,R.MENON,AD_HQ,2025-12-29 09:06:51
300500,REQ200500,F.ALI,AD_FACILITIES,2025-05-19 09:02:14
300501,REQ200501,J.THOMAS,AD_HQ,2024-11-11 08:08:35
300502,REQ200502,N.SAEED,AD_FACILITIES,2026-04-10 13:24:30
300503,REQ200503,A.KHAN,AD_FACILITIES,2026-04-13 10:49:31
300504,REQ200504,N.SAEED,AD_HQ,2026-05-28 13:43:54
300505,REQ200505,J.THOMAS,AD_HQ,2026-08-14 10:57:25
300506,REQ200506,R.MENON,AD_FACILITIES,2025-10-24 08:05:58
300507,REQ200507,R.MENON,AD_FACILITIES,2024-11-04 08:11:34
300508,REQ200508,L.NAIR,AD_HQ,2025-06-09 10:41:29
300510,REQ200510,R.MENON,AD_HQ,2026-07-09 17:27:53
300511,REQ200511,J.THOMAS,AD_OPERATIONS,2026-01-20 13:42:23
300512,REQ200512,S.HASSAN,AD_HQ,2025-01-10 08:34:47
300513,REQ200513,R.MENON,AD_OPERATIONS,2026-05-04 13:06:29
300514,REQ200514,S.HASSAN,AD_OPERATIONS,2024-12-19 09:48:02
300516,REQ200516,F.ALI,AD_FACILITIES,2025-12-03 10:45:15
300518,REQ200518,N.SAEED,AD_FACILITIES,2025-05-13 13:15:06
300520,REQ200520,F.ALI,AD_HQ,2025-11-24 13:14:20
300521,REQ200521,J.THOMAS,AD_HQ,2026-02-27 17:50:51
300523,REQ200523,L.NAIR,AD_HQ,2025-12-12 10:51:16
300524,REQ200524,R.MENON,AD_FACILITIES,2025-06-30 12:44:41
300526,REQ200526,R.MENON,AD_FACILITIES,2025-09-01 10:15:04
300527,REQ200527,N.SAEED,AD_OPERATIONS,2026-03-02 08:50:32
300528,REQ200528,M.RAHMAN,AD_OPERATIONS,2025-03-17 10:15:29
300529,REQ200529,N.SAEED,AD_FACILITIES,2026-05-19 10:03:25
300530,REQ200530,J.THOMAS,AD_OPERATIONS,2025-01-14 08:23:15
300531,REQ200531,A.KHAN,AD_OPERATIONS,2026-07-22 10:34:15
300532,REQ200532,R.MENON,AD_HQ,2024-10-07 10:20:12
300533,REQ200533,J.THOMAS,AD_OPERATIONS,2026-07-13 08:51:34
300534,REQ200534,J.THOMAS,AD_HQ,2026-09-14 08:08:05
300535,REQ200535,M.RAHMAN,AD_HQ,2026-08-10 10:10:49
300537,REQ200537,A.KHAN,AD_HQ,2025-05-07 09:31:29
300538,REQ200538,R.MENON,AD_HQ,2026-01-12 10:49:10
300539,REQ200539,A.KHAN,AD_OPERATIONS,2025-09-22 09:42:53
300540,REQ200540,N.SAEED,AD_FACILITIES,2025-02-19 10:32:26
300541,REQ200541,R.MENON,AD_HQ,2026-03-09 16:18:39
300542,REQ200542,S.HASSAN,AD_FACILITIES,2026-08-10 08:09:35
300543,REQ200543,L.NAIR,AD_OPERATIONS,2026-03-25 08:37:30
300544,REQ200544,A.KHAN,AD_FACILITIES,2025-03-31 09:35:26
300545,REQ200545,S.HASSAN,AD_HQ,2024-10-14 10:38:43
300546,REQ200546,L.NAIR,AD_FACILITIES,2026-07-28 08:45:48
300548,REQ200548,F.ALI,AD_HQ,2025-03-31 10:27:45
300549,REQ200549,R.MENON,AD_OPERATIONS,2025-03-27 09:06:38
300550,REQ200550,A.KHAN,AD_HQ,2025-10-06 08:07:05
300551,REQ200551,J.THOMAS,AD_OPERATIONS,2025-01-02 08:00:12
300553,REQ200553,A.KHAN,AD_HQ,2026-08-17 08:26:00
300554,REQ200554,L.NAIR,AD_HQ,2026-07-27 09:47:06
300555,REQ200555,R.MENON,AD_HQ,2025-05-22 09:01:16
300556,REQ200556,F.ALI,AD_OPERATIONS,2025-05-13 08:39:48
300558,REQ200558,N.SAEED,AD_HQ,2026-08-12 08:35:18
300561,REQ200561,N.SAEED,AD_FACILITIES,2026-09-15 08:13:40
300562,REQ200562,J.THOMAS,AD_HQ,2025-10-21 09:29:46
300563,REQ200563,R.MENON,AD_HQ,2026-07-13 13:47:10
300564,REQ200564,A.KHAN,AD_HQ,2025-05-29 10:07:22
300565,REQ200565,A.KHAN,AD_OPERATIONS,2025-11-03 16:08:47
300566,REQ200566,F.ALI,AD_FACILITIES,2026-04-02 17:22:48
300567,REQ200567,L.NAIR,AD_FACILITIES,2025-11-13 09:29:09
300568,REQ200568,A.KHAN,AD_HQ,2024-12-04 10:32:41
300569,REQ200569,J.THOMAS,AD_HQ,2025-11-17 08:03:39
300570,REQ200570,J.THOMAS,AD_HQ,2025-03-17 08:43:55
300571,REQ200571,J.THOMAS,AD_HQ,2025-10-14 11:07:18
300573,REQ200573,S.HASSAN,AD_FACILITIES,2025-11-10 11:02:57
300575,REQ200575,M.RAHMAN,AD_HQ,2025-06-16 10:25:33
300576,REQ200576,N.SAEED,AD_FACILITIES,2025-03-03 14:57:04
300577,REQ200577,F.ALI,AD_HQ,2025-01-14 12:52:11
300578,REQ200578,M.RAHMAN,AD_OPERATIONS,2025-08-05 14:37:38
300579,REQ200579,J.THOMAS,AD_FACILITIES,2025-04-25 08:22:11
300581,REQ200581,L.NAIR,AD_OPERATIONS,2025-01-07 10:34:52
300583,REQ200583,M.RAHMAN,AD_HQ,2025-09-18 10:55:57
300584,REQ200584,R.MENON,AD_FACILITIES,2025-03-31 09:14:35
300585,REQ200585,R.MENON,AD_FACILITIES,2025-06-17 08:52:22
300586,REQ200586,S.HASSAN,AD_FACILITIES,2025-03-03 08:10:08
300587,REQ200587,A.KHAN,AD_OPERATIONS,2025-07-14 09:34:31
300588,REQ200588,N.SAEED,AD_OPERATIONS,2025-08-27 10:31:58
300589,REQ200589,R.MENON,AD_OPERATIONS,2026-09-02 10:38:12
300590,REQ200590,S.HASSAN,AD_OPERATIONS,2026-01-27 08:40:49
300591,REQ200591,J.THOMAS,AD_OPERATIONS,2025-12-29 14:30:26
300592,REQ200592,S.HASSAN,AD_OPERATIONS,2026-05-04 17:17:29
300593,REQ200593,R.MENON,AD_FACILITIES,2026-09-14 08:27:58
300594,REQ200594,J.THOMAS,AD_HQ,2026-01-05 12:33:46
300595,REQ200595,S.HASSAN,AD_FACILITIES,2025-12-18 08:07:28
300596,REQ200596,L.NAIR,AD_HQ,2025-10-06 09:48:58
300597,REQ200597,A.KHAN,AD_OPERATIONS,2026-05-28 09:27:49
300598,REQ200598,F.ALI,AD_OPERATIONS,2026-05-28 11:57:15
300599,REQ200599,A.KHAN,AD_HQ,2024-11-08 14:05:59
300600,REQ200600,A.KHAN,AD_OPERATIONS,2026-06-22 16:26:08
300601,REQ200601,S.HASSAN,AD_FACILITIES,2025-08-11 13:42:23
300602,REQ200602,F.ALI,AD_OPERATIONS,2026-06-29 10:49:41
300603,REQ200603,A.KHAN,AD_FACILITIES,2025-05-15 08:50:10
300605,REQ200605,N.SAEED,AD_HQ,2026-08-18 12:25:14
300606,REQ200606,S.HASSAN,AD_FACILITIES,2026-06-05 10:57:20
300607,REQ200607,R.MENON,AD_OPERATIONS,2025-06-30 16:37:28
300608,REQ200608,L.NAIR,AD_FACILITIES,2024-10-10 10:56:31
300609,REQ200609,L.NAIR,AD_FACILITIES,2025-11-03 08:37:16
300610,REQ200610,R.MENON,AD_HQ,2026-05-27 16:12:24
300611,REQ200611,N.SAEED,AD_HQ,2024-11-27 09:09:15
300612,REQ200612,R.MENON,AD_FACILITIES,2025-03-17 08:51:42
300613,REQ200613,F.ALI,AD_OPERATIONS,2024-12-12 10:24:23
300614,REQ200614,L.NAIR,AD_HQ,2024-12-06 09:18:49
300615,REQ200615,M.RAHMAN,AD_FACILITIES,2025-06-13 14:11:30
300616,REQ200616,F.ALI,AD_FACILITIES,2026-06-22 16:14:49
300618,REQ200618,R.MENON,AD_HQ,2025-01-06 10:12:10
300619,REQ200619,N.SAEED,AD_FACILITIES,2024-12-16 10:10:38
300620,REQ200620,A.KHAN,AD_OPERATIONS,2026-05-04 11:37:53
300621,REQ200621,L.NAIR,AD_HQ,2026-05-27 09:55:06
300622,REQ200622,M.RAHMAN,AD_OPERATIONS,2026-04-27 08:45:01
300623,REQ200623,R.MENON,AD_OPERATIONS,2026-04-22 08:40:15
300624,REQ200624,M.RAHMAN,AD_FACILITIES,2025-09-12 09:20:00
300626,REQ200626,R.MENON,AD_HQ,2026-01-15 11:25:28
300627,REQ200627,M.RAHMAN,AD_FACILITIES,2025-03-27 09:59:22
300628,REQ200628,A.KHAN,AD_HQ,2025-12-12 09:47:29
300629,REQ200629,A.KHAN,AD_HQ,2025-04-23 09:36:20
300630,REQ200630,M.RAHMAN,AD_HQ,2025-01-13 11:26:19
300631,REQ200631,L.NAIR,AD_HQ,2026-06-10 08:28:57
300632,REQ200632,J.THOMAS,AD_FACILITIES,2026-04-22 08:13:19
300633,REQ200633,J.THOMAS,AD_HQ,2024-11-07 10:13:05
300634,REQ200634,L.NAIR,AD_FACILITIES,2026-06-26 11:34:42
300636,REQ200636,L.NAIR,AD_HQ,2024-12-18 10:17:17
300637,REQ200637,S.HASSAN,AD_OPERATIONS,2025-01-10 10:20:36
300638,REQ200638,R.MENON,AD_OPERATIONS,2026-07-14 09:27:44
300639,REQ200639,A.KHAN,AD_HQ,2026-07-23 10:01:32
300640,REQ200640,N.SAEED,AD_OPERATIONS,2025-12-09 10:52:02
300641,REQ200641,R.MENON,AD_OPERATIONS,2025-03-03 08:59:06
300643,REQ200643,A.KHAN,AD_FACILITIES,2025-02-13 08:24:27
300644,REQ200644,F.ALI,AD_HQ,2025-09-15 14:36:28
300645,REQ200645,S.HASSAN,AD_OPERATIONS,2025-02-07 10:05:12
300646,REQ200646,M.RAHMAN,AD_HQ,2025-09-08 09:56:20
300647,REQ200647,S.HASSAN,AD_HQ,2025-07-10 12:58:19
300648,REQ200648,L.NAIR,AD_HQ,2026-01-26 16:49:47
300649,REQ200649,A.KHAN,AD_HQ,2026-07-16 08:20:20
300650,REQ200650,A.KHAN,AD_HQ,2025-12-19 10:22:01
300652,REQ200652,J.THOMAS,AD_HQ,2024-10-21 10:55:22
300653,REQ200653,F.ALI,AD_FACILITIES,2026-08-06 08:41:09
300654,REQ200654,A.KHAN,AD_HQ,2025-01-02 09:06:00
300655,REQ200655,R.MENON,AD_OPERATIONS,2024-10-29 08:50:14
300656,REQ200656,M.RAHMAN,AD_HQ,2026-03-02 09:50:24
300657,REQ200657,A.KHAN,AD_HQ,2026-09-10 09:30:50
300658,REQ200658,S.HASSAN,AD_HQ,2026-08-17 10:10:18
300659,REQ200659,L.NAIR,AD_HQ,2025-12-19 09:50:08
300660,REQ200660,J.THOMAS,AD_OPERATIONS,2025-03-14 09:20:52
300661,REQ200661,S.HASSAN,AD_HQ,2025-06-30 11:28:24
300662,REQ200662,R.MENON,AD_OPERATIONS,2026-01-15 15:57:54
300663,REQ200663,J.THOMAS,AD_HQ,2025-02-24 09:04:06
300664,REQ200664,R.MENON,AD_OPERATIONS,2025-08-28 14:25:04
300665,REQ200665,R.MENON,AD_OPERATIONS,2026-02-26 09:40:28
300666,REQ200666,N.SAEED,AD_FACILITIES,2025-12-22 08:47:58
300667,REQ200667,L.NAIR,AD_HQ,2025-07-23 17:28:07
300668,REQ200668,L.NAIR,AD_FACILITIES,2024-11-25 08:49:01
300669,REQ200669,N.SAEED,AD_FACILITIES,2025-07-07 15:20:25
300670,REQ200670,N.SAEED,AD_HQ,2026-08-03 13:38:35
300671,REQ200671,A.KHAN,AD_HQ,2024-11-18 10:54:53
300672,REQ200672,N.SAEED,AD_FACILITIES,2026-09-07 12:40:02
300673,REQ200673,J.THOMAS,AD_FACILITIES,2025-07-11 09:27:09
300674,REQ200674,N.SAEED,AD_FACILITIES,2025-01-24 08:06:29
300676,REQ200676,J.THOMAS,AD_OPERATIONS,2025-02-18 12:50:51
300677,REQ200677,R.MENON,AD_HQ,2025-10-15 08:38:25
300678,REQ200678,A.KHAN,AD_HQ,2025-09-26 08:43:24
300679,REQ200679,A.KHAN,AD_FACILITIES,2026-04-30 08:40:34
300680,REQ200680,L.NAIR,AD_FACILITIES,2025-08-04 10:37:38
300682,REQ200682,J.THOMAS,AD_HQ,2025-02-05 10:17:48
300683,REQ200683,S.HASSAN,AD_FACILITIES,2025-09-29 10:57:36
300684,REQ200684,S.HASSAN,AD_OPERATIONS,2025-11-28 08:53:23
300685,REQ200685,A.KHAN,AD_OPERATIONS,2025-08-13 09:00:50
300687,REQ200687,A.KHAN,AD_OPERATIONS,2025-12-11 08:49:02
300688,REQ200688,M.RAHMAN,AD_FACILITIES,2025-08-21 13:19:26
300690,REQ200690,R.MENON,AD_OPERATIONS,2025-01-15 16:18:16
300691,REQ200691,R.MENON,AD_OPERATIONS,2024-10-01 10:15:28
300692,REQ200692,L.NAIR,AD_OPERATIONS,2024-10-22 10:55:15
300693,REQ200693,N.SAEED,AD_HQ,2026-06-29 09:18:21
300694,REQ200694,M.RAHMAN,AD_FACILITIES,2024-12-31 10:50:36
300695,REQ200695,L.NAIR,AD_HQ,2026-03-02 10:27:39
300696,REQ200696,J.THOMAS,AD_FACILITIES,2024-12-23 10:43:30
300697,REQ200697,M.RAHMAN,AD_HQ,2026-07-29 16:36:46
300698,REQ200698,R.MENON,AD_HQ,2025-01-06 11:11:43
300699,REQ200699,M.RAHMAN,AD_HQ,2025-08-25 09:23:14
300700,REQ200700,R.MENON,AD_OPERATIONS,2026-01-19 14:13:28
300701,REQ200701,S.HASSAN,AD_OPERATIONS,2026-04-22 08:02:57
300702,REQ200702,R.MENON,AD_OPERATIONS,2025-03-31 10:49:31
300703,REQ200703,A.KHAN,AD_HQ,2026-01-20 08:19:01
300704,REQ200704,M.RAHMAN,AD_FACILITIES,2026-03-11 09:31:25
300705,REQ200705,A.KHAN,AD_HQ,2024-12-24 10:56:35
300707,REQ200707,S.HASSAN,AD_OPERATIONS,2025-06-16 11:52:25
300708,REQ200708,F.ALI,AD_FACILITIES,2026-05-11 11:02:01
300709,REQ200709,F.ALI,AD_HQ,2025-04-28 11:18:57
300710,REQ200710,A.KHAN,AD_HQ,2025-09-08 09:15:58
300711,REQ200711,S.HASSAN,AD_HQ,2026-04-20 10:23:35
300713,REQ200713,R.MENON,AD_FACILITIES,2025-08-25 09:13:40
300714,REQ200714,M.RAHMAN,AD_HQ,2026-04-06 08:18:55
300715,REQ200715,F.ALI,AD_FACILITIES,2026-04-30 10:28:41
300716,REQ200716,M.RAHMAN,AD_FACILITIES,2025-09-15 09:00:48
300718,REQ200718,N.SAEED,AD_OPERATIONS,2026-08-07 08:16:59
300719,REQ200719,L.NAIR,AD_HQ,2025-04-14 08:27:24
300720,REQ200720,L.NAIR,AD_FACILITIES,2025-03-27 11:38:17
300721,REQ200721,M.RAHMAN,AD_HQ,2025-02-17 09:07:46
300722,REQ200722,F.ALI,AD_HQ,2026-08-12 14:43:49
300723,REQ200723,L.NAIR,AD_OPERATIONS,2025-04-21 14:38:28
300724,REQ200724,F.ALI,AD_OPERATIONS,2026-05-21 14:57:33
300725,REQ200725,M.RAHMAN,AD_HQ,2025-01-28 08:51:58
300726,REQ200726,R.MENON,AD_FACILITIES,2024-10-16 12:24:29
300727,REQ200727,M.RAHMAN,AD_FACILITIES,2026-03-16 08:12:56
300728,REQ200728,S.HASSAN,AD_OPERATIONS,2026-08-06 08:17:40
300729,REQ200729,L.NAIR,AD_OPERATIONS,2025-09-08 15:18:51
300730,REQ200730,L.NAIR,AD_HQ,2025-11-21 12:51:57
300731,REQ200731,F.ALI,AD_FACILITIES,2024-11-06 10:21:33
300732,REQ200732,J.THOMAS,AD_OPERATIONS,2024-12-30 08:54:38
300733,REQ200733,A.KHAN,AD_FACILITIES,2026-01-26 10:17:11
300734,REQ200734,N.SAEED,AD_HQ,2025-07-25 12:09:05
300735,REQ200735,J.THOMAS,AD_OPERATIONS,2026-05-20 15:38:32
300736,REQ200736,R.MENON,AD_HQ,2024-11-26 08:22:03
300737,REQ200737,R.MENON,AD_OPERATIONS,2025-03-24 09:01:24
300738,REQ200738,R.MENON,AD_OPERATIONS,2026-07-30 11:30:20
300739,REQ200739,J.THOMAS,AD_HQ,2026-07-02 08:24:07
300740,REQ200740,F.ALI,AD_FACILITIES,2025-03-05 09:58:06
300742,REQ200742,F.ALI,AD_HQ,2025-04-18 09:06:59
300743,REQ200743,M.RAHMAN,AD_FACILITIES,2026-09-02 12:12:29
300744,REQ200744,N.SAEED,AD_FACILITIES,2026-06-16 11:17:21
300747,REQ200747,S.HASSAN,AD_FACILITIES,2024-12-23 10:35:52
300748,REQ200748,M.RAHMAN,AD_FACILITIES,2025-07-01 10:05:25
300749,REQ200749,M.RAHMAN,AD_OPERATIONS,2026-05-15 17:22:13
300750,REQ200750,S.HASSAN,AD_HQ,2026-04-20 08:54:02
300751,REQ200751,A.KHAN,AD_FACILITIES,2026-01-01 09:37:39
300753,REQ200753,R.MENON,AD_HQ,2025-11-06 15:43:21
300754,REQ200754,A.KHAN,AD_HQ,2025-03-21 11:53:06
300755,REQ200755,N.SAEED,AD_FACILITIES,2025-07-11 08:00:17
300756,REQ200756,J.THOMAS,AD_OPERATIONS,2025-10-30 08:52:23
300758,REQ200758,N.SAEED,AD_FACILITIES,2025-05-15 09:42:00
300760,REQ200760,A.KHAN,AD_OPERATIONS,2025-10-07 09:54:36
300761,REQ200761,M.RAHMAN,AD_OPERATIONS,2025-04-22 09:07:35
300762,REQ200762,R.MENON,AD_OPERATIONS,2026-08-06 08:16:10
300763,REQ200763,A.KHAN,AD_OPERATIONS,2025-12-11 09:37:35
300764,REQ200764,A.KHAN,AD_HQ,2025-01-20 08:09:06
300765,REQ200765,A.KHAN,AD_OPERATIONS,2026-01-07 10:49:10
300766,REQ200766,F.ALI,AD_OPERATIONS,2026-01-27 13:43:24
300767,REQ200767,S.HASSAN,AD_FACILITIES,2026-04-20 08:05:37
300768,REQ200768,S.HASSAN,AD_OPERATIONS,2024-10-10 08:49:22
300770,REQ200770,S.HASSAN,AD_OPERATIONS,2024-12-16 10:04:50
300771,REQ200771,J.THOMAS,AD_FACILITIES,2025-05-19 10:38:30
300772,REQ200772,A.KHAN,AD_OPERATIONS,2026-02-03 16:12:51
300773,REQ200773,J.THOMAS,AD_OPERATIONS,2025-10-27 09:23:25
300774,REQ200774,F.ALI,AD_HQ,2025-06-16 10:29:01
300775,REQ200775,L.NAIR,AD_FACILITIES,2025-07-07 09:21:13
300776,REQ200776,S.HASSAN,AD_FACILITIES,2025-03-03 08:35:25
300777,REQ200777,F.ALI,AD_FACILITIES,2026-02-23 10:57:25
300778,REQ200778,R.MENON,AD_HQ,2025-01-30 11:26:02
300779,REQ200779,L.NAIR,AD_HQ,2024-12-30 10:25:22
300780,REQ200780,N.SAEED,AD_HQ,2024-12-09 09:06:00
300781,REQ200781,R.MENON,AD_FACILITIES,2025-04-30 09:18:42
300782,REQ200782,J.THOMAS,AD_OPERATIONS,2025-08-04 08:11:36
300783,REQ200783,F.ALI,AD_OPERATIONS,2025-07-01 10:13:58
300785,REQ200785,N.SAEED,AD_HQ,2025-12-03 14:47:52
300786,REQ200786,N.SAEED,AD_HQ,2025-02-12 17:40:06
300787,REQ200787,S.HASSAN,AD_HQ,2026-01-28 15:28:21
300788,REQ200788,L.NAIR,AD_HQ,2025-02-10 13:31:04
300789,REQ200789,A.KHAN,AD_OPERATIONS,2025-05-12 11:40:19
300790,REQ200790,A.KHAN,AD_FACILITIES,2024-11-07 10:24:35
300791,REQ200791,F.ALI,AD_OPERATIONS,2025-03-07 09:25:38
300792,REQ200792,A.KHAN,AD_OPERATIONS,2025-03-10 10:52:09
300796,REQ200796,N.SAEED,AD_FACILITIES,2026-08-24 08:18:58
300797,REQ200797,A.KHAN,AD_FACILITIES,2025-01-27 17:08:48
300799,REQ200799,N.SAEED,AD_OPERATIONS,2024-12-06 09:49:25
300801,REQ200801,A.KHAN,AD_HQ,2025-02-19 08:14:18
300802,REQ200802,A.KHAN,AD_FACILITIES,2024-12-23 09:43:33
300804,REQ200804,L.NAIR,AD_OPERATIONS,2024-11-27 10:32:01
300806,REQ200806,N.SAEED,AD_OPERATIONS,2025-12-17 10:16:12
300807,REQ200807,L.NAIR,AD_OPERATIONS,2025-08-22 10:15:09
300808,REQ200808,J.THOMAS,AD_HQ,2026-08-05 10:18:28
300809,REQ200809,N.SAEED,AD_FACILITIES,2026-04-06 10:01:07
300810,REQ200810,J.THOMAS,AD_FACILITIES,2025-07-07 10:34:54
300811,REQ200811,J.THOMAS,AD_HQ,2025-06-09 08:40:21
300813,REQ200813,A.KHAN,AD_FACILITIES,2025-04-07 09:45:55
300814,REQ200814,M.RAHMAN,AD_OPERATIONS,2025-01-06 09:04:48
300815,REQ200815,S.HASSAN,AD_HQ,2026-01-22 10:13:34
300816,REQ200816,M.RAHMAN,AD_OPERATIONS,2025-12-30 10:31:53
300819,REQ200819,S.HASSAN,AD_OPERATIONS,2026-08-13 08:43:02
300820,REQ200820,M.RAHMAN,AD_FACILITIES,2025-09-08 08:42:09
300821,REQ200821,L.NAIR,AD_OPERATIONS,2025-02-05 09:18:01
300822,REQ200822,A.KHAN,AD_FACILITIES,2025-07-25 09:30:26
300823,REQ200823,L.NAIR,AD_FACILITIES,2025-08-13 10:20:06
300824,REQ200824,J.THOMAS,AD_OPERATIONS,2025-06-30 10:54:11
300826,REQ200826,S.HASSAN,AD_HQ,2025-11-18 09:00:00
300827,REQ200827,L.NAIR,AD_HQ,2025-11-03 10:54:23
300828,REQ200828,N.SAEED,AD_OPERATIONS,2026-07-06 10:55:33
300830,REQ200830,S.HASSAN,AD_HQ,2025-11-21 11:52:52
300831,REQ200831,A.KHAN,AD_OPERATIONS,2025-05-27 08:43:42
300832,REQ200832,F.ALI,AD_HQ,2026-02-23 13:13:34
300833,REQ200833,S.HASSAN,AD_HQ,2024-10-21 09:37:55
300834,REQ200834,R.MENON,AD_HQ,2024-12-27 08:20:44
300835,REQ200835,M.RAHMAN,AD_FACILITIES,2026-08-07 10:53:47
300836,REQ200836,F.ALI,AD_OPERATIONS,2025-10-01 08:16:42
300837,REQ200837,F.ALI,AD_OPERATIONS,2025-03-13 09:30:52
300838,REQ200838,S.HASSAN,AD_HQ,2025-06-24 10:11:17
300841,REQ200841,A.KHAN,AD_OPERATIONS,2026-04-13 08:10:01
300842,REQ200842,J.THOMAS,AD_HQ,2025-09-01 12:12:50
300843,REQ200843,A.KHAN,AD_FACILITIES,2025-03-17 10:35:54
300844,REQ200844,M.RAHMAN,AD_HQ,2025-03-31 09:48:56
300845,REQ200845,N.SAEED,AD_HQ,2026-02-10 10:23:33
300846,REQ200846,R.MENON,AD_FACILITIES,2026-01-05 09:21:34
300847,REQ200847,A.KHAN,AD_FACILITIES,2025-12-18 10:29:19
300848,REQ200848,A.KHAN,AD_FACILITIES,2024-12-02 08:23:04
300849,REQ200849,J.THOMAS,AD_FACILITIES,2026-09-14 10:12:16
300850,REQ200850,F.ALI,AD_FACILITIES,2026-03-26 09:02:57
300851,REQ200851,L.NAIR,AD_FACILITIES,2025-10-23 08:03:19
300852,REQ200852,L.NAIR,AD_HQ,2026-06-24 08:58:38
300853,REQ200853,F.ALI,AD_OPERATIONS,2026-09-09 08:26:10
300854,REQ200854,F.ALI,AD_HQ,2026-05-06 09:31:14
300856,REQ200856,A.KHAN,AD_FACILITIES,2026-02-13 09:09:56
300857,REQ200857,F.ALI,AD_FACILITIES,2025-02-26 10:01:41
300858,REQ200858,A.KHAN,AD_FACILITIES,2025-05-12 09:45:41
300859,REQ200859,R.MENON,AD_OPERATIONS,2026-07-13 11:12:37
300860,REQ200860,F.ALI,AD_HQ,2026-08-27 17:19:32
300861,REQ200861,A.KHAN,AD_FACILITIES,2026-02-23 13:14:08
300862,REQ200862,R.MENON,AD_HQ,2024-12-13 10:53:23
300863,REQ200863,N.SAEED,AD_HQ,2026-03-17 08:01:23
300865,REQ200865,L.NAIR,AD_HQ,2025-02-25 17:28:31
300866,REQ200866,F.ALI,AD_FACILITIES,2025-01-15 09:40:55
300867,REQ200867,F.ALI,AD_HQ,2024-12-23 11:33:06
300869,REQ200869,A.KHAN,AD_HQ,2025-07-09 17:39:58
300871,REQ200871,M.RAHMAN,AD_HQ,2026-08-28 09:38:38
300872,REQ200872,N.SAEED,AD_FACILITIES,2025-08-11 08:38:58
300873,REQ200873,R.MENON,AD_HQ,2024-12-12 08:20:51
300874,REQ200874,S.HASSAN,AD_FACILITIES,2026-05-11 10:03:50
300875,REQ200875,F.ALI,AD_HQ,2025-06-06 08:38:34
300876,REQ200876,J.THOMAS,AD_FACILITIES,2025-04-17 09:37:15
300877,REQ200877,M.RAHMAN,AD_OPERATIONS,2026-04-29 09:26:26
300878,REQ200878,J.THOMAS,AD_FACILITIES,2025-11-06 10:32:42
300879,REQ200879,F.ALI,AD_HQ,2026-01-30 08:49:07
300880,REQ200880,S.HASSAN,AD_HQ,2026-08-25 16:30:31
300883,REQ200883,S.HASSAN,AD_FACILITIES,2026-06-17 09:16:38
300884,REQ200884,A.KHAN,AD_FACILITIES,2026-04-01 15:45:32
300885,REQ200885,R.MENON,AD_FACILITIES,2025-05-19 08:00:22
300886,REQ200886,N.SAEED,AD_HQ,2026-05-21 09:00:19
300887,REQ200887,F.ALI,AD_OPERATIONS,2026-08-12 09:13:04
300888,REQ200888,M.RAHMAN,AD_HQ,2026-05-06 08:55:33
300889,REQ200889,S.HASSAN,AD_OPERATIONS,2026-05-18 08:07:07
300890,REQ200890,R.MENON,AD_HQ,2025-03-20 10:06:20
300891,REQ200891,F.ALI,AD_OPERATIONS,2026-04-01 14:23:10
300893,REQ200893,F.ALI,AD_FACILITIES,2026-07-16 14:33:22
300894,REQ200894,A.KHAN,AD_HQ,2024-10-25 08:24:34
300895,REQ200895,L.NAIR,AD_HQ,2024-10-28 11:54:21
300896,REQ200896,N.SAEED,AD_FACILITIES,2025-12-08 10:03:19
300897,REQ200897,S.HASSAN,AD_FACILITIES,2025-01-06 10:18:10
300898,REQ200898,F.ALI,AD_HQ,2025-01-14 10:50:24
300899,REQ200899,M.RAHMAN,AD_HQ,2025-10-30 14:24:58
300901,REQ200901,A.KHAN,AD_FACILITIES,2025-12-16 15:31:59
300903,REQ200903,A.KHAN,AD_OPERATIONS,2026-04-03 11:06:28
300904,REQ200904,N.SAEED,AD_HQ,2024-12-23 08:49:48
300905,REQ200905,J.THOMAS,AD_HQ,2024-12-02 17:14:27
300907,REQ200907,J.THOMAS,AD_HQ,2025-06-23 10:13:46
300908,REQ200908,R.MENON,AD_OPERATIONS,2025-12-03 14:49:00
300909,REQ200909,N.SAEED,AD_FACILITIES,2026-03-16 10:20:35
300910,REQ200910,N.SAEED,AD_OPERATIONS,2026-05-15 12:18:03
300911,REQ200911,J.THOMAS,AD_OPERATIONS,2025-11-21 10:09:38
300912,REQ200912,M.RAHMAN,AD_OPERATIONS,2026-06-22 09:27:06
300914,REQ200914,N.SAEED,AD_HQ,2025-01-06 10:46:00
300915,REQ200915,A.KHAN,AD_HQ,2025-08-08 10:40:05
300916,REQ200916,J.THOMAS,AD_HQ,2026-09-14 08:24:54
300917,REQ200917,R.MENON,AD_FACILITIES,2025-12-29 09:04:22
300919,REQ200919,R.MENON,AD_FACILITIES,2026-03-02 08:10:47
300920,REQ200920,R.MENON,AD_OPERATIONS,2026-09-01 17:38:51
300921,REQ200921,R.MENON,AD_OPERATIONS,2026-05-04 10:38:38
300922,REQ200922,J.THOMAS,AD_HQ,2026-01-22 08:16:44
300925,REQ200925,A.KHAN,AD_FACILITIES,2025-05-19 09:21:42
300928,REQ200928,M.RAHMAN,AD_OPERATIONS,2024-11-29 10:46:29
300929,REQ200929,F.ALI,AD_FACILITIES,2026-07-21 10:48:16
300930,REQ200930,L.NAIR,AD_FACILITIES,2025-04-21 08:14:21
300931,REQ200931,F.ALI,AD_HQ,2026-02-12 17:42:22
300932,REQ200932,N.SAEED,AD_OPERATIONS,2026-05-28 08:42:12
300933,REQ200933,S.HASSAN,AD_OPERATIONS,2025-09-01 10:25:23
300934,REQ200934,R.MENON,AD_HQ,2026-02-23 08:43:46
300936,REQ200936,F.ALI,AD_OPERATIONS,2025-12-22 09:22:41
300937,REQ200937,F.ALI,AD_HQ,2025-03-04 10:54:03
300939,REQ200939,F.ALI,AD_OPERATIONS,2026-05-12 10:45:12
300940,REQ200940,L.NAIR,AD_HQ,2026-08-20 16:49:26
300941,REQ200941,N.SAEED,AD_HQ,2026-05-06 16:20:59
300942,REQ200942,M.RAHMAN,AD_HQ,2025-01-24 08:16:29
300944,REQ200944,S.HASSAN,AD_OPERATIONS,2025-12-08 09:00:19
300945,REQ200945,A.KHAN,AD_OPERATIONS,2025-03-03 10:56:45
300946,REQ200946,M.RAHMAN,AD_HQ,2026-08-14 12:56:04
300947,REQ200947,M.RAHMAN,AD_OPERATIONS,2025-12-25 08:24:20
300948,REQ200948,F.ALI,AD_FACILITIES,2024-10-08 16:52:16
300950,REQ200950,R.MENON,AD_OPERATIONS,2026-01-27 10:40:43
300951,REQ200951,J.THOMAS,AD_OPERATIONS,2026-06-11 10:41:44
300952,REQ200952,L.NAIR,AD_FACILITIES,2025-10-13 08:52:48
300953,REQ200953,J.THOMAS,AD_FACILITIES,2025-11-03 15:31:49
300954,REQ200954,R.MENON,AD_OPERATIONS,2025-10-21 08:50:36
300955,REQ200955,N.SAEED,AD_OPERATIONS,2026-04-13 09:44:18
300956,REQ200956,S.HASSAN,AD_FACILITIES,2026-03-30 09:35:09
300957,REQ200957,N.SAEED,AD_HQ,2025-01-13 09:47:46
300958,REQ200958,R.MENON,AD_FACILITIES,2026-05-19 09:48:16
300959,REQ200959,J.THOMAS,AD_FACILITIES,2026-06-10 17:17:12
300960,REQ200960,A.KHAN,AD_OPERATIONS,2026-07-08 08:53:37
300961,REQ200961,J.THOMAS,AD_FACILITIES,2025-08-25 08:42:15
300962,REQ200962,M.RAHMAN,AD_HQ,2025-05-22 08:35:06
300963,REQ200963,M.RAHMAN,AD_OPERATIONS,2026-06-08 08:22:26
300964,REQ200964,S.HASSAN,AD_OPERATIONS,2026-06-25 10:07:40
300965,REQ200965,S.HASSAN,AD_FACILITIES,2026-07-17 09:54:22
300967,REQ200967,J.THOMAS,AD_FACILITIES,2024-11-25 12:05:06
300970,REQ200970,M.RAHMAN,AD_HQ,2025-01-13 15:15:00
300971,REQ200971,S.HASSAN,AD_OPERATIONS,2024-10-15 09:03:10
300972,REQ200972,N.SAEED,AD_HQ,2025-06-03 08:30:14
300973,REQ200973,J.THOMAS,AD_HQ,2025-07-07 12:52:08
300974,REQ200974,M.RAHMAN,AD_FACILITIES,2025-08-07 09:00:11
300977,REQ200977,N.SAEED,AD_FACILITIES,2025-03-28 14:38:56
300978,REQ200978,F.ALI,AD_FACILITIES,2026-03-09 08:02:40
300979,REQ200979,S.HASSAN,AD_FACILITIES,2026-03-26 08:32:47
300982,REQ200982,R.MENON,AD_FACILITIES,2024-10-15 09:41:49
300983,REQ200983,N.SAEED,AD_OPERATIONS,2025-03-21 10:47:43
300984,REQ200984,L.NAIR,AD_FACILITIES,2025-06-16 09:13:01
300985,REQ200985,F.ALI,AD_FACILITIES,2025-02-21 10:46:08
300987,REQ200987,J.THOMAS,AD_HQ,2026-04-24 13:04:43
300988,REQ200988,L.NAIR,AD_OPERATIONS,2025-04-18 16:31:04
300990,REQ200990,F.ALI,AD_OPERATIONS,2026-01-13 08:41:53
300991,REQ200991,S.HASSAN,AD_HQ,2024-10-14 15:01:14
300992,REQ200992,M.RAHMAN,AD_FACILITIES,2025-05-23 10:34:47
300993,REQ200993,J.THOMAS,AD_FACILITIES,2024-12-18 09:15:01
300994,REQ200994,J.THOMAS,AD_HQ,2026-08-17 08:54:56
300995,REQ200995,L.NAIR,AD_FACILITIES,2025-04-04 08:15:42
300996,REQ200996,L.NAIR,AD_OPERATIONS,2026-06-24 09:47:17
300997,REQ200997,L.NAIR,AD_HQ,2024-10-23 10:49:05
300998,REQ200998,R.MENON,AD_OPERATIONS,2026-02-16 08:04:32
300999,REQ200999,L.NAIR,AD_HQ,2026-04-02 08:46:06
301000,REQ201000,F.ALI,AD_OPERATIONS,2024-12-25 08:43:01
301004,REQ201004,J.THOMAS,AD_FACILITIES,2026-01-29 10:11:55
301005,REQ201005,R.MENON,AD_FACILITIES,2026-04-16 09:36:20
301006,REQ201006,A.KHAN,AD_HQ,2025-09-08 13:07:44
301007,REQ201007,R.MENON,AD_OPERATIONS,2026-04-10 17:00:40
301008,REQ201008,M.RAHMAN,AD_OPERATIONS,2024-11-28 09:23:06
301009,REQ201009,L.NAIR,AD_FACILITIES,2025-01-03 08:30:57
301010,REQ201010,S.HASSAN,AD_OPERATIONS,2025-06-05 13:02:17
301011,REQ201011,L.NAIR,AD_FACILITIES,2026-03-26 13:42:57
301012,REQ201012,R.MENON,AD_OPERATIONS,2025-06-03 09:55:56
301013,REQ201013,R.MENON,AD_HQ,2025-07-14 08:53:19
301014,REQ201014,S.HASSAN,AD_FACILITIES,2026-05-25 08:14:11
301015,REQ201015,S.HASSAN,AD_FACILITIES,2024-10-14 08:18:39
301016,REQ201016,J.THOMAS,AD_FACILITIES,2025-04-16 15:36:12
301017,REQ201017,L.NAIR,AD_HQ,2025-03-10 08:10:51
301018,REQ201018,M.RAHMAN,AD_FACILITIES,2025-04-28 13:20:30
301019,REQ201019,N.SAEED,AD_HQ,2025-08-25 16:40:13
301020,REQ201020,J.THOMAS,AD_HQ,2025-01-02 14:27:23
301021,REQ201021,A.KHAN,AD_HQ,2024-11-04 08:34:18
301022,REQ201022,R.MENON,AD_FACILITIES,2024-11-04 14:40:29
301023,REQ201023,N.SAEED,AD_FACILITIES,2026-03-02 15:39:36
301024,REQ201024,L.NAIR,AD_FACILITIES,2025-05-21 10:17:59
301025,REQ201025,R.MENON,AD_OPERATIONS,2025-09-29 12:41:48
301026,REQ201026,L.NAIR,AD_HQ,2024-11-28 08:52:09
301027,REQ201027,A.KHAN,AD_HQ,2024-10-10 08:26:05
301028,REQ201028,S.HASSAN,AD_HQ,2025-09-22 13:04:45
301029,REQ201029,N.SAEED,AD_HQ,2025-01-03 08:58:35
301030,REQ201030,S.HASSAN,AD_OPERATIONS,2026-02-19 10:33:49
301031,REQ201031,J.THOMAS,AD_OPERATIONS,2025-07-10 08:55:53
301032,REQ201032,N.SAEED,AD_OPERATIONS,2025-08-11 11:44:07
301034,REQ201034,J.THOMAS,AD_FACILITIES,2026-06-19 13:57:56
301035,REQ201035,N.SAEED,AD_HQ,2024-11-19 10:45:37
301036,REQ201036,M.RAHMAN,AD_HQ,2026-01-06 09:53:09
301037,REQ201037,L.NAIR,AD_FACILITIES,2026-08-06 10:18:13
301038,REQ201038,F.ALI,AD_OPERATIONS,2025-09-16 08:43:15
301039,REQ201039,R.MENON,AD_HQ,2026-08-26 08:59:19
301040,REQ201040,N.SAEED,AD_OPERATIONS,2026-04-21 08:38:22
301041,REQ201041,A.KHAN,AD_OPERATIONS,2025-01-20 10:56:39
301042,REQ201042,R.MENON,AD_FACILITIES,2026-02-06 09:49:39
301043,REQ201043,M.RAHMAN,AD_FACILITIES,2025-06-05 10:17:52
301044,REQ201044,F.ALI,AD_HQ,2025-04-21 08:05:13
301045,REQ201045,J.THOMAS,AD_HQ,2025-05-27 10:08:00
301046,REQ201046,S.HASSAN,AD_HQ,2025-03-17 10:47:01
301047,REQ201047,N.SAEED,AD_OPERATIONS,2024-10-15 10:13:40
301048,REQ201048,R.MENON,AD_HQ,2025-03-14 10:51:08
301049,REQ201049,N.SAEED,AD_HQ,2025-09-01 09:50:33
301050,REQ201050,L.NAIR,AD_OPERATIONS,2026-05-18 13:47:48
301052,REQ201052,L.NAIR,AD_FACILITIES,2025-06-25 13:29:09
301053,REQ201053,A.KHAN,AD_OPERATIONS,2026-05-08 10:24:40
301054,REQ201054,L.NAIR,AD_FACILITIES,2026-05-05 11:23:29
301056,REQ201056,L.NAIR,AD_FACILITIES,2026-06-12 09:41:42
301058,REQ201058,L.NAIR,AD_OPERATIONS,2026-02-16 11:00:24
301059,REQ201059,J.THOMAS,AD_HQ,2026-09-04 09:53:36
301060,REQ201060,J.THOMAS,AD_FACILITIES,2026-02-05 09:30:30
301061,REQ201061,L.NAIR,AD_OPERATIONS,2025-11-26 09:38:00
301062,REQ201062,N.SAEED,AD_FACILITIES,2026-04-08 14:10:06
301063,REQ201063,S.HASSAN,AD_OPERATIONS,2025-11-04 14:33:35
301064,REQ201064,R.MENON,AD_HQ,2025-12-22 10:07:13
301065,REQ201065,S.HASSAN,AD_HQ,2024-11-26 14:52:13
301067,REQ201067,R.MENON,AD_OPERATIONS,2026-09-09 10:28:28
301068,REQ201068,S.HASSAN,AD_HQ,2025-07-02 09:07:32
301070,REQ201070,M.RAHMAN,AD_OPERATIONS,2025-03-03 08:07:04
301071,REQ201071,R.MENON,AD_FACILITIES,2024-12-16 10:33:41
301072,REQ201072,M.RAHMAN,AD_HQ,2026-07-21 09:00:47
301073,REQ201073,F.ALI,AD_FACILITIES,2025-01-17 10:18:37
301074,REQ201074,L.NAIR,AD_HQ,2025-09-17 08:15:06
301076,REQ201076,N.SAEED,AD_HQ,2026-02-09 15:26:55
301077,REQ201077,N.SAEED,AD_OPERATIONS,2025-12-24 16:24:41
301078,REQ201078,M.RAHMAN,AD_HQ,2025-11-18 17:51:47
301079,REQ201079,N.SAEED,AD_OPERATIONS,2025-01-10 09:35:34
301080,REQ201080,A.KHAN,AD_FACILITIES,2025-04-28 09:41:01
301081,REQ201081,M.RAHMAN,AD_FACILITIES,2025-11-24 09:18:55
301082,REQ201082,M.RAHMAN,AD_HQ,2025-10-06 08:58:30
301083,REQ201083,R.MENON,AD_OPERATIONS,2026-08-31 08:49:04
301084,REQ201084,N.SAEED,AD_FACILITIES,2026-08-18 10:57:46
301085,REQ201085,J.THOMAS,AD_FACILITIES,2026-09-09 11:32:42
301086,REQ201086,F.ALI,AD_HQ,2024-10-24 16:05:01
301087,REQ201087,F.ALI,AD_HQ,2024-12-23 09:10:03
301088,REQ201088,R.MENON,AD_HQ,2024-11-21 09:05:37
301090,REQ201090,N.SAEED,AD_HQ,2025-12-05 10:50:29
301091,REQ201091,J.THOMAS,AD_FACILITIES,2026-06-15 09:16:15
301092,REQ201092,A.KHAN,AD_OPERATIONS,2025-06-10 09:34:14
301093,REQ201093,J.THOMAS,AD_FACILITIES,2025-06-27 10:27:06
301094,REQ201094,S.HASSAN,AD_HQ,2025-01-27 12:44:08
301095,REQ201095,F.ALI,AD_HQ,2026-06-03 08:34:29
301096,REQ201096,M.RAHMAN,AD_HQ,2024-11-04 09:39:57
301097,REQ201097,A.KHAN,AD_HQ,2024-12-12 09:05:57
301098,REQ201098,A.KHAN,AD_HQ,2025-04-29 10:05:23
301099,REQ201099,F.ALI,AD_OPERATIONS,2025-01-27 14:04:34
301100,REQ201100,S.HASSAN,AD_OPERATIONS,2025-05-09 08:11:20
